,mean,std,min,max,median,zero_ratio
0_0_0,0.1774864739281138,0.13554471416537972,0.0,1.0,0.15940921610728281,0.05238095238095238
0_0_1,0.09883148017299997,0.14537718106274522,0.0,1.0,0.039563993180673246,0.2785714285714286
0_0_2,0.09701954349309669,0.13860275184117893,0.0,1.0,0.045114013569995046,0.37142857142857144
0_0_3,0.13143554115716022,0.18859617768636383,0.0,1.0,0.02672560172744215,0.47023809523809523
0_0_4,0.16528277111824366,0.16802492222618912,0.0,1.0,0.1127817765191635,0.07023809523809524
0_0_5,0.1620051516342309,0.16594854687907523,0.0,1.0,0.1099033301803563,0.10357142857142858
0_0_6,0.12268727844026386,0.15500811223991107,0.0,1.0,0.0526337016725489,0.39404761904761904
0_0_7,0.11038506044136752,0.15568709979193512,0.0,1.0,0.0224868846192062,0.4666666666666667
0_0_8,0.167864142280613,0.11861941968532219,0.0,1.0,0.1443214501298296,0.01904761904761905
0_0_9,0.09717949070117379,0.1205708692334862,0.0,1.0,0.037947531186483946,0.0869047619047619
0_0_10,0.13262612181352176,0.15384832859194209,0.0,1.0,0.0856981609218196,0.19404761904761905
0_0_11,0.09153782420209729,0.1293655499550579,0.0,1.0,0.05001452807353855,0.16547619047619047
0_0_12,0.19161510958055306,0.1874886010442572,0.0,1.0,0.1265172640602497,0.10476190476190476
0_0_13,0.16477433881101153,0.15936056109470118,0.0,1.0,0.11879831806927715,0.1261904761904762
0_0_14,0.17916183316668238,0.17379162703816733,0.0,1.0,0.1315522503480251,0.14761904761904762
0_0_15,0.20542565942013424,0.19768846583842944,0.0,1.0,0.1591290441092774,0.14761904761904762
0_0_16,0.14836640403092016,0.17531971789760123,0.0,1.0,0.09614859115079219,0.2976190476190476
0_0_17,0.23990082536866988,0.1680837740122781,0.0,1.0,0.24326857925012504,0.04880952380952381
0_0_18,0.2972596390168099,0.20139594929469423,0.0,1.0,0.2691943239860136,0.02857142857142857
0_0_19,0.1818457857296003,0.16116217717468692,0.0,1.0,0.14377104667380114,0.04642857142857143
0_0_20,0.17968922981861046,0.15749397189196515,0.0,1.0,0.15534099198877066,0.07976190476190476
0_0_21,0.11414263556117835,0.1290246315062554,0.0,1.0,0.07767552682335141,0.11666666666666667
0_0_22,0.21719497750017674,0.189000395517526,0.0,1.0,0.1789268724063922,0.08571428571428572
0_0_23,0.16615273062583394,0.16084441430758223,0.0,1.0,0.1305299855245808,0.12023809523809524
0_0_24,0.10878825838576156,0.14516087692461196,0.0,1.0,0.05093980896642575,0.39404761904761904
0_0_25,0.11510411196525462,0.15306712507417283,0.0,1.0,0.058700148806580296,0.36904761904761907
0_0_26,0.08276226878831545,0.10461556776154315,0.0,1.0,0.055935140057396096,0.25
0_0_27,0.06130255692261046,0.10059619595926701,0.0,1.0,0.0266626599470234,0.37857142857142856
0_0_28,0.15527468015122,0.2003989127131619,0.0,1.0,0.06443745952351145,0.3952380952380952
0_0_29,0.08546902199692381,0.10684516236097658,0.0,1.0,0.0542707405518246,0.2619047619047619
0_0_30,0.05147639353006352,0.08764250179800016,0.0,1.0,0.022386207997678202,0.3678571428571429
0_0_31,0.15708438943218633,0.20675998833895418,0.0,1.0,0.042141605404231244,0.45595238095238094
0_1_0,0.10904683131861086,0.16708622646888127,0.0,1.0,0.0,0.5238095238095238
0_1_1,0.12683603336400748,0.1536048108857731,0.0,1.0,0.07205900716516325,0.19285714285714287
0_1_2,0.08696384881570264,0.13338613629745275,0.0,1.0,0.0421663980630962,0.3464285714285714
0_1_3,0.0683552746006878,0.12741230826290426,0.0,1.0,0.025199112050866397,0.3333333333333333
0_1_4,0.12656493031876945,0.15611399567516887,0.0,1.0,0.07888812716279645,0.19285714285714287
0_1_5,0.11159673989468571,0.140145290766764,0.0,1.0,0.06235435166773175,0.18214285714285713
0_1_6,0.23995100331299737,0.21336805285812085,0.0,1.0,0.20172356392013,0.1738095238095238
0_1_7,0.23408263701630355,0.15821130304715963,0.0,1.0,0.2128415452886605,0.0380952380952381
0_1_8,0.09730012371991324,0.1263737890197602,0.0,1.0,0.0421580335417372,0.4107142857142857
0_1_9,0.11945343617087875,0.16346233274037286,0.0,1.0,0.05391060603042895,0.21785714285714286
0_1_10,0.08134400023575639,0.10235413039433582,0.0,1.0,0.056445449977323606,0.23333333333333334
0_1_11,0.11900123682973725,0.14735294753952563,0.0,1.0,0.06498341649474079,0.13690476190476192
0_1_12,0.2160537165447392,0.1947009944230791,0.0,1.0,0.17999296571561546,0.08333333333333333
0_1_13,0.26810306986136445,0.19570369961070122,0.0,1.0,0.2480699131137133,0.015476190476190477
0_1_14,0.2641271609613208,0.18710950454511008,0.0,1.0,0.2453048331586723,0.025
0_1_15,0.1747460971604103,0.1478547922280286,0.0,1.0,0.143371654986926,0.047619047619047616
0_1_16,0.11719840200597627,0.17032528322266366,0.0,1.0,0.01624287113652125,0.475
0_1_17,0.07745477189075052,0.10012630693144053,0.0,1.0,0.04963108649056125,0.21071428571428572
0_1_18,0.13327760088580887,0.11700689796132674,0.0,1.0,0.10493990628748659,0.05238095238095238
0_1_19,0.12190985657910175,0.14951112521749926,0.0,1.0,0.07494409465104065,0.16428571428571428
0_1_20,0.24206843678989473,0.18327813651148597,0.0,1.0,0.2232581111210436,0.09047619047619047
0_1_21,0.12622031239908377,0.14717274020458385,0.0,1.0,0.089851732720895,0.18571428571428572
0_1_22,0.10938502056198003,0.15387467957786877,0.0,1.0,0.05644447058216095,0.3130952380952381
0_1_23,0.08157540614658347,0.11314600568101289,0.0,1.0,0.026568730749496353,0.44047619047619047
0_1_24,0.05397581871197096,0.09953952707007872,0.0,1.0,0.0020278607684802,0.49642857142857144
0_1_25,0.08373710715338387,0.12781675503251935,0.0,1.0,0.0,0.5071428571428571
0_1_26,0.06923920868937425,0.09341901952230477,0.0,1.0,0.0386353830536919,0.34404761904761905
0_1_27,0.1196608360950759,0.1552185184787693,0.0,1.0,0.06219453938198165,0.3464285714285714
0_1_28,0.14402142376008004,0.18359143520066926,0.0,1.0,0.07221253442469944,0.4011904761904762
0_1_29,0.05621800096603694,0.08268728916136495,0.0,1.0,0.01539525214424605,0.44761904761904764
0_1_30,0.06924247629211985,0.100576065784864,0.0,1.0,0.021174374886534002,0.42142857142857143
0_1_31,0.09830309626476588,0.13289736450671677,0.0,1.0,0.0273457351952412,0.44761904761904764
0_2_0,0.146928725356469,0.18859568917843153,0.0,1.0,0.063769229308621,0.4154761904761905
0_2_1,0.2133178710954578,0.18863241803619304,0.0,1.0,0.16361652223717305,0.05238095238095238
0_2_2,0.10024795490028092,0.12773739244593252,0.0,1.0,0.0552235054156777,0.3261904761904762
0_2_3,0.13903925756911656,0.1801126732848731,0.0,1.0,0.06873237080082704,0.35833333333333334
0_2_4,0.09164032784740002,0.13121901733048574,0.0,1.0,0.04445174547832245,0.35833333333333334
0_2_5,0.18133394648716308,0.16896628189847687,0.0,1.0,0.1341558284669085,0.06428571428571428
0_2_6,0.1196736166771421,0.1444183968242946,0.0,1.0,0.0654962356694887,0.1619047619047619
0_2_7,0.0392402819493972,0.06734189914083177,0.0,1.0,0.02030124712851125,0.3476190476190476
0_2_8,0.11893477880473839,0.16988925025252333,0.0,1.0,0.014965169314811351,0.47023809523809523
0_2_9,0.1237619894340507,0.15258350616196667,0.0,1.0,0.07602885267840705,0.3130952380952381
0_2_10,0.06885289549497996,0.09243362774410299,0.0,1.0,0.0353980024237465,0.35595238095238096
0_2_11,0.1358333496027577,0.1770020479931166,0.0,1.0,0.060389143146586804,0.3107142857142857
0_2_12,0.07565639460177301,0.09536123550484493,0.0,1.0,0.03254760277128515,0.18214285714285713
0_2_13,0.1824853851253661,0.1666398456977965,0.0,1.0,0.13345996808543992,0.08928571428571429
0_2_14,0.1923358511733132,0.1891554299194558,0.0,1.0,0.1358493930244952,0.10714285714285714
0_2_15,0.15221794999384108,0.14394137674068508,0.0,1.0,0.114428177291787,0.1130952380952381
0_2_16,0.08203577878255325,0.1029542000505611,0.0,1.0,0.04786071322508635,0.3404761904761905
0_2_17,0.17830019132198663,0.16962089593733817,0.0,1.0,0.1384580707093785,0.17023809523809524
0_2_18,0.108897887317016,0.12208142304860045,0.0,1.0,0.07282150882378774,0.225
0_2_19,0.14742436585273533,0.16467856986960955,0.0,1.0,0.09046417804062215,0.1773809523809524
0_2_20,0.05474591175463831,0.07738027357768533,0.0,1.0,0.036736127637976804,0.1488095238095238
0_2_21,0.2728776622019593,0.21558897833606894,0.0,1.0,0.20947357979342573,0.02738095238095238
0_2_22,0.2972368889826626,0.1859254495143052,0.0,1.0,0.27266786914370467,0.009523809523809525
0_2_23,0.22646802485579534,0.1585218711531083,0.0,1.0,0.20385131159793374,0.02857142857142857
0_2_24,0.0861391325186754,0.12431614679726422,0.0,1.0,0.0136515628447632,0.4726190476190476
0_2_25,0.23489493882057413,0.22270848307920346,0.0,1.0,0.15608560353457152,0.013095238095238096
0_2_26,0.19493506790097598,0.17239686115436628,0.0,1.0,0.1501405394323927,0.0380952380952381
0_2_27,0.12791332747036202,0.15932363902800828,0.0,1.0,0.07998201135997596,0.3333333333333333
0_2_28,0.15004555340723996,0.17449400207030016,0.0,1.0,0.09248188372797164,0.33690476190476193
0_2_29,0.16085087493181294,0.19071527902846752,0.0,1.0,0.0961046802057514,0.20476190476190476
0_2_30,0.07978345253695596,0.12526661448574156,0.0,1.0,0.03637170999657055,0.3142857142857143
0_2_31,0.09577378208097966,0.14115880650747847,0.0,1.0,0.01225962525902325,0.48095238095238096
1_0_0,0.09793788640916697,0.14224707979225668,0.0,1.0,0.0175690303868982,0.475
1_0_1,0.1474089744183539,0.18995429633778582,0.0,1.0,0.05288383816562475,0.425
1_0_2,0.1188166952613202,0.16788314554447772,0.0,1.0,0.0264286347689041,0.46190476190476193
1_0_3,0.07655296738955342,0.11443225390514841,0.0,1.0,0.02147325761849295,0.42142857142857143
1_0_4,0.12307870427167504,0.16901655000441157,0.0,1.0,0.056574746105209045,0.29642857142857143
1_0_5,0.039570242909850936,0.07865764968023374,0.0,1.0,0.004196105041042401,0.4845238095238095
1_0_6,0.09812360950872771,0.12428710695363496,0.0,1.0,0.051104322908442454,0.37142857142857144
1_0_7,0.14803808361817666,0.20561574100323213,0.0,1.0,0.0114594140447878,0.48333333333333334
1_0_8,0.05953277674343128,0.08457454740780922,0.0,1.0,0.021385425538630203,0.4297619047619048
1_0_9,0.11025586522153781,0.14775605263375047,0.0,1.0,0.047731479677315905,0.3904761904761905
1_0_10,0.08922800700093704,0.1168183543426386,0.0,1.0,0.05053420519160895,0.12976190476190477
1_0_11,0.16534137632611978,0.15945806546106472,0.0,1.0,0.11777993957801461,0.060714285714285714
1_0_12,0.17967091387701814,0.17413887641535114,0.0,1.0,0.1450545059948402,0.09404761904761905
1_0_13,0.28491355652239453,0.18361955215507075,0.0,1.0,0.2684145477688704,0.025
1_0_14,0.3126972333876969,0.1893589313483062,0.0,1.0,0.29401117161086643,0.010714285714285714
1_0_15,0.12131904392525884,0.1609697648284402,0.0,1.0,0.0565797813661591,0.4035714285714286
1_0_16,0.1443180458198765,0.18857480073051863,0.0,1.0,0.04881715228013525,0.4392857142857143
1_0_17,0.12057881100182072,0.13548580238246438,0.0,1.0,0.08265895731080114,0.30952380952380953
1_0_18,0.3112889891199455,0.18116726285559906,0.0,1.0,0.27833996514854076,0.008333333333333333
1_0_19,0.2873859121697799,0.1824078905696009,0.0,1.0,0.2738903530704482,0.023809523809523808
1_0_20,0.20188814986286724,0.18854158627593348,0.0,1.0,0.13566281030875366,0.01904761904761905
1_0_21,0.24649716073455702,0.16314310261355758,0.0,1.0,0.21731730402744798,0.002380952380952381
1_0_22,0.2735611787721782,0.1717381890694242,0.0,1.0,0.246753678007594,0.013095238095238096
1_0_23,0.10334802842837013,0.12759314865865165,0.0,1.0,0.06172222833698915,0.3392857142857143
1_0_24,0.13828375219833808,0.2067544437039813,0.0,1.0,0.0,0.5035714285714286
1_0_25,0.08664991773900817,0.12917595721098407,0.0,1.0,0.01150983067185825,0.47619047619047616
1_0_26,0.09736985757108678,0.1533157596142362,0.0,1.0,0.0,0.5369047619047619
1_0_27,0.12396633037768828,0.18201334494029858,0.0,1.0,0.00828204979991215,0.4869047619047619
1_0_28,0.11744424873040414,0.15916987513622563,0.0,1.0,0.0445122171491614,0.4083333333333333
1_0_29,0.12509789609680375,0.15866725104747867,0.0,1.0,0.06003899588214845,0.36666666666666664
1_0_30,0.13125332701774653,0.17337080745395902,0.0,1.0,0.048539028073266155,0.4095238095238095
1_0_31,0.09459639476196097,0.1395673282381294,0.0,1.0,0.0,0.5119047619047619
1_1_0,0.11788435392142968,0.16779786893557042,0.0,1.0,0.011580937211314351,0.48214285714285715
1_1_1,0.15069163186170262,0.1575009223105799,0.0,1.0,0.12035341709373865,0.24404761904761904
1_1_2,0.12233076082470849,0.17326892861916177,0.0,1.0,0.02630636131034535,0.4607142857142857
1_1_3,0.13676762481233753,0.17618591809441433,0.0,1.0,0.060768311000383796,0.41309523809523807
1_1_4,0.06215316579246035,0.09768271940637692,0.0,1.0,0.02602937101823095,0.39404761904761904
1_1_5,0.1297919993767496,0.15478084305586307,0.0,1.0,0.0796709268173787,0.3261904761904762
1_1_6,0.08842610899842501,0.10348325474778168,0.0,1.0,0.0572299560483664,0.2392857142857143
1_1_7,0.11732865064885002,0.16533757002956628,0.0,1.0,0.019961253201237948,0.4714285714285714
1_1_8,0.352840824254076,0.24559470994678861,0.0,1.0,0.3765514528282792,0.014285714285714285
1_1_9,0.22366150168083523,0.18398744980409695,0.0,1.0,0.21865345119963556,0.039285714285714285
1_1_10,0.09054178962503356,0.10478636785763085,0.0,1.0,0.06282787075176555,0.14523809523809525
1_1_11,0.1999252181274446,0.14504483170167884,0.0,1.0,0.17911923000138524,0.039285714285714285
1_1_12,0.236206865464056,0.1801480080298086,0.0,1.0,0.18964459152290797,0.02738095238095238
1_1_13,0.22334893518066368,0.18698850963553448,0.0,1.0,0.1773598683293611,0.06428571428571428
1_1_14,0.07959738019819473,0.08600982506990537,0.0,1.0,0.06494905403735834,0.11785714285714285
1_1_15,0.17261910103998013,0.159326700624714,0.0,1.0,0.13174028510800334,0.023809523809523808
1_1_16,0.06709746537315048,0.086690914786706,0.0,1.0,0.044260477373485596,0.2761904761904762
1_1_17,0.08022456241661291,0.0898631233818565,0.0,1.0,0.04656157151999375,0.11190476190476191
1_1_18,0.2925306916034912,0.16372307654749937,0.0,1.0,0.2760238283047307,0.005952380952380952
1_1_19,0.40928698302007105,0.18124471223888172,0.0,1.0,0.39075961116923763,0.0035714285714285713
1_1_20,0.3086299712921643,0.19198621745476724,0.0,1.0,0.2647726304507763,0.0035714285714285713
1_1_21,0.23762832015507174,0.16723418172541024,0.0,1.0,0.2042025280621781,0.017857142857142856
1_1_22,0.26583640119094126,0.17945779388338345,0.0,1.0,0.222010285933707,0.011904761904761904
1_1_23,0.13974044573800687,0.14453513974497423,0.0,1.0,0.10781906020075191,0.19285714285714287
1_1_24,0.11825602736513442,0.16428936117444634,0.0,1.0,0.02272093441040545,0.4666666666666667
1_1_25,0.09281070011229564,0.12198539231666762,0.0,1.0,0.0421171016143302,0.40714285714285714
1_1_26,0.15347175908430485,0.20675005992210888,0.0,1.0,0.032828773806278,0.46904761904761905
1_1_27,0.106115489782041,0.14461051913798223,0.0,1.0,0.04085943180092125,0.4142857142857143
1_1_28,0.05483340727631742,0.09546311730654689,0.0,1.0,0.00649487120665205,0.47619047619047616
1_1_29,0.08688867639957633,0.11763179515637472,0.0,1.0,0.04303870253520441,0.37142857142857144
1_1_30,0.11543725777148249,0.16067561187570242,0.0,1.0,0.027168791915124002,0.46190476190476193
1_1_31,0.1457024254653535,0.21113676377372476,0.0,1.0,0.0042461168290857994,0.49047619047619045
1_2_0,0.14041865174897308,0.193942868074008,0.0,1.0,0.04713682442772705,0.44285714285714284
1_2_1,0.10250727054276376,0.13668454113919312,0.0,1.0,0.0506490249200321,0.38333333333333336
1_2_2,0.10414453686169818,0.15454342408409452,0.0,1.0,0.0,0.5011904761904762
1_2_3,0.11762550891864997,0.17492710915814264,0.0,1.0,0.01522269044933985,0.4797619047619048
1_2_4,0.06278263915336195,0.10571849814761042,0.0,1.0,0.0156255671741538,0.44285714285714284
1_2_5,0.0632258068926709,0.09573380543327173,0.0,1.0,0.008468510576193449,0.4773809523809524
1_2_6,0.13794913574048237,0.1899323699639252,0.0,1.0,0.0658148657969375,0.35714285714285715
1_2_7,0.11792944028517628,0.1647480592708935,0.0,1.0,0.01186039546852665,0.4880952380952381
1_2_8,0.17532695322222994,0.13539912147129923,0.0,1.0,0.14891682536997125,0.05952380952380952
1_2_9,0.24448448488859686,0.15670468512628524,0.0,1.0,0.22426495669948135,0.025
1_2_10,0.10991935211504957,0.15273105315650323,0.0,1.0,0.06030745120123785,0.25595238095238093
1_2_11,0.08018823963091146,0.12844259454520182,0.0,1.0,0.04206927364936135,0.3119047619047619
1_2_12,0.18334507582364015,0.20175163946356967,0.0,1.0,0.1030285847669242,0.1880952380952381
1_2_13,0.15836610270209137,0.18948515590211726,0.0,1.0,0.08052656415013695,0.22023809523809523
1_2_14,0.29166623578521195,0.19201956475502713,0.0,1.0,0.2963482152796435,0.01904761904761905
1_2_15,0.24354186588419127,0.206704547855557,0.0,1.0,0.21867176041024838,0.07857142857142857
1_2_16,0.21012618290402124,0.16909860271947752,0.0,1.0,0.17051186692118686,0.05476190476190476
1_2_17,0.2601178125756825,0.18824063797031027,0.0,1.0,0.22045837968431292,0.010714285714285714
1_2_18,0.2333493102837693,0.1659314514069154,0.0,1.0,0.21936851925729683,0.0380952380952381
1_2_19,0.3154401838740398,0.17763266007467296,0.0,1.0,0.29110994001658075,0.005952380952380952
1_2_20,0.31877376752304953,0.19997079039984453,0.0,1.0,0.2904038344527099,0.013095238095238096
1_2_21,0.3353349616501434,0.18670806027536935,0.0,1.0,0.34684306347713795,0.005952380952380952
1_2_22,0.23213862134695862,0.17529214251235092,0.0,1.0,0.20644165746600707,0.07023809523809524
1_2_23,0.1950353115805064,0.1526462511142329,0.0,1.0,0.16021990172322842,0.03214285714285714
1_2_24,0.10966581565157602,0.13444464865540592,0.0,1.0,0.07112955857930664,0.25833333333333336
1_2_25,0.11024814658912117,0.14446947675563382,0.0,1.0,0.05861347344019635,0.37857142857142856
1_2_26,0.09603271105392625,0.1372719584268562,0.0,1.0,0.05066547387619665,0.3416666666666667
1_2_27,0.14912994082027486,0.16220999121226082,0.0,1.0,0.1013607357447661,0.1488095238095238
1_2_28,0.08704560324359875,0.11494214247897983,0.0,1.0,0.0443116993085282,0.37142857142857144
1_2_29,0.12335986860368127,0.16122157010854304,0.0,1.0,0.06390815789852515,0.3761904761904762
1_2_30,0.12867126826771755,0.17240434950956648,0.0,1.0,0.03638307186342865,0.45
1_2_31,0.08788816165693403,0.11976249144693601,0.0,1.0,0.04604435051980395,0.34404761904761905
2_0_0,0.09392611830464169,0.12348779522074614,0.0,1.0,0.0389347726468569,0.4095238095238095
2_0_1,0.052133763978553724,0.08456858670678098,0.0,1.0,0.0282422030112832,0.20952380952380953
2_0_2,0.12862656193972838,0.17552705400118526,0.0,1.0,0.0649207036936909,0.28095238095238095
2_0_3,0.061309513170994395,0.07443405462804585,0.0,1.0,0.04755040897603295,0.13452380952380952
2_0_4,0.08690508376052011,0.13272967842109162,0.0,1.0,0.0379033486286334,0.2619047619047619
2_0_5,0.052225652977795585,0.07868852673481903,0.0,1.0,0.029626815541092498,0.26071428571428573
2_0_6,0.04470116322715298,0.07376548878598738,0.0,1.0,0.02289283503514595,0.3595238095238095
2_0_7,0.13042290039635676,0.18503423466185787,0.0,1.0,0.0092418195062677,0.48928571428571427
2_0_8,0.1491826660425678,0.19463873916727842,0.0,1.0,0.0510422927995155,0.44047619047619047
2_0_9,0.18992265857257987,0.1832310479823613,0.0,1.0,0.12752152543280126,0.07976190476190476
2_0_10,0.09066665980035446,0.13846498539761048,0.0,1.0,0.040748140308473346,0.24166666666666667
2_0_11,0.12180030428931625,0.14257467309341074,0.0,1.0,0.07357631406237615,0.10238095238095238
2_0_12,0.052446725476744796,0.08973622136592296,0.0,1.0,0.023365405689041552,0.26904761904761904
2_0_13,0.08223723215332002,0.1071869362370723,0.0,1.0,0.054686481473871396,0.2976190476190476
2_0_14,0.1276641300566899,0.14475575580518674,0.0,1.0,0.0887157811554263,0.2654761904761905
2_0_15,0.12802495636070188,0.1831323192648551,0.0,1.0,0.00533320820511215,0.49642857142857144
2_0_16,0.07104104142048268,0.10664339885372476,0.0,1.0,0.0002234030510948,0.4976190476190476
2_0_17,0.08962611763131699,0.12878710921791667,0.0,1.0,0.0097741446571414,0.4785714285714286
2_0_18,0.14680986905693508,0.20046336502855613,0.0,1.0,0.0245713923123169,0.4654761904761905
2_0_19,0.08183833608093727,0.10894631094663655,0.0,1.0,0.0410488374455992,0.39285714285714285
2_0_20,0.08388311878989572,0.15775155120365472,0.0,1.0,0.02146474862891435,0.3595238095238095
2_0_21,0.07654133033582346,0.10263208509910093,0.0,1.0,0.033824734946854854,0.42023809523809524
2_0_22,0.10400851957049462,0.1444452009634586,0.0,1.0,0.02841585184235995,0.4523809523809524
2_0_23,0.12794242481183493,0.1705834374405844,0.0,1.0,0.04676474030143345,0.43333333333333335
2_0_24,0.11710380015895308,0.16398373080065454,0.0,1.0,0.016503148539775553,0.4738095238095238
2_0_25,0.06920902552465248,0.10235741966001471,0.0,1.0,0.0307246633810827,0.375
2_0_26,0.025599867229481557,0.05401693853511601,0.0,1.0,0.0053476055432704,0.4523809523809524
2_0_27,0.04798287348706829,0.07901150607838184,0.0,1.0,0.008914867884274001,0.4666666666666667
2_0_28,0.0896320195415439,0.1308184923730186,0.0,1.0,0.0389191626539161,0.3952380952380952
2_0_29,0.0871681527499464,0.11954054282984827,0.0,1.0,0.03081297013479215,0.4226190476190476
2_0_30,0.06770114369490546,0.10681502941627506,0.0,1.0,0.0192945795825967,0.43452380952380953
2_0_31,0.07145973123099188,0.10865745590247142,0.0,1.0,0.0063684743427912,0.4869047619047619
2_1_0,0.1103755006089139,0.1258286964509319,0.0,1.0,0.0782822454872978,0.2261904761904762
2_1_1,0.049519624275445345,0.09013796265752398,0.0,1.0,0.01423120822565515,0.45
2_1_2,0.057952833486738645,0.0929000346231117,0.0,1.0,0.00855001173247795,0.4666666666666667
2_1_3,0.10994253867101968,0.1566367707410794,0.0,1.0,0.019985793586287652,0.46785714285714286
2_1_4,0.050471609795372865,0.08041976466220616,0.0,1.0,0.01484211418140915,0.4583333333333333
2_1_5,0.10554679231057497,0.14190344359364984,0.0,1.0,0.05539199117248615,0.31785714285714284
2_1_6,0.07228506943200745,0.11427011769464997,0.0,1.0,0.021779278042128147,0.43452380952380953
2_1_7,0.1652166206232396,0.1791344833053726,0.0,1.0,0.10301943431318145,0.13690476190476192
2_1_8,0.23620753184109924,0.18650169636066877,0.0,1.0,0.21486225793705477,0.06428571428571428
2_1_9,0.11201655817752679,0.14053489172359984,0.0,1.0,0.062366819480049795,0.2
2_1_10,0.09192001758279944,0.10816999204482546,0.0,1.0,0.05944464756717415,0.19404761904761905
2_1_11,0.16595542349551887,0.16375032486282554,0.0,1.0,0.1231248198395351,0.13690476190476192
2_1_12,0.06931771815730209,0.10170144484888154,0.0,1.0,0.0381460909336329,0.2571428571428571
2_1_13,0.14273953795606487,0.14932188305733826,0.0,1.0,0.09926104578159785,0.1630952380952381
2_1_14,0.1653546405403516,0.18359834256627092,0.0,1.0,0.09539991940091816,0.10952380952380952
2_1_15,0.17010750331517635,0.19206084993692776,0.0,1.0,0.08877957005825116,0.10357142857142858
2_1_16,0.14294019121929122,0.11328732764674103,0.0,1.0,0.13040418983341834,0.09047619047619047
2_1_17,0.1271254471176495,0.13290987297410686,0.0,1.0,0.0865650124433932,0.1630952380952381
2_1_18,0.12163792156245255,0.14969598505097223,0.0,1.0,0.0787450781574459,0.175
2_1_19,0.10391486172918499,0.1420848018772956,0.0,1.0,0.038170351266091446,0.1869047619047619
2_1_20,0.12116137814869635,0.1370087187017828,0.0,1.0,0.0861862684406775,0.15595238095238095
2_1_21,0.1363727445685435,0.133596635506355,0.0,1.0,0.10335305762012985,0.10238095238095238
2_1_22,0.174618373562976,0.14891525288930055,0.0,1.0,0.13351489497246893,0.05238095238095238
2_1_23,0.10310184227143543,0.12517554332951572,0.0,1.0,0.0666863864705879,0.19642857142857142
2_1_24,0.11259717498210149,0.1585019632507913,0.0,1.0,0.024517506709653,0.4666666666666667
2_1_25,0.08304946784302396,0.11102116801747591,0.0,1.0,0.0408431221035128,0.35833333333333334
2_1_26,0.07920377139143894,0.12215474342870491,0.0,1.0,0.033956577303268856,0.4011904761904762
2_1_27,0.06531339686149414,0.09732943671167242,0.0,1.0,0.031177553078608,0.3773809523809524
2_1_28,0.05311981420396072,0.09021212611643747,0.0,1.0,0.02832640998260395,0.31785714285714284
2_1_29,0.06381329821705388,0.0936941900586319,0.0,1.0,0.01344381176739965,0.4607142857142857
2_1_30,0.055635138750052326,0.08614574029698235,0.0,1.0,0.0,0.5011904761904762
2_1_31,0.08443853231811219,0.12377189105446205,0.0,1.0,0.02307045134851045,0.4452380952380952
2_2_0,0.1949324520070388,0.1472513698712498,0.0,1.0,0.17731085699149504,0.07142857142857142
2_2_1,0.11139347734959738,0.11425037993803558,0.0,1.0,0.07563839119511179,0.10238095238095238
2_2_2,0.11191116755147311,0.12225818673991591,0.0,1.0,0.0790456770314387,0.12738095238095237
2_2_3,0.11911324463034537,0.1383810171587484,0.0,1.0,0.0756383987684455,0.08928571428571429
2_2_4,0.16560495121825103,0.15866703690877085,0.0,1.0,0.1263296106597802,0.08928571428571429
2_2_5,0.09797178693830212,0.11621237025450995,0.0,1.0,0.0673765816004836,0.2654761904761905
2_2_6,0.05145465547084643,0.08553636750522993,0.0,1.0,0.0208261987667162,0.3738095238095238
2_2_7,0.12835326778245487,0.14567336838258435,0.0,1.0,0.08279342202163384,0.1392857142857143
2_2_8,0.21715794325738605,0.1755114982358199,0.0,1.0,0.1843679399478223,0.05476190476190476
2_2_9,0.18623274491030906,0.15118154620290827,0.0,1.0,0.16280155579463354,0.07857142857142857
2_2_10,0.08567536194808782,0.09905838309618738,0.0,1.0,0.06495337134074536,0.17976190476190476
2_2_11,0.2184432619255725,0.19195008441354475,0.0,1.0,0.18754401443796795,0.07261904761904762
2_2_12,0.20815072658585806,0.16992400830233775,0.0,1.0,0.1797795913953441,0.055952380952380955
2_2_13,0.0748296762955628,0.11701671133384434,0.0,1.0,0.03481149376207565,0.325
2_2_14,0.26847444765227746,0.23023618045250518,0.0,1.0,0.24852839911532598,0.058333333333333334
2_2_15,0.2736106885700866,0.1979650890162397,0.0,1.0,0.2580711399241745,0.05
2_2_16,0.06837340159336802,0.09339214098625223,0.0,1.0,0.037367276499427754,0.2976190476190476
2_2_17,0.11022280920785121,0.11914755129613269,0.0,1.0,0.07772485657905735,0.1869047619047619
2_2_18,0.13305719481407657,0.1643930209203773,0.0,1.0,0.0669105197722124,0.3761904761904762
2_2_19,0.26664854962133105,0.218860228969183,0.0,1.0,0.22963671486508894,0.07738095238095238
2_2_20,0.23389812098594007,0.1918020861212853,0.0,1.0,0.19574542653067784,0.075
2_2_21,0.16441178619597605,0.15586150184383385,0.0,1.0,0.12104453609296856,0.05119047619047619
2_2_22,0.1839919756982223,0.15427742454105584,0.0,1.0,0.17103698119741595,0.06666666666666667
2_2_23,0.1481908958698584,0.1480938901877804,0.0,1.0,0.114696428331969,0.11785714285714285
2_2_24,0.04644319746454788,0.08365110545538751,0.0,1.0,0.0157096025553028,0.3952380952380952
2_2_25,0.10104773977582128,0.11946589062834885,0.0,1.0,0.06490977012979565,0.2369047619047619
2_2_26,0.0948559960384444,0.13937367294104688,0.0,1.0,0.04404196517885445,0.19166666666666668
2_2_27,0.1055053897476441,0.15567191608395586,0.0,1.0,0.047526811664284005,0.2523809523809524
2_2_28,0.08280579043999799,0.12647446621763506,0.0,1.0,0.04226282144672685,0.22023809523809523
2_2_29,0.11725120420450671,0.16688636594975015,0.0,1.0,0.012118669688965699,0.48095238095238096
2_2_30,0.09284807668263172,0.13709501676847094,0.0,1.0,0.00340237103572955,0.49642857142857144
2_2_31,0.12276081990706939,0.16650302316130053,0.0,1.0,0.035389809251665155,0.44166666666666665
3_0_0,0.15693873206219783,0.2207396349240563,0.0,1.0,0.01632907190656225,0.48214285714285715
3_0_1,0.10262345213150668,0.14884357470867288,0.0,1.0,0.010826538980935201,0.49047619047619045
3_0_2,0.06532795301842381,0.09787745072958444,0.0,1.0,0.0125261151914947,0.4642857142857143
3_0_3,0.12812809418236412,0.1871103981480368,0.0,1.0,0.00218888473076655,0.4988095238095238
3_0_4,0.09768485261169303,0.12811620532909024,0.0,1.0,0.045981266194053044,0.40714285714285714
3_0_5,0.04521946265837239,0.10280235731784591,0.0,1.0,0.0159633242933694,0.30833333333333335
3_0_6,0.07535696912514381,0.11803517017931883,0.0,1.0,0.0313363920471421,0.33690476190476193
3_0_7,0.34302996908079214,0.28344057868695444,0.0,1.0,0.3682193709114895,0.07857142857142857
3_0_8,0.06193342996966824,0.09792597345392628,0.0,1.0,0.012763702926647049,0.45714285714285713
3_0_9,0.06921932434363064,0.09516337414025101,0.0,1.0,0.045467827128834154,0.305952380952381
3_0_10,0.10152173013383305,0.13850714108808235,0.0,1.0,0.03609345823157485,0.44642857142857145
3_0_11,0.07405396734840348,0.1022068030956232,0.0,1.0,0.0352748230173487,0.3773809523809524
3_0_12,0.05739236430851343,0.10333749045902196,0.0,1.0,0.0213032100284726,0.3488095238095238
3_0_13,0.0654609121319973,0.1408609324162585,0.0,1.0,0.0181229734841627,0.29523809523809524
3_0_14,0.16692504142569842,0.2199326069317248,0.0,1.0,0.0388100135658152,0.15833333333333333
3_0_15,0.2138735935810938,0.17527401474939036,0.0,1.0,0.1731992644032745,0.04047619047619048
3_0_16,0.12943327118450101,0.18035694166953,0.0,1.0,0.0336770801320578,0.4511904761904762
3_0_17,0.11412679862369417,0.12901971724689104,0.0,1.0,0.0748233467046495,0.2523809523809524
3_0_18,0.12240053859277675,0.152808015725477,0.0,1.0,0.07842218179911076,0.24047619047619048
3_0_19,0.10349793073815598,0.131909352255404,0.0,1.0,0.06070529433560985,0.2392857142857143
3_0_20,0.10643095394796682,0.13224705816478236,0.0,1.0,0.0690620220599826,0.25357142857142856
3_0_21,0.15857959988870035,0.1640368150270193,0.0,1.0,0.11817247467525174,0.23809523809523808
3_0_22,0.20271800340654997,0.1792582282377761,0.0,1.0,0.1619481910804301,0.08571428571428572
3_0_23,0.07750760009919076,0.1016355038020334,0.0,1.0,0.0454651728603468,0.23809523809523808
3_0_24,0.10670602857967994,0.1692862446137285,0.0,1.0,0.0,0.5535714285714286
3_0_25,0.1411508119004915,0.19733859956875496,0.0,1.0,0.0084879263855947,0.4880952380952381
3_0_26,0.12618661641361806,0.17817610131888217,0.0,1.0,0.0383386971365988,0.4369047619047619
3_0_27,0.1291420127384165,0.1834121457989927,0.0,1.0,0.01810844954319535,0.4714285714285714
3_0_28,0.08829459531799327,0.11845667924126335,0.0,1.0,0.03661034395078745,0.40476190476190477
3_0_29,0.03399634256351148,0.06510844776822021,0.0,1.0,0.0082673718448301,0.44642857142857145
3_0_30,0.06346094776980166,0.10000819078147778,0.0,1.0,0.031624709365672896,0.28809523809523807
3_0_31,0.25315678071460684,0.2187517483602352,0.0,1.0,0.26124280997702687,0.07380952380952381
3_1_0,0.022939528182092418,0.07218254080891488,0.0,1.0,0.0015387053222819498,0.4869047619047619
3_1_1,0.08560715059701385,0.129735394427092,0.0,1.0,0.03226908303090545,0.3964285714285714
3_1_2,0.05572075116503854,0.11468383851978929,0.0,1.0,0.01734530808923285,0.3547619047619048
3_1_3,0.10700875870803976,0.1440705376973255,0.0,1.0,0.03825667735161075,0.430952380952381
3_1_4,0.12142622486513513,0.1566396736784303,0.0,1.0,0.06897860628137314,0.2630952380952381
3_1_5,0.07788283150807708,0.10615713093059335,0.0,1.0,0.03073269759848955,0.4011904761904762
3_1_6,0.05249915328193049,0.1064620041923891,0.0,1.0,0.0169882718265653,0.2785714285714286
3_1_7,0.04999027020045371,0.09659997935660254,0.0,1.0,0.02191752516279875,0.26904761904761904
3_1_8,0.044481837361156205,0.05978761168971385,0.0,1.0,0.03053619029215445,0.3011904761904762
3_1_9,0.15780408592940703,0.14798067385774383,0.0,1.0,0.12153531456287356,0.0869047619047619
3_1_10,0.1189931596385037,0.1260861056911609,0.0,1.0,0.08116111190300375,0.1738095238095238
3_1_11,0.1699882738251242,0.16005946719650868,0.0,1.0,0.14034321551139545,0.1357142857142857
3_1_12,0.13227434077941683,0.1900863026678881,0.0,1.0,0.039337996383211046,0.26071428571428573
3_1_13,0.11676319255488289,0.1653453516265407,0.0,1.0,0.04134622061008105,0.26785714285714285
3_1_14,0.18216063839941674,0.22206216329215206,0.0,1.0,0.0675822397331897,0.18571428571428572
3_1_15,0.11411753525623895,0.141188558347932,0.0,1.0,0.06848747876683665,0.2392857142857143
3_1_16,0.14941658014261405,0.15966341389971422,0.0,1.0,0.11506789745765625,0.26785714285714285
3_1_17,0.1907899467894068,0.1590043793750387,0.0,1.0,0.15465846560260704,0.05952380952380952
3_1_18,0.2435559600693432,0.17997837623405324,0.0,1.0,0.21828917208091186,0.03333333333333333
3_1_19,0.23988743324808845,0.20759871931426657,0.0,1.0,0.17605118203000142,0.041666666666666664
3_1_20,0.2313809125589168,0.21724918608382426,0.0,1.0,0.15735536640914066,0.0880952380952381
3_1_21,0.16085311497556734,0.15724001889509642,0.0,1.0,0.1154923106511977,0.02023809523809524
3_1_22,0.13237655409920354,0.13140128266667286,0.0,1.0,0.0934068320813102,0.10119047619047619
3_1_23,0.1745304912892211,0.17317723711780944,0.0,1.0,0.1396313544563337,0.21071428571428572
3_1_24,0.0104302262409667,0.0380687280070424,0.0,1.0,0.0022732838498481,0.45714285714285713
3_1_25,0.07334742429463124,0.10708595602017836,0.0,1.0,0.02131791956245,0.4452380952380952
3_1_26,0.06059106837757723,0.09033903349535198,0.0,1.0,0.0230632150244554,0.31666666666666665
3_1_27,0.10102414636681008,0.13287535577746626,0.0,1.0,0.0584451218417526,0.2357142857142857
3_1_28,0.06390363392323116,0.10766978615180442,0.0,1.0,0.0274184208540696,0.25476190476190474
3_1_29,0.12439041657705034,0.15653550901057572,0.0,1.0,0.0743617317785725,0.24166666666666667
3_1_30,0.09784658400668209,0.1393436561655439,0.0,1.0,0.04820206548530505,0.26785714285714285
3_1_31,0.0724234544734458,0.09273127680252022,0.0,1.0,0.04070266094241365,0.305952380952381
3_2_0,0.1895024176188473,0.18231297649105893,0.0,1.0,0.1553465489272277,0.12976190476190477
3_2_1,0.21893107231127004,0.20125286703776363,0.0,1.0,0.18015890046335786,0.15476190476190477
3_2_2,0.07128034072677485,0.09852539243975003,0.0,1.0,0.042630192770001005,0.3107142857142857
3_2_3,0.23310103848483477,0.19526551694767935,0.0,1.0,0.22976545417798883,0.12380952380952381
3_2_4,0.14145893656829606,0.14385473148585776,0.0,1.0,0.11143822261492015,0.2392857142857143
3_2_5,0.13932465037336475,0.1911431304733343,0.0,1.0,0.021212129197512,0.46904761904761905
3_2_6,0.10633198013861438,0.18800528396136892,0.0,1.0,0.03270672574658235,0.09285714285714286
3_2_7,0.027845104623466475,0.10857209744408441,0.0,1.0,0.0061357944812558,0.37857142857142856
3_2_8,0.1638720570143116,0.15211529787761144,0.0,1.0,0.13679746938768375,0.13452380952380952
3_2_9,0.28523422473326826,0.20007597450899892,0.0,1.0,0.26574589191851944,0.030952380952380953
3_2_10,0.1782949106024422,0.13583481875441752,0.0,1.0,0.1495430093597597,0.036904761904761905
3_2_11,0.19909380660805845,0.17289040465211158,0.0,1.0,0.1961231758707398,0.07023809523809524
3_2_12,0.2693635746581768,0.20455908845819484,0.0,1.0,0.25164130798723916,0.06547619047619048
3_2_13,0.08493462168815112,0.10078429806930718,0.0,1.0,0.05846308086848345,0.21071428571428572
3_2_14,0.12495559658760254,0.12060787071706873,0.0,1.0,0.09205407696353776,0.06547619047619048
3_2_15,0.028796753799379522,0.07322094736896732,0.0,1.0,0.008916942383664549,0.40714285714285714
3_2_16,0.14244509988961365,0.1383055731845112,0.0,1.0,0.1161476925640742,0.15
3_2_17,0.19907088835397768,0.1592309299051677,0.0,1.0,0.15905987031397814,0.04047619047619048
3_2_18,0.28244474381249995,0.20484586146578956,0.0,1.0,0.2496841961244426,0.030952380952380953
3_2_19,0.31421554907090404,0.1875832392774161,0.0,1.0,0.29860263864376124,0.005952380952380952
3_2_20,0.2528998333151892,0.15953983432182053,0.0,1.0,0.24996161149790355,0.009523809523809525
3_2_21,0.3251151246314786,0.19182347441862252,0.0,1.0,0.31953415993389656,0.009523809523809525
3_2_22,0.3106519197919632,0.1811783012700619,0.0,1.0,0.2908810206806045,0.009523809523809525
3_2_23,0.13535056200067247,0.17467107661032114,0.0,1.0,0.07267277679113679,0.3952380952380952
3_2_24,0.13774077585842145,0.15414689137996793,0.0,1.0,0.09274875121756049,0.3202380952380952
3_2_25,0.08173345897246807,0.11803140427502609,0.0,1.0,0.02031050101393675,0.44047619047619047
3_2_26,0.09210315424465441,0.11907645521832592,0.0,1.0,0.05779864655565135,0.35119047619047616
3_2_27,0.19558248344961196,0.18707097423795643,0.0,1.0,0.15975537155927125,0.21785714285714286
3_2_28,0.09986399435069235,0.13798094993406043,0.0,1.0,0.0380909604517994,0.4369047619047619
3_2_29,0.11979536425550495,0.16448555838729997,0.0,1.0,0.02902537685494655,0.4511904761904762
3_2_30,0.06987940090840884,0.09670196258637323,0.0,1.0,0.04307365678682725,0.3107142857142857
3_2_31,0.15205677880130386,0.213786122781858,0.0,1.0,0.01942360034371865,0.4785714285714286
4_0_0,0.16369446930359993,0.16683253424066433,0.0,1.0,0.12940343334828114,0.1738095238095238
4_0_1,0.06467335772385636,0.11058333624684002,0.0,1.0,0.029436640225046953,0.39285714285714285
4_0_2,0.0511413434736754,0.0945544420936682,0.0,1.0,0.01739652515595415,0.40714285714285714
4_0_3,0.17713573840199262,0.14960643245097618,0.0,1.0,0.14758127214433742,0.10833333333333334
4_0_4,0.2411306381991452,0.1574961153155056,0.0,1.0,0.20879985622885766,0.011904761904761904
4_0_5,0.2867596245537272,0.15210750228557204,0.0,1.0,0.2614103139328111,0.004761904761904762
4_0_6,0.19110381081533415,0.12685877717825095,0.0,1.0,0.16179829295303935,0.013095238095238096
4_0_7,0.29146703015006253,0.16719086301814887,0.0,1.0,0.261740900072867,0.0035714285714285713
4_0_8,0.23701528379647016,0.1719414991431347,0.0,1.0,0.2404858792579431,0.07976190476190476
4_0_9,0.1227914276424217,0.14471560225565466,0.0,1.0,0.07811221356946335,0.125
4_0_10,0.10308959770361718,0.09842091547980017,0.0,1.0,0.08640168319885505,0.13452380952380952
4_0_11,0.18852356597227127,0.16197480021802524,0.0,1.0,0.15640014551335504,0.10595238095238095
4_0_12,0.23746918161555453,0.14548242939828807,0.0,1.0,0.21884249040077025,0.014285714285714285
4_0_13,0.264022664606011,0.1510293714784313,0.0,1.0,0.2538597100222917,0.0035714285714285713
4_0_14,0.26932052048160154,0.14646443908036938,0.0,1.0,0.2462794514882245,0.0035714285714285713
4_0_15,0.17968370517591528,0.1613051980938067,0.0,1.0,0.13862027336685717,0.06666666666666667
4_0_16,0.1565067610891917,0.19584195096695134,0.0,1.0,0.08609718909757715,0.39285714285714285
4_0_17,0.115294965881209,0.1402739616260393,0.0,1.0,0.06840464375266035,0.34404761904761905
4_0_18,0.09992022880089142,0.11781239161176446,0.0,1.0,0.07309139298826225,0.25476190476190474
4_0_19,0.2934422434050349,0.2073770970807393,0.0,1.0,0.2984483177332754,0.055952380952380955
4_0_20,0.21929531902516242,0.15435067630608226,0.0,1.0,0.1957304654705318,0.030952380952380953
4_0_21,0.21122595946048764,0.1272207807857483,0.0,1.0,0.1889407999532886,0.005952380952380952
4_0_22,0.17965223630674826,0.14810659854184738,0.0,1.0,0.14447426247023076,0.06547619047619048
4_0_23,0.2558784757417347,0.1772429466046293,0.0,1.0,0.22248776031155987,0.017857142857142856
4_0_24,0.02895223732131076,0.05351202179693984,0.0,1.0,0.0074213533268487,0.44166666666666665
4_0_25,0.05442118268085347,0.08538609728077354,0.0,1.0,0.01587229990641385,0.4488095238095238
4_0_26,0.1889602728244511,0.2256899248601,0.0,1.0,0.09951134675385459,0.3880952380952381
4_0_27,0.16249966841932054,0.1537958890733501,0.0,1.0,0.12658751876833374,0.11785714285714285
4_0_28,0.21422269887076087,0.17672730239394047,0.0,1.0,0.20182289137189924,0.1523809523809524
4_0_29,0.23961280773511207,0.1695761022812498,0.0,1.0,0.22463689718539798,0.04285714285714286
4_0_30,0.17287898441697955,0.14479752512117303,0.0,1.0,0.12434996894326475,0.02857142857142857
4_0_31,0.19703856534672104,0.12860562454504232,0.0,1.0,0.1660429841419807,0.0035714285714285713
4_1_0,0.1637009360724524,0.18237164334929443,0.0,1.0,0.09948528210290311,0.11190476190476191
4_1_1,0.16520394115897463,0.16292140565888028,0.0,1.0,0.12811034716673186,0.12976190476190477
4_1_2,0.1673516880013529,0.154489378973024,0.0,1.0,0.1279022686088594,0.07261904761904762
4_1_3,0.18003074174276407,0.18716090402759597,0.0,1.0,0.12717799103293495,0.15595238095238095
4_1_4,0.10943898926072299,0.11080642215852456,0.0,1.0,0.076216014600333,0.12023809523809524
4_1_5,0.13868103774416327,0.1525260243392064,0.0,1.0,0.09655316941621356,0.0869047619047619
4_1_6,0.05486123330255312,0.08850403871113671,0.0,1.0,0.02577681975059585,0.32142857142857145
4_1_7,0.022094405652185914,0.044029235334177214,0.0,1.0,0.00691052846905165,0.4238095238095238
4_1_8,0.14577372125694446,0.17139203570177164,0.0,1.0,0.09772139495698434,0.25357142857142856
4_1_9,0.09941005462149237,0.10712938026915908,0.0,1.0,0.0777939661992969,0.25833333333333336
4_1_10,0.10177412048077557,0.1203054721129773,0.0,1.0,0.06573791225795335,0.25952380952380955
4_1_11,0.13813322885432353,0.1340087162500314,0.0,1.0,0.10604867042291805,0.058333333333333334
4_1_12,0.23925825749630428,0.2021861056250242,0.0,1.0,0.20814781582559083,0.1130952380952381
4_1_13,0.14892401225874116,0.1583163280031861,0.0,1.0,0.1010856896410128,0.10119047619047619
4_1_14,0.21617675885535062,0.20712406626326046,0.0,1.0,0.16406632443192254,0.19285714285714287
4_1_15,0.13145183369715668,0.15476739855853136,0.0,1.0,0.07789251306906325,0.35
4_1_16,0.1607768336959152,0.1650518185516647,0.0,1.0,0.1164560857471934,0.14642857142857144
4_1_17,0.1233237227960388,0.15009554092739047,0.0,1.0,0.08073788576835825,0.29285714285714287
4_1_18,0.1646695695802229,0.19568471478814867,0.0,1.0,0.09429889685367325,0.275
4_1_19,0.17567634782026695,0.16862595174256212,0.0,1.0,0.13451770056033913,0.12738095238095237
4_1_20,0.13378369780313754,0.1566810090009562,0.0,1.0,0.08860915283937715,0.16666666666666666
4_1_21,0.18246911884538908,0.17521146021462206,0.0,1.0,0.14031493509989706,0.13095238095238096
4_1_22,0.14103295384574524,0.17071018504241925,0.0,1.0,0.08107166875605229,0.35833333333333334
4_1_23,0.12192414482147253,0.16716685625296568,0.0,1.0,0.02805264140175965,0.45714285714285713
4_1_24,0.19849473047216853,0.19026819678683288,0.0,1.0,0.1510057595185346,0.11428571428571428
4_1_25,0.10476074265129545,0.1131352575982833,0.0,1.0,0.07835954873262865,0.25476190476190474
4_1_26,0.14369255669871886,0.17505074774638368,0.0,1.0,0.08787370827496585,0.22857142857142856
4_1_27,0.11748333860952058,0.14255329815402062,0.0,1.0,0.057313817288695945,0.16666666666666666
4_1_28,0.10923265102000991,0.1164515740486965,0.0,1.0,0.072288262692974,0.19285714285714287
4_1_29,0.10301012624748782,0.1315614132209001,0.0,1.0,0.05611718381874255,0.2154761904761905
4_1_30,0.05477980369239094,0.10108406216031128,0.0,1.0,0.01720157491122315,0.3523809523809524
4_1_31,0.14528153895107038,0.20212760935148702,0.0,1.0,0.021310414350149548,0.4726190476190476
4_2_0,0.10872328549954346,0.151684650339264,0.0,1.0,0.02599247548361605,0.45595238095238094
4_2_1,0.0998833716694217,0.11722429524406473,0.0,1.0,0.06566570259338025,0.2916666666666667
4_2_2,0.18030952770360698,0.1634759504192291,0.0,1.0,0.1372364596789146,0.11904761904761904
4_2_3,0.2253779197684814,0.18090726066238788,0.0,1.0,0.2101245781598027,0.08333333333333333
4_2_4,0.18570707336328413,0.1577490655562932,0.0,1.0,0.16512023162676304,0.11190476190476191
4_2_5,0.12538772734555273,0.13559513643143126,0.0,1.0,0.0879741694645032,0.14285714285714285
4_2_6,0.04752161222497039,0.0667089936618102,0.0,1.0,0.0314514797784181,0.29523809523809524
4_2_7,0.09679297877062214,0.13298817909493416,0.0,1.0,0.05358157365012005,0.3333333333333333
4_2_8,0.12763595041476503,0.1623779547423129,0.0,1.0,0.0531599958442649,0.39404761904761904
4_2_9,0.11969324056983348,0.13046640589671515,0.0,1.0,0.08960313947697965,0.18333333333333332
4_2_10,0.22308220023403053,0.14621809343313996,0.0,1.0,0.2084329180813807,0.025
4_2_11,0.2722085806919571,0.20016106743658185,0.0,1.0,0.2336489471327028,0.010714285714285714
4_2_12,0.2045139027464647,0.14898585695467745,0.0,1.0,0.20810340371311795,0.02619047619047619
4_2_13,0.25297789634620454,0.20242632497384463,0.0,1.0,0.2260592173247838,0.02142857142857143
4_2_14,0.21765235728806032,0.17451216505369183,0.0,1.0,0.1832006432095199,0.02023809523809524
4_2_15,0.08162981199209966,0.10322199508599197,0.0,1.0,0.04807638605462995,0.36666666666666664
4_2_16,0.08495420944022809,0.11873470384139448,0.0,1.0,0.0242960202405441,0.4392857142857143
4_2_17,0.1460182181664991,0.13915743222426596,0.0,1.0,0.1183882854910149,0.20357142857142857
4_2_18,0.18725026321031935,0.18326176197548696,0.0,1.0,0.13921581236392305,0.034523809523809526
4_2_19,0.1736110601182289,0.14931182949333968,0.0,1.0,0.14680695968557722,0.06547619047619048
4_2_20,0.23448221119426643,0.2100546493230294,0.0,1.0,0.1917534518536771,0.075
4_2_21,0.17876907259373706,0.140836566475088,0.0,1.0,0.15892467571171756,0.06904761904761905
4_2_22,0.06361922897825714,0.08689091530635373,0.0,1.0,0.0264864258727682,0.41309523809523807
4_2_23,0.13526919295139198,0.18240941010331965,0.0,1.0,0.02386398129370005,0.46785714285714286
4_2_24,0.09335620881036145,0.13184581887196256,0.0,1.0,0.0300509555790891,0.4107142857142857
4_2_25,0.09887475681587844,0.13857349539370717,0.0,1.0,0.03460902190561255,0.38571428571428573
4_2_26,0.1851635066877536,0.18443981958885228,0.0,1.0,0.13689830911540474,0.20595238095238094
4_2_27,0.11701488672228852,0.13374450182730177,0.0,1.0,0.08450769533684149,0.12023809523809524
4_2_28,0.08705711912617647,0.11324796801155086,0.0,1.0,0.05377936572140435,0.31785714285714284
4_2_29,0.1391452058869656,0.16278580138711018,0.0,1.0,0.09657219764637374,0.2654761904761905
4_2_30,0.11881162259201278,0.1664149072544017,0.0,1.0,0.03039013487215775,0.4452380952380952
4_2_31,0.06434649378821639,0.09221825706780822,0.0,1.0,0.030181103264596353,0.3976190476190476
5_0_0,0.05707525257215927,0.08281120554452134,0.0,1.0,0.03521708672268805,0.13214285714285715
5_0_1,0.28283201672276725,0.23608206707759585,0.0,1.0,0.26186079730507894,0.075
5_0_2,0.1819340133896847,0.13028144860115976,0.0,1.0,0.15907404069275877,0.02023809523809524
5_0_3,0.11125083691404035,0.10521578234339532,0.0,1.0,0.0833423792746539,0.0988095238095238
5_0_4,0.1590244329619311,0.14780488985302384,0.0,1.0,0.1217038915009861,0.12261904761904761
5_0_5,0.2506800515834719,0.18613405581845674,0.0,1.0,0.22671560919251094,0.055952380952380955
5_0_6,0.18413202082123353,0.1824976936543325,0.0,1.0,0.13749048793816035,0.17857142857142858
5_0_7,0.07736568939616001,0.12010074676150896,0.0,1.0,0.007126440282138449,0.4857142857142857
5_0_8,0.051522209307479166,0.08308877520839504,0.0,1.0,0.026880171727020702,0.18214285714285713
5_0_9,0.31732570714637504,0.21739409527276474,0.0,1.0,0.2991295418004558,0.009523809523809525
5_0_10,0.3888950048754317,0.19502215263337921,0.0,1.0,0.39163971976777356,0.0035714285714285713
5_0_11,0.3110216282403878,0.18259085734593536,0.0,1.0,0.2931606375990119,0.013095238095238096
5_0_12,0.2345691477820452,0.1496723125348483,0.0,1.0,0.2033354462546461,0.013095238095238096
5_0_13,0.2586001336616543,0.1863790356921316,0.0,1.0,0.2434761344832505,0.07261904761904762
5_0_14,0.12526321224793732,0.12616314073060833,0.0,1.0,0.10510696527997734,0.21785714285714286
5_0_15,0.09092059023150938,0.13080914960714893,0.0,1.0,0.0176006239941146,0.4666666666666667
5_0_16,0.05317380015727128,0.08869632310537871,0.0,1.0,0.02376296370343685,0.37976190476190474
5_0_17,0.155335282917235,0.1437291217321489,0.0,1.0,0.133122927887219,0.13095238095238096
5_0_18,0.20594501004893806,0.20951937438976198,0.0,1.0,0.13355349839651703,0.1261904761904762
5_0_19,0.20737985315966764,0.1978358985599609,0.0,1.0,0.16546049015993475,0.1988095238095238
5_0_20,0.11777406934130347,0.13137788571753414,0.0,1.0,0.08288365519290485,0.20238095238095238
5_0_21,0.1437668569771263,0.14195037698226523,0.0,1.0,0.11421992869057154,0.22857142857142856
5_0_22,0.1490726002009202,0.20137184197708394,0.0,1.0,0.02438221647514205,0.47619047619047616
5_0_23,0.13350286893388272,0.20016672359958956,0.0,1.0,0.0,0.5119047619047619
5_0_24,0.13537221656025777,0.1947977593178737,0.0,1.0,0.01197776185938485,0.4845238095238095
5_0_25,0.08259376392927292,0.10481150703877527,0.0,1.0,0.05066501670689495,0.29642857142857143
5_0_26,0.1275934287264764,0.14183193505631372,0.0,1.0,0.08874973336541736,0.2761904761904762
5_0_27,0.091558002300993,0.13421201476247183,0.0,1.0,0.02903517904677035,0.42142857142857143
5_0_28,0.17056310131890884,0.17114400398887525,0.0,1.0,0.12812114379923184,0.15476190476190477
5_0_29,0.12060315138247073,0.1471540659759594,0.0,1.0,0.07924832985080191,0.17976190476190476
5_0_30,0.08138400882260455,0.10609970185378392,0.0,1.0,0.0492279616534945,0.27976190476190477
5_0_31,0.20630089448309652,0.18869989046882119,0.0,1.0,0.16116492728392834,0.10714285714285714
5_1_0,0.12558693090204262,0.1843322860478974,0.0,1.0,0.0014734107434277,0.4976190476190476
5_1_1,0.10625446538796145,0.13832797104976718,0.0,1.0,0.050047590383532445,0.3964285714285714
5_1_2,0.16104564636239033,0.11693272248062442,0.0,1.0,0.1466065893677318,0.060714285714285714
5_1_3,0.15628631427214057,0.15686220201188492,0.0,1.0,0.11470620661286875,0.15833333333333333
5_1_4,0.11136521444473672,0.13284457845480127,0.0,1.0,0.07624540206874245,0.27380952380952384
5_1_5,0.20833839099014012,0.16373124864683816,0.0,1.0,0.173687642425208,0.05238095238095238
5_1_6,0.14901985186871958,0.15586447508107037,0.0,1.0,0.10330554705476575,0.1357142857142857
5_1_7,0.11599679955914513,0.15659843214559488,0.0,1.0,0.03465711883496825,0.44166666666666665
5_1_8,0.1341276364169466,0.20013847213090424,0.0,1.0,0.010128628129733551,0.4880952380952381
5_1_9,0.09321988541402502,0.12427691277148001,0.0,1.0,0.0381981734739945,0.24642857142857144
5_1_10,0.19971516986291807,0.18011341830460936,0.0,1.0,0.15943349751633604,0.08095238095238096
5_1_11,0.13832566075010275,0.13400116480665827,0.0,1.0,0.12030512232822135,0.22023809523809523
5_1_12,0.06573218600830277,0.09648552938440946,0.0,1.0,0.0265623096988338,0.3869047619047619
5_1_13,0.21399559110618802,0.17481068361826396,0.0,1.0,0.1725910033384554,0.060714285714285714
5_1_14,0.2877975598329587,0.15108302122957434,0.0,1.0,0.2848757060750336,0.008333333333333333
5_1_15,0.25477358290219526,0.1588755035210742,0.0,1.0,0.23464569711578181,0.02857142857142857
5_1_16,0.1518785939449298,0.2039717497361366,0.0,1.0,0.04240676699471845,0.44166666666666665
5_1_17,0.1420204022586098,0.14634954611403603,0.0,1.0,0.1100182823699981,0.19523809523809524
5_1_18,0.1410675207763897,0.18164885102361394,0.0,1.0,0.06398529672810996,0.4154761904761905
5_1_19,0.09436777313030847,0.13320563277935046,0.0,1.0,0.0400756971517992,0.40595238095238095
5_1_20,0.11993182025407406,0.1605190322172014,0.0,1.0,0.0350579601051781,0.4238095238095238
5_1_21,0.14307797560362534,0.18776246010970873,0.0,1.0,0.0559386010208381,0.42023809523809524
5_1_22,0.1492131988300194,0.20158210520739595,0.0,1.0,0.04478850440916875,0.44047619047619047
5_1_23,0.13622668024759918,0.18680768310176535,0.0,1.0,0.01805314804667505,0.48095238095238096
5_1_24,0.16160966904957566,0.20089455741199416,0.0,1.0,0.07670298490038775,0.4035714285714286
5_1_25,0.15573040690165565,0.17494795573709704,0.0,1.0,0.1130541416191832,0.3119047619047619
5_1_26,0.20395537924948515,0.16945182560147176,0.0,1.0,0.17921025022912362,0.1357142857142857
5_1_27,0.0830905237799649,0.11827943899245767,0.0,1.0,0.0192232014271178,0.44047619047619047
5_1_28,0.13235464207020425,0.18423241696761794,0.0,1.0,0.0185176180246408,0.47619047619047616
5_1_29,0.13051083688311768,0.1911841312924839,0.0,1.0,0.005903724310191601,0.48928571428571427
5_1_30,0.11568906882614888,0.1847542185665295,0.0,1.0,0.0,0.5238095238095238
5_1_31,0.137737347979429,0.20029765681764208,0.0,1.0,0.0048985946750876,0.49404761904761907
5_2_0,0.11976974261661663,0.12037554559810466,0.0,1.0,0.08854249272891365,0.10833333333333334
5_2_1,0.08930843666870228,0.09601438277844948,0.0,1.0,0.06618054274131405,0.20833333333333334
5_2_2,0.2462214907276682,0.2085824803060098,0.0,1.0,0.22598292841692505,0.07857142857142857
5_2_3,0.12923496809186752,0.19430355808102343,0.0,1.0,0.0,0.5142857142857142
5_2_4,0.06727473389044093,0.08508066311068782,0.0,1.0,0.0459557008947371,0.17857142857142858
5_2_5,0.08915844875431404,0.1221516206871635,0.0,1.0,0.0322018701849109,0.40714285714285714
5_2_6,0.11608357410491728,0.16583556534742827,0.0,1.0,0.0,0.5011904761904762
5_2_7,0.14773711009187232,0.2084314519196481,0.0,1.0,0.01857088857315125,0.48095238095238096
5_2_8,0.3102240351910678,0.20528740624659134,0.0,1.0,0.3157050547323361,0.08452380952380953
5_2_9,0.305461993518213,0.2123401348026618,0.0,1.0,0.31034431203026125,0.04047619047619048
5_2_10,0.23824759388453098,0.18473978737148414,0.0,1.0,0.22607634784593675,0.11071428571428571
5_2_11,0.12272897144390114,0.18133462275588505,0.0,1.0,0.0046990048767545,0.4976190476190476
5_2_12,0.08686590204910387,0.11378689605944489,0.0,1.0,0.04327096817788595,0.36904761904761907
5_2_13,0.11140725347958702,0.13283542079135782,0.0,1.0,0.08087390560500299,0.1988095238095238
5_2_14,0.14639434791046696,0.20491978898032498,0.0,1.0,0.0026808173041613,0.4928571428571429
5_2_15,0.17828823821206266,0.20497361641820408,0.0,1.0,0.10230599699365894,0.35595238095238096
5_2_16,0.13454613662512577,0.1874284087131004,0.0,1.0,0.0282133861866231,0.45714285714285713
5_2_17,0.12935915970888703,0.14652470299637022,0.0,1.0,0.0912288002098254,0.30357142857142855
5_2_18,0.1746270596497751,0.1649519129107085,0.0,1.0,0.1371107095188813,0.17976190476190476
5_2_19,0.15081473984230212,0.18620063878908769,0.0,1.0,0.0699975033801029,0.4011904761904762
5_2_20,0.16454042415208237,0.20789516726218768,0.0,1.0,0.06832518526611284,0.4297619047619048
5_2_21,0.11210585449695139,0.12019930171037575,0.0,1.0,0.08466213243859125,0.2654761904761905
5_2_22,0.16895527071303443,0.17081096617655853,0.0,1.0,0.13356499684376338,0.2523809523809524
5_2_23,0.15868988111503782,0.20095781251640077,0.0,1.0,0.0680938281545513,0.4297619047619048
5_2_24,0.1161536954781803,0.16598844485508338,0.0,1.0,0.01153291411820055,0.48214285714285715
5_2_25,0.08584094805530576,0.1132888439061361,0.0,1.0,0.05532979924679015,0.2988095238095238
5_2_26,0.18736747599272088,0.17024419311626685,0.0,1.0,0.16311901660624767,0.11904761904761904
5_2_27,0.14862524630669216,0.16750340864938226,0.0,1.0,0.0983724772174007,0.225
5_2_28,0.10779187687594949,0.130644406136319,0.0,1.0,0.06709560489479585,0.35
5_2_29,0.10656090080101707,0.1438893459037266,0.0,1.0,0.027437829667305902,0.4666666666666667
5_2_30,0.136416368036154,0.2043361022635419,0.0,1.0,0.0012544343085059998,0.49642857142857144
5_2_31,0.14762913904889158,0.18816023846309252,0.0,1.0,0.062145065955941395,0.42857142857142855
6_0_0,0.15008945004567076,0.14963429288349975,0.0,1.0,0.10439463827831325,0.0761904761904762
6_0_1,0.05118865695186429,0.08305625992172401,0.0,1.0,0.01446400771467065,0.44642857142857145
6_0_2,0.07778232239679221,0.10554327878575821,0.0,1.0,0.043244895073849654,0.2119047619047619
6_0_3,0.09447987896094107,0.12863039808512253,0.0,1.0,0.053250880839947695,0.23214285714285715
6_0_4,0.12336610968861053,0.13443533681414363,0.0,1.0,0.08560482151714921,0.1595238095238095
6_0_5,0.1341304223985203,0.13784541174705506,0.0,1.0,0.09940498265351835,0.09761904761904762
6_0_6,0.05473995990659931,0.08598378959668283,0.0,1.0,0.0300680073716538,0.19166666666666668
6_0_7,0.08588563423990236,0.12322184378687233,0.0,1.0,0.0281614774533877,0.4380952380952381
6_0_8,0.24832084986231695,0.18681757869634436,0.0,1.0,0.20685425095416066,0.02261904761904762
6_0_9,0.05212898103712658,0.08347437152573334,0.0,1.0,0.024371292279395898,0.3535714285714286
6_0_10,0.09374674723348984,0.12352321642046636,0.0,1.0,0.0548713736301933,0.20357142857142857
6_0_11,0.19255559730649205,0.14920658853233115,0.0,1.0,0.1623681859586137,0.011904761904761904
6_0_12,0.10453733662123887,0.11363751684545866,0.0,1.0,0.07651232627198284,0.10357142857142858
6_0_13,0.11089161620321711,0.10251501198380536,0.0,1.0,0.0856609423389718,0.04523809523809524
6_0_14,0.10830024315147221,0.1353799832400841,0.0,1.0,0.05899484900631735,0.18452380952380953
6_0_15,0.11507265337536741,0.14323103050512107,0.0,1.0,0.06579008624726171,0.1488095238095238
6_0_16,0.19286011689285232,0.14735497772801695,0.0,1.0,0.1722734627720266,0.016666666666666666
6_0_17,0.059746604005272055,0.1000909245334843,0.0,1.0,0.02918467657004745,0.2392857142857143
6_0_18,0.0824267279291743,0.1192538120034117,0.0,1.0,0.03425967159564745,0.1488095238095238
6_0_19,0.14716485941788773,0.13235527391153207,0.0,1.0,0.1055263853174764,0.036904761904761905
6_0_20,0.24525528095914614,0.15416620031422773,0.0,1.0,0.21666335609533244,0.007142857142857143
6_0_21,0.11440376644915817,0.1109112261558592,0.0,1.0,0.08434166694294015,0.07142857142857142
6_0_22,0.20162772601528828,0.17139782566654158,0.0,1.0,0.1657064033874701,0.05714285714285714
6_0_23,0.04697374741234947,0.09235129111199762,0.0,1.0,0.025675887341631252,0.2119047619047619
6_0_24,0.040215832130629535,0.0772767693609828,0.0,1.0,0.0136191207271649,0.4083333333333333
6_0_25,0.121782220800869,0.17189083048863696,0.0,1.0,0.016925334209481648,0.475
6_0_26,0.050892789757884145,0.09170633220761891,0.0,1.0,0.018211865913536497,0.3380952380952381
6_0_27,0.08927862931724105,0.15151093721854134,0.0,1.0,0.037543673581031056,0.2369047619047619
6_0_28,0.06100823460919434,0.09942710441364935,0.0,1.0,0.02937647551469335,0.32261904761904764
6_0_29,0.08514924906793762,0.11719341608778218,0.0,1.0,0.04475310965618025,0.3607142857142857
6_0_30,0.08961031871189375,0.126577894095939,0.0,1.0,0.0288438439432977,0.43214285714285716
6_0_31,0.13715863027257905,0.19921599110044375,0.0,1.0,0.0,0.5071428571428571
6_1_0,0.08650249743043781,0.11919578282662492,0.0,1.0,0.047299838205459147,0.35
6_1_1,0.06176679203829456,0.09484907141563811,0.0,1.0,0.03438433181213985,0.24523809523809523
6_1_2,0.08839745648571443,0.11089047104385921,0.0,1.0,0.0554375477212761,0.12857142857142856
6_1_3,0.09638702851258994,0.11967283527234177,0.0,1.0,0.0603199657627226,0.1392857142857143
6_1_4,0.06812017520230888,0.10345590408743874,0.0,1.0,0.03558691188692745,0.2369047619047619
6_1_5,0.05846060195656014,0.07203250805437597,0.0,1.0,0.04347347296383325,0.14285714285714285
6_1_6,0.14811440119632194,0.1349575471134615,0.0,1.0,0.1163796786621229,0.05
6_1_7,0.19453554254150476,0.1634367268434204,0.0,1.0,0.1599818911067697,0.0380952380952381
6_1_8,0.14891956397092423,0.15652957325363928,0.0,1.0,0.09807758237919545,0.09166666666666666
6_1_9,0.16834181102184576,0.1443494684923038,0.0,1.0,0.13425977804355932,0.05238095238095238
6_1_10,0.1779513747905215,0.1869592128573438,0.0,1.0,0.10952853810586766,0.07380952380952381
6_1_11,0.16296338881688896,0.14934337463510833,0.0,1.0,0.12798118697178335,0.02738095238095238
6_1_12,0.09931743404793336,0.12480873666764067,0.0,1.0,0.06771653025368846,0.14642857142857144
6_1_13,0.23265368957792257,0.19026615697410088,0.0,1.0,0.1959207140541161,0.05952380952380952
6_1_14,0.1723570719998652,0.16357893493199413,0.0,1.0,0.1169529316472412,0.030952380952380953
6_1_15,0.13123209820551962,0.13055694246286767,0.0,1.0,0.09036227943860965,0.025
6_1_16,0.05561658127803759,0.06921333740330349,0.0,1.0,0.03986077120448315,0.30238095238095236
6_1_17,0.09321249959228842,0.13257541988084387,0.0,1.0,0.050392978318527806,0.2773809523809524
6_1_18,0.12628521076501828,0.11911065469267866,0.0,1.0,0.09374005825375531,0.05357142857142857
6_1_19,0.2693062284692446,0.173112795603849,0.0,1.0,0.2492661790421511,0.010714285714285714
6_1_20,0.2098368639629038,0.162901434222198,0.0,1.0,0.20353628518221295,0.02142857142857143
6_1_21,0.21653868327744477,0.17014970860081657,0.0,1.0,0.18993956295818126,0.03571428571428571
6_1_22,0.16139836002833943,0.15744527856115964,0.0,1.0,0.11107839346929695,0.047619047619047616
6_1_23,0.1272935261824594,0.13079147825193602,0.0,1.0,0.09824573898172355,0.15119047619047618
6_1_24,0.10678555224811834,0.15477497706947738,0.0,1.0,0.0184836189423654,0.475
6_1_25,0.0688521816922844,0.11071278739674552,0.0,1.0,0.02484374119024865,0.3738095238095238
6_1_26,0.05679804676515721,0.08109538171331435,0.0,1.0,0.033987285669022996,0.2571428571428571
6_1_27,0.10844437158759763,0.11439447413896203,0.0,1.0,0.08006799148716764,0.08452380952380953
6_1_28,0.16758354746157034,0.14752876157193004,0.0,1.0,0.128592762567186,0.055952380952380955
6_1_29,0.1594554960112313,0.14690840757674087,0.0,1.0,0.120444374078696,0.05
6_1_30,0.12838316781265094,0.13802552816754626,0.0,1.0,0.09115602228799755,0.12142857142857143
6_1_31,0.12963002240108437,0.17571567284101702,0.0,1.0,0.0416373146103821,0.4357142857142857
6_2_0,0.2236284580524796,0.18275540550106054,0.0,1.0,0.18464065377277855,0.02738095238095238
6_2_1,0.08847180328639112,0.11757796353039893,0.0,1.0,0.0501253839903569,0.2630952380952381
6_2_2,0.057128515457352536,0.08764110972233313,0.0,1.0,0.0290303610409147,0.325
6_2_3,0.019042559562030215,0.05027059076549316,0.0,1.0,0.0054406884502149495,0.4392857142857143
6_2_4,0.08837106949264048,0.12008606088100139,0.0,1.0,0.026666577131658202,0.4511904761904762
6_2_5,0.07603044328936938,0.08922327688831272,0.0,1.0,0.056491485957693,0.22857142857142856
6_2_6,0.10570292840542733,0.12922695951470975,0.0,1.0,0.0690210226043927,0.20833333333333334
6_2_7,0.08040184074601966,0.1142619027265613,0.0,1.0,0.0456877317246572,0.25833333333333336
6_2_8,0.16908331250420833,0.16058967214315711,0.0,1.0,0.12585607103337004,0.0988095238095238
6_2_9,0.11286250853133273,0.11592978028995153,0.0,1.0,0.07755792992055666,0.03333333333333333
6_2_10,0.055360756958088175,0.08044235768507436,0.0,1.0,0.0350564979720438,0.21666666666666667
6_2_11,0.06566957764532003,0.08603868580684162,0.0,1.0,0.038522323819888654,0.15595238095238095
6_2_12,0.08585970335787604,0.11861403825115702,0.0,1.0,0.0540854933848226,0.2571428571428571
6_2_13,0.07249046025756978,0.09680313684526567,0.0,1.0,0.0416384556228441,0.2226190476190476
6_2_14,0.09123213171215735,0.1180829997318735,0.0,1.0,0.0531292306401564,0.19642857142857142
6_2_15,0.08825888367008299,0.12909946748186782,0.0,1.0,0.046646751381510504,0.21428571428571427
6_2_16,0.0828263031900594,0.11915453119255767,0.0,1.0,0.05117286509165555,0.20238095238095238
6_2_17,0.14082637081610805,0.15798999898230195,0.0,1.0,0.08730493266999835,0.10238095238095238
6_2_18,0.07559251732382266,0.12864868032220575,0.0,1.0,0.03331180668667215,0.2154761904761905
6_2_19,0.0494382383625629,0.07773686158467583,0.0,1.0,0.025412035933101,0.2702380952380952
6_2_20,0.09738396622420781,0.10571194080061935,0.0,1.0,0.06771092649926895,0.12857142857142856
6_2_21,0.06807188165651905,0.10360753886029676,0.0,1.0,0.0314861281788833,0.37023809523809526
6_2_22,0.09651884248551149,0.12461017533187077,0.0,1.0,0.0555202374897948,0.3464285714285714
6_2_23,0.10431556477844293,0.14562975037363382,0.0,1.0,0.0225767640252439,0.45476190476190476
6_2_24,0.09468524817214065,0.13101833122740958,0.0,1.0,0.0430342183011418,0.3547619047619048
6_2_25,0.06991026225593276,0.10486450003703612,0.0,1.0,0.03315759776081735,0.15357142857142858
6_2_26,0.05136136606914839,0.0814133477417941,0.0,1.0,0.02593297749693475,0.26071428571428573
6_2_27,0.05084674568533506,0.08627316699725468,0.0,1.0,0.01979204550862415,0.4
6_2_28,0.13810686181705206,0.20099012936830304,0.0,1.0,0.0,0.5011904761904762
6_2_29,0.04137527860886772,0.07676903396659866,0.0,1.0,0.011096163280992399,0.43333333333333335
6_2_30,0.057229399612960107,0.09603159839656202,0.0,1.0,0.02768454540513515,0.3047619047619048
6_2_31,0.049379898283327575,0.07609182923273938,0.0,1.0,0.0245815928663603,0.3119047619047619
7_0_0,0.109735944580487,0.1513543321761129,0.0,1.0,0.03016633540194855,0.44166666666666665
7_0_1,0.05889310999604765,0.09612624240571103,0.0,1.0,0.011790795554827,0.4595238095238095
7_0_2,0.13133949735249956,0.18543357914247777,0.0,1.0,0.0185428837621714,0.4773809523809524
7_0_3,0.14733726677834416,0.11481950769962275,0.0,1.0,0.13781358940744734,0.09523809523809523
7_0_4,0.0840725194712168,0.09642666277833618,0.0,1.0,0.05797334824291035,0.28095238095238095
7_0_5,0.14487521440993853,0.19754993868371418,0.0,1.0,0.02530036072649515,0.4726190476190476
7_0_6,0.08547385893180137,0.11002350261061979,0.0,1.0,0.0495279768844107,0.18928571428571428
7_0_7,0.10545873604039012,0.1494560582749892,0.0,1.0,0.052603428312047645,0.3738095238095238
7_0_8,0.021606695122838058,0.05489234382332771,0.0,1.0,0.00605919500081175,0.42142857142857143
7_0_9,0.05726438569067891,0.08188641636830862,0.0,1.0,0.03068227109875395,0.319047619047619
7_0_10,0.13834966988617403,0.11798457704611909,0.0,1.0,0.1235343181647959,0.12380952380952381
7_0_11,0.10358144948951785,0.10184580325700958,0.0,1.0,0.08638016361606315,0.12142857142857143
7_0_12,0.0658222062517063,0.10169205190926726,0.0,1.0,0.035213251488345504,0.3404761904761905
7_0_13,0.04841661811141608,0.08764612789645644,0.0,1.0,0.001001194285052,0.49642857142857144
7_0_14,0.14036539079148544,0.18301413216637324,0.0,1.0,0.04850667886035215,0.4392857142857143
7_0_15,0.0815172424285412,0.09632764150347918,0.0,1.0,0.059187205341506205,0.2619047619047619
7_0_16,0.1539473061743315,0.21206637487135502,0.0,1.0,0.030665034552754503,0.4630952380952381
7_0_17,0.06758371019727615,0.09339354767025768,0.0,1.0,0.04298773536688675,0.2773809523809524
7_0_18,0.0962514341072674,0.10899616141543109,0.0,1.0,0.07559244631666814,0.2357142857142857
7_0_19,0.11264029226499893,0.13864039738747633,0.0,1.0,0.06894436158783016,0.29642857142857143
7_0_20,0.08523895465498578,0.11207530396315321,0.0,1.0,0.0523720812100817,0.19404761904761905
7_0_21,0.10082677005948562,0.0965324566062879,0.0,1.0,0.08301896475107229,0.11785714285714285
7_0_22,0.056627218967513146,0.06470740677448439,0.0,1.0,0.0440928481790563,0.23333333333333334
7_0_23,0.08338973262204094,0.08465122651834993,0.0,1.0,0.069334674901872,0.10357142857142858
7_0_24,0.135310827615294,0.18516735868475245,0.0,1.0,0.0244903370299644,0.47619047619047616
7_0_25,0.06304900792099005,0.09786889130888678,0.0,1.0,0.02423635909036655,0.39880952380952384
7_0_26,0.06998258687630539,0.10253443457172039,0.0,1.0,0.01369111452359625,0.4595238095238095
7_0_27,0.04962014521166127,0.07665682450569591,0.0,1.0,0.01974098470837625,0.42857142857142855
7_0_28,0.11086306239498743,0.125929279089772,0.0,1.0,0.07434399868174095,0.0988095238095238
7_0_29,0.11019933368786033,0.1232815614001775,0.0,1.0,0.0760801631348578,0.2833333333333333
7_0_30,0.06368548067126976,0.07862724781549434,0.0,1.0,0.04738976194191505,0.17857142857142858
7_0_31,0.09435851985570544,0.10314134117355023,0.0,1.0,0.0710827037584994,0.19047619047619047
7_1_0,0.08297352068793402,0.11187396738312712,0.0,1.0,0.03474187378158845,0.4142857142857143
7_1_1,0.10921156210756476,0.14078827128218455,0.0,1.0,0.0576569922620784,0.18571428571428572
7_1_2,0.082587340300011,0.10228214664805649,0.0,1.0,0.060077716047999205,0.2154761904761905
7_1_3,0.13305928109967935,0.1819966657587868,0.0,1.0,0.0356559422081766,0.44761904761904764
7_1_4,0.0586998960769938,0.09628358020555099,0.0,1.0,0.023170314387541198,0.4083333333333333
7_1_5,0.07424808612252053,0.11521844196979573,0.0,1.0,0.023659385654501597,0.4238095238095238
7_1_6,0.05347654271123643,0.08772565708761357,0.0,1.0,0.0263053233125777,0.3488095238095238
7_1_7,0.04537330379861083,0.07126374724692086,0.0,1.0,0.010718295617988,0.45
7_1_8,0.092048438176198,0.10826936712169549,0.0,1.0,0.06240584213055195,0.2642857142857143
7_1_9,0.06958419065802039,0.10141709451231805,0.0,1.0,0.04000922288907535,0.2761904761904762
7_1_10,0.1319144000759748,0.15674486683631467,0.0,1.0,0.0798594449986256,0.17857142857142858
7_1_11,0.06307590160647877,0.09844920669268889,0.0,1.0,0.022462096384451048,0.4166666666666667
7_1_12,0.08726654011925546,0.14955597027233816,0.0,1.0,0.033932742967526394,0.32976190476190476
7_1_13,0.05785068651530748,0.09924192430837508,0.0,1.0,0.02200652649509945,0.3678571428571429
7_1_14,0.11213251828880773,0.16622152732815695,0.0,1.0,0.0385377779389655,0.24642857142857144
7_1_15,0.15402699385528237,0.14613034896060723,0.0,1.0,0.11472909922492494,0.10476190476190476
7_1_16,0.07228824765496131,0.11261545915390452,0.0,1.0,0.038574922513834695,0.32976190476190476
7_1_17,0.11908758054024678,0.13614320677357622,0.0,1.0,0.07674455186105955,0.10357142857142858
7_1_18,0.26104324552531705,0.18607927439501407,0.0,1.0,0.23984787209599706,0.03333333333333333
7_1_19,0.17611109233845462,0.19082155869022469,0.0,1.0,0.11126057568363965,0.11190476190476191
7_1_20,0.19550702591986083,0.15633731135744158,0.0,1.0,0.16713680417826465,0.04285714285714286
7_1_21,0.1474629236624196,0.12526140900295255,0.0,1.0,0.12059885556466246,0.05357142857142857
7_1_22,0.11909805639097308,0.1315051602948888,0.0,1.0,0.08086948816569214,0.12261904761904761
7_1_23,0.13193473294655808,0.131431348431081,0.0,1.0,0.10513563942161941,0.14047619047619048
7_1_24,0.047067486723251305,0.07356711579327,0.0,1.0,0.020026001396895,0.38333333333333336
7_1_25,0.06278505388181724,0.0969425411313796,0.0,1.0,0.0381696177618039,0.23809523809523808
7_1_26,0.10660129755562071,0.12022824645269418,0.0,1.0,0.068828186316225,0.1
7_1_27,0.11412029679869262,0.12828009357163772,0.0,1.0,0.07117043315060831,0.13690476190476192
7_1_28,0.07542238980545338,0.10710789443244462,0.0,1.0,0.04553345520580525,0.19047619047619047
7_1_29,0.06567719047325939,0.09314456808594877,0.0,1.0,0.037267333428396054,0.1988095238095238
7_1_30,0.09804894726844984,0.13697052163078968,0.0,1.0,0.0496949172566946,0.3678571428571429
7_1_31,0.027562273273851117,0.055111652955479574,0.0,1.0,0.0095097404832799,0.40595238095238095
7_2_0,0.22582322969800672,0.19501381113798402,0.0,1.0,0.19865497417240563,0.0630952380952381
7_2_1,0.07214326647355226,0.09201940757820581,0.0,1.0,0.0512539590506979,0.16428571428571428
7_2_2,0.046566670436963636,0.08323463004485541,0.0,1.0,0.01202581521144945,0.4488095238095238
7_2_3,0.10318740532831981,0.1435515213959061,0.0,1.0,0.0515390815937765,0.25952380952380955
7_2_4,0.2322758433970916,0.1804248433808781,0.0,1.0,0.19053303037418676,0.01904761904761905
7_2_5,0.08535199248019956,0.11110513299379149,0.0,1.0,0.0508477586073752,0.1988095238095238
7_2_6,0.08147877042502762,0.1182373055469982,0.0,1.0,0.041451292636393244,0.3238095238095238
7_2_7,0.07474187594532597,0.1106433420687565,0.0,1.0,0.0134209233078923,0.46785714285714286
7_2_8,0.22488177765969725,0.16137183164280297,0.0,1.0,0.1966109100090967,0.025
7_2_9,0.2645769046436156,0.19257368936384553,0.0,1.0,0.2723247844347053,0.011904761904761904
7_2_10,0.07186679732306295,0.10251547215169594,0.0,1.0,0.0393356740335769,0.2761904761904762
7_2_11,0.1348515720696535,0.11190983752598277,0.0,1.0,0.11067143632292735,0.04880952380952381
7_2_12,0.11969271584334591,0.12084133382348339,0.0,1.0,0.08503297684403041,0.060714285714285714
7_2_13,0.06452881502569432,0.09453950694563767,0.0,1.0,0.03157410371305085,0.36428571428571427
7_2_14,0.06691012286709033,0.10767688133846486,0.0,1.0,0.03034180581939425,0.36428571428571427
7_2_15,0.12266857203523876,0.1682146989504222,0.0,1.0,0.0348731656094209,0.44285714285714284
7_2_16,0.14644402381577692,0.12559770082753652,0.0,1.0,0.11232808535719266,0.04642857142857143
7_2_17,0.29314413217041735,0.173180059212183,0.0,1.0,0.2681471305616592,0.008333333333333333
7_2_18,0.2500242118847323,0.17189671178328775,0.0,1.0,0.23589495168755875,0.030952380952380953
7_2_19,0.16237725661545527,0.147752931405244,0.0,1.0,0.12277581376904931,0.04523809523809524
7_2_20,0.06486563050780227,0.09591493646208259,0.0,1.0,0.03853693627220455,0.19285714285714287
7_2_21,0.14660314380660766,0.13496497228092363,0.0,1.0,0.10631599976503539,0.02023809523809524
7_2_22,0.12434942864784394,0.12966779891160574,0.0,1.0,0.08862710628716186,0.10476190476190476
7_2_23,0.09581316248251269,0.13441377894138506,0.0,1.0,0.02621664269685525,0.4392857142857143
7_2_24,0.05034885632768858,0.08782861072861574,0.0,1.0,0.02349241130770695,0.2988095238095238
7_2_25,0.22210740729208722,0.18656100189937966,0.0,1.0,0.1853538509547532,0.06547619047619048
7_2_26,0.07238084863962135,0.09627078015470009,0.0,1.0,0.04684375690830795,0.24761904761904763
7_2_27,0.06378893575104139,0.09540323420283318,0.0,1.0,0.0321647889217892,0.25476190476190474
7_2_28,0.039560815901521655,0.0778439332610472,0.0,1.0,0.0144847544826463,0.19642857142857142
7_2_29,0.11606055548318023,0.13087243301779838,0.0,1.0,0.08532575944441195,0.16547619047619047
7_2_30,0.05778204023695489,0.08754365674591551,0.0,1.0,0.022796314712461747,0.4119047619047619
7_2_31,0.12802443585265116,0.18672084850795706,0.0,1.0,0.002494939762123,0.49523809523809526
8_0_0,0.15212086428047256,0.21343302979868078,0.0,1.0,0.013323701527036599,0.48095238095238096
8_0_1,0.13028262586506004,0.18177701819423406,0.0,1.0,0.02090347636722465,0.4738095238095238
8_0_2,0.14543663998299253,0.19849932154638647,0.0,1.0,0.027140476451625352,0.4738095238095238
8_0_3,0.2006857719897117,0.20490493794775547,0.0,1.0,0.14706845926778855,0.2642857142857143
8_0_4,0.07693597917789963,0.07743516645369433,0.0,1.0,0.06736408480022829,0.14047619047619048
8_0_5,0.06604839558345886,0.09851511265072843,0.0,1.0,0.02714292094467035,0.26785714285714285
8_0_6,0.07921109985495513,0.10489231310349631,0.0,1.0,0.044899535819095504,0.24642857142857144
8_0_7,0.17309318015621317,0.18733907131000424,0.0,1.0,0.13056916512891603,0.25952380952380955
8_0_8,0.17112786289080884,0.21914961924110052,0.0,1.0,0.07625588405160799,0.41785714285714287
8_0_9,0.13705405214431854,0.17939952972193496,0.0,1.0,0.0534445888661947,0.42023809523809524
8_0_10,0.069690114002138,0.10534449275417487,0.0,1.0,0.00466283836766165,0.48928571428571427
8_0_11,0.12861963721094988,0.1794138215088449,0.0,1.0,0.03103021195102365,0.44761904761904764
8_0_12,0.11608432565300622,0.12612123183285798,0.0,1.0,0.0881911955545995,0.125
8_0_13,0.2613581328846877,0.21574839840095872,0.0,1.0,0.22754504882505927,0.07857142857142857
8_0_14,0.1646241090459854,0.15531140877669622,0.0,1.0,0.1237001057682556,0.08571428571428572
8_0_15,0.14963446211519835,0.14106650070756643,0.0,1.0,0.1215638132640427,0.18571428571428572
8_0_16,0.1427625305355795,0.1539532730238135,0.0,1.0,0.102844579129405,0.3047619047619048
8_0_17,0.062212082686396365,0.07438108304863825,0.0,1.0,0.042042280201080404,0.32142857142857145
8_0_18,0.1212355707480981,0.11646394199415197,0.0,1.0,0.09340631107560979,0.10238095238095238
8_0_19,0.29071488070848045,0.1703618835695483,0.0,1.0,0.2562213481811388,0.0011904761904761906
8_0_20,0.3535566275498423,0.1975277565576254,0.0,1.0,0.34626312956935335,0.011904761904761904
8_0_21,0.4120164499449935,0.2684672685073626,0.0,1.0,0.46782028938057213,0.002380952380952381
8_0_22,0.21331409880518187,0.1665424513707721,0.0,1.0,0.17566578032058144,0.015476190476190477
8_0_23,0.09058177994925745,0.11909239176738519,0.0,1.0,0.0525522137803582,0.18928571428571428
8_0_24,0.10466969302435856,0.14944962589626234,0.0,1.0,0.027899325395533248,0.44047619047619047
8_0_25,0.1438277090275508,0.2049413472181354,0.0,1.0,0.01932983237736465,0.4714285714285714
8_0_26,0.08482354782506547,0.12275723891827832,0.0,1.0,0.0198741072496528,0.45714285714285713
8_0_27,0.1934381841068172,0.17088040442505334,0.0,1.0,0.1695017353102671,0.19642857142857142
8_0_28,0.10403114160213056,0.11477988918947496,0.0,1.0,0.08033394047713624,0.2571428571428571
8_0_29,0.14905498379922982,0.146168147399612,0.0,1.0,0.11331759017965555,0.09404761904761905
8_0_30,0.10322781421496745,0.10704177925807146,0.0,1.0,0.07579790282237435,0.1357142857142857
8_0_31,0.09200098684190412,0.13434490346233272,0.0,1.0,0.0400173187613599,0.3416666666666667
8_1_0,0.09603098080715054,0.12924118591595293,0.0,1.0,0.03740775273392515,0.42142857142857143
8_1_1,0.14643915674295038,0.1698675782537481,0.0,1.0,0.09573289423357176,0.22857142857142856
8_1_2,0.10989074604616132,0.14881213353203937,0.0,1.0,0.0602911678971528,0.29523809523809524
8_1_3,0.17403727273220992,0.19007436657120355,0.0,1.0,0.10341807461613414,0.20238095238095238
8_1_4,0.09163582212034,0.12912684692807197,0.0,1.0,0.047554093164783595,0.3619047619047619
8_1_5,0.08382965365023114,0.10007476024196861,0.0,1.0,0.0600621250612223,0.3142857142857143
8_1_6,0.1079953607646708,0.1437878555464555,0.0,1.0,0.06227185307207325,0.3
8_1_7,0.0909872066445078,0.10743445341373332,0.0,1.0,0.06801559650570226,0.20833333333333334
8_1_8,0.10923623517246847,0.09344342251117754,0.0,1.0,0.10153265902562605,0.04404761904761905
8_1_9,0.36364250992951264,0.2000144460499554,0.0,1.0,0.370352100515852,0.01904761904761905
8_1_10,0.1271069159898578,0.1455741423175326,0.0,1.0,0.0881296685199135,0.15833333333333333
8_1_11,0.08283810337187088,0.10873831534213196,0.0,1.0,0.04944541468848815,0.3130952380952381
8_1_12,0.10331025145284761,0.12733413192488305,0.0,1.0,0.06837795954424415,0.19047619047619047
8_1_13,0.2047366200791855,0.1457861369038419,0.0,1.0,0.190823658474096,0.041666666666666664
8_1_14,0.2524269020720918,0.20846954633667764,0.0,1.0,0.23100300844791616,0.060714285714285714
8_1_15,0.09753279003204095,0.11118529956367323,0.0,1.0,0.06885119537404445,0.16547619047619047
8_1_16,0.10903588672304138,0.13267071245841852,0.0,1.0,0.07597739148328794,0.2702380952380952
8_1_17,0.1517507330376012,0.1299007709443113,0.0,1.0,0.1177187006307647,0.055952380952380955
8_1_18,0.13854759070446798,0.1459801577001345,0.0,1.0,0.0984433604375992,0.09166666666666666
8_1_19,0.09715317389919267,0.10571453307275493,0.0,1.0,0.07312359844748126,0.1869047619047619
8_1_20,0.1133736873758736,0.12106703583386266,0.0,1.0,0.08408402350285371,0.12976190476190477
8_1_21,0.23529195958670568,0.17429432296322245,0.0,1.0,0.19510371302650514,0.015476190476190477
8_1_22,0.22734084053439363,0.15517360520314513,0.0,1.0,0.19470676789831345,0.008333333333333333
8_1_23,0.284240226006941,0.1761271615857962,0.0,1.0,0.24659660219499774,0.004761904761904762
8_1_24,0.12432491143838392,0.1770580635798419,0.0,1.0,0.0118497657616118,0.4845238095238095
8_1_25,0.10714586354933413,0.15115802821378987,0.0,1.0,0.020692677487073298,0.4595238095238095
8_1_26,0.0846541954362519,0.11771690091734652,0.0,1.0,0.04939341786416735,0.24523809523809523
8_1_27,0.190522223356543,0.20094171295460883,0.0,1.0,0.1201495253866521,0.22023809523809523
8_1_28,0.08769977634723106,0.1206920744807769,0.0,1.0,0.0466484521781389,0.3547619047619048
8_1_29,0.11368005063327044,0.14891140850055337,0.0,1.0,0.0476598343878922,0.3892857142857143
8_1_30,0.10552901715121894,0.15373055703702254,0.0,1.0,0.01897682677515715,0.4726190476190476
8_1_31,0.1292767713862592,0.14059966446594582,0.0,1.0,0.09079284743321464,0.275
8_2_0,0.08102115198686571,0.14007512286840518,0.0,1.0,0.0389752802151197,0.07857142857142857
8_2_1,0.11188396221301633,0.15564079941276887,0.0,1.0,0.05370223209901065,0.26071428571428573
8_2_2,0.05253587961653494,0.10577261141962566,0.0,1.0,0.0144402495682623,0.4154761904761905
8_2_3,0.1245573214048896,0.178445786573227,0.0,1.0,0.02193952421261605,0.46190476190476193
8_2_4,0.09864156838707082,0.13530811785722183,0.0,1.0,0.037695098558722745,0.42023809523809524
8_2_5,0.14774431946437308,0.2083763990716437,0.0,1.0,0.01133474727562475,0.4869047619047619
8_2_6,0.1539295453954027,0.19988318292224672,0.0,1.0,0.05239479547498255,0.43214285714285716
8_2_7,0.10016026633748285,0.14641305325554033,0.0,1.0,0.0,0.5023809523809524
8_2_8,0.06630380328247376,0.08098294669694771,0.0,1.0,0.0513661183971999,0.13333333333333333
8_2_9,0.10048084706400377,0.13165018499505554,0.0,1.0,0.051896826003541896,0.17142857142857143
8_2_10,0.11642930248875094,0.13538784794336262,0.0,1.0,0.0735835237977077,0.1392857142857143
8_2_11,0.07828828259854904,0.10871639449763301,0.0,1.0,0.0468443938815924,0.2833333333333333
8_2_12,0.1132645184953427,0.15083380012676856,0.0,1.0,0.06468853223855045,0.1988095238095238
8_2_13,0.07405685256204401,0.09739030812111461,0.0,1.0,0.0425272670301898,0.31547619047619047
8_2_14,0.08561648412562407,0.11104161867942372,0.0,1.0,0.04354597330727495,0.3904761904761905
8_2_15,0.14296537019594643,0.1979448699693963,0.0,1.0,0.01752610348303275,0.48214285714285715
8_2_16,0.08630683012472294,0.1210967024214081,0.0,1.0,0.02952244567207295,0.43214285714285716
8_2_17,0.07983708589180745,0.10431894263866712,0.0,1.0,0.043362368993983255,0.305952380952381
8_2_18,0.08891351032060364,0.11647465168479366,0.0,1.0,0.0507612362467237,0.2571428571428571
8_2_19,0.05886125096688312,0.08649204025594902,0.0,1.0,0.01814511340928305,0.4380952380952381
8_2_20,0.06442209759117017,0.1006115931359109,0.0,1.0,0.0341225869847858,0.3011904761904762
8_2_21,0.07320270458968214,0.11306199985085637,0.0,1.0,0.0075615734454377,0.4738095238095238
8_2_22,0.12566381950744532,0.17820139300283758,0.0,1.0,0.021187224434720202,0.4726190476190476
8_2_23,0.14437345077952654,0.19751040285224822,0.0,1.0,0.03518764577665675,0.45
8_2_24,0.04797123952504748,0.0880183478469163,0.0,1.0,0.0214207368109788,0.2714285714285714
8_2_25,0.09445207406664605,0.12774877422703956,0.0,1.0,0.0377294344306099,0.4261904761904762
8_2_26,0.07691744742796694,0.11831227118497196,0.0,1.0,0.03042394741766705,0.39404761904761904
8_2_27,0.0997734983434998,0.14645442763280891,0.0,1.0,0.0,0.5107142857142857
8_2_28,0.07776758573159989,0.11347719236364415,0.0,1.0,0.04107316110622025,0.3380952380952381
8_2_29,0.08726005412897955,0.12625112985346404,0.0,1.0,0.01431785971710515,0.4738095238095238
8_2_30,0.14002598299718882,0.1933228046635542,0.0,1.0,0.0289873943793174,0.4726190476190476
8_2_31,0.137091953328495,0.19478879013962816,0.0,1.0,0.0120150445363304,0.4857142857142857
9_0_0,0.10033304817140724,0.14054860752826714,0.0,1.0,0.034478576649352305,0.41904761904761906
9_0_1,0.12602360059833856,0.18317558141120202,0.0,1.0,0.0012688079235459,0.4976190476190476
9_0_2,0.23851155947363298,0.19227961362199714,0.0,1.0,0.2166722049589339,0.03333333333333333
9_0_3,0.24522662567055262,0.1999666794313114,0.0,1.0,0.22260075631791432,0.09047619047619047
9_0_4,0.07078000497351072,0.08206413653034764,0.0,1.0,0.04969274111571295,0.17261904761904762
9_0_5,0.18777866241811406,0.14869985468880442,0.0,1.0,0.1708629620818251,0.09523809523809523
9_0_6,0.11954534055903529,0.10975793766023988,0.0,1.0,0.0894269561702764,0.05238095238095238
9_0_7,0.06447288671935208,0.1008180247474286,0.0,1.0,0.0351715042943677,0.3107142857142857
9_0_8,0.13118110423104523,0.19284701237535523,0.0,1.0,0.0035882265317284,0.49404761904761907
9_0_9,0.14506228449430572,0.1362632867591257,0.0,1.0,0.12163797979520094,0.20833333333333334
9_0_10,0.24190150293302237,0.18025945915297412,0.0,1.0,0.2583849184502996,0.03333333333333333
9_0_11,0.10754242721045197,0.11779907161714549,0.0,1.0,0.0784138339473695,0.1761904761904762
9_0_12,0.16085986690898862,0.1279431417035607,0.0,1.0,0.14467406930208931,0.05238095238095238
9_0_13,0.2406478401976944,0.13836400011943342,0.0,1.0,0.21489108501739673,0.005952380952380952
9_0_14,0.35406344107269144,0.19263633596606747,0.0,1.0,0.3350487790901395,0.007142857142857143
9_0_15,0.1486701727612206,0.13360207289337106,0.0,1.0,0.1204345994966594,0.09642857142857143
9_0_16,0.048655318779013204,0.07969353381164732,0.0,1.0,0.019600702578764048,0.430952380952381
9_0_17,0.1145916745261077,0.14524143836114922,0.0,1.0,0.06852174000580394,0.27976190476190477
9_0_18,0.07385557089988241,0.1025520511975251,0.0,1.0,0.04247140139991995,0.19523809523809524
9_0_19,0.05878039958338013,0.060270630270773645,0.0,1.0,0.0490506127481099,0.1
9_0_20,0.17185724123272073,0.1663229841894488,0.0,1.0,0.12502579035454237,0.05357142857142857
9_0_21,0.31959844857289244,0.18902396646069897,0.0,1.0,0.310750407370304,0.013095238095238096
9_0_22,0.3494556064036199,0.206755326132056,0.0,1.0,0.3600600858153153,0.008333333333333333
9_0_23,0.13721275821401704,0.12652690949936576,0.0,1.0,0.10348076465789205,0.07023809523809524
9_0_24,0.116635632276598,0.16121769025615398,0.0,1.0,0.044469124742119295,0.4154761904761905
9_0_25,0.15085506280578287,0.20938559993784717,0.0,1.0,0.0313805462498426,0.45357142857142857
9_0_26,0.1472341724296974,0.14351587672450591,0.0,1.0,0.11426984022378245,0.17142857142857143
9_0_27,0.2807803417164442,0.20554645215330208,0.0,1.0,0.25624646325455713,0.075
9_0_28,0.07696677510744736,0.08246710398875479,0.0,1.0,0.061275585003383704,0.15476190476190477
9_0_29,0.09603573571794953,0.10988800673902553,0.0,1.0,0.0670309575328785,0.23333333333333334
9_0_30,0.10208699933830323,0.1085218646912296,0.0,1.0,0.0765599523976179,0.12738095238095237
9_0_31,0.13050734973638392,0.14788783613623377,0.0,1.0,0.081750301990569,0.18095238095238095
9_1_0,0.18512691763176164,0.1728370612344026,0.0,1.0,0.14251786167684555,0.0869047619047619
9_1_1,0.06780538002560883,0.10678623860781135,0.0,1.0,0.0382517543585361,0.24642857142857144
9_1_2,0.16444175561730526,0.15200055154079847,0.0,1.0,0.12645176217634754,0.12261904761904761
9_1_3,0.15496288777651937,0.16981374311766256,0.0,1.0,0.10211498908928385,0.19285714285714287
9_1_4,0.11576773326307556,0.14459488729690015,0.0,1.0,0.06434411728418149,0.1869047619047619
9_1_5,0.07556408615838565,0.10824485460767545,0.0,1.0,0.04319739611846375,0.26904761904761904
9_1_6,0.15551863252427048,0.177852406679575,0.0,1.0,0.09057511995873466,0.1130952380952381
9_1_7,0.1727824384585321,0.19309954615780514,0.0,1.0,0.07972080615750204,0.09047619047619047
9_1_8,0.13388986145804688,0.12288796430112403,0.0,1.0,0.10384250685162,0.08333333333333333
9_1_9,0.09965194773955294,0.12964924514682505,0.0,1.0,0.06162762826891765,0.16428571428571428
9_1_10,0.2425762496850186,0.18292848265358724,0.0,1.0,0.24140214304405416,0.055952380952380955
9_1_11,0.2501589635477024,0.22408727411954313,0.0,1.0,0.1982495884071184,0.075
9_1_12,0.10690884935860091,0.13429859573480263,0.0,1.0,0.049456108510516,0.18333333333333332
9_1_13,0.09799240200864258,0.11573280343101168,0.0,1.0,0.061639507567448446,0.09404761904761905
9_1_14,0.15789403101409197,0.1643841635122481,0.0,1.0,0.10833282660485821,0.10119047619047619
9_1_15,0.17017732204219121,0.13855005809910342,0.0,1.0,0.15540529930950825,0.05714285714285714
9_1_16,0.05352138483103171,0.08177014087915865,0.0,1.0,0.024777196718241898,0.4035714285714286
9_1_17,0.18340453861589798,0.15694293218247274,0.0,1.0,0.1442091416042039,0.05
9_1_18,0.08142177505535363,0.100025478180704,0.0,1.0,0.05481423141549665,0.13452380952380952
9_1_19,0.16860818851411305,0.1465315671358605,0.0,1.0,0.130142096793741,0.025
9_1_20,0.12438342536628186,0.11673156275196292,0.0,1.0,0.09518501014181274,0.06785714285714285
9_1_21,0.05414086391128739,0.09406306039408391,0.0,1.0,0.03187406602531425,0.26666666666666666
9_1_22,0.19842844255784045,0.1813226420693574,0.0,1.0,0.1571464237820026,0.1380952380952381
9_1_23,0.03319431212273274,0.058712756173962294,0.0,1.0,0.01433549202515475,0.3892857142857143
9_1_24,0.11894891100021297,0.12285810433156966,0.0,1.0,0.0899509374949805,0.20357142857142857
9_1_25,0.11970699009561629,0.1140969864858708,0.0,1.0,0.09345260820771706,0.07380952380952381
9_1_26,0.06505571306840562,0.10225609827284693,0.0,1.0,0.03388670579708085,0.3202380952380952
9_1_27,0.10145549436541641,0.12619513109435684,0.0,1.0,0.0641333404956689,0.2869047619047619
9_1_28,0.08058931779801208,0.11338518974994635,0.0,1.0,0.0332902863390314,0.42023809523809524
9_1_29,0.042278300682484345,0.09338335904964933,0.0,1.0,0.008864784962004449,0.42738095238095236
9_1_30,0.05831285207085946,0.08863703983016721,0.0,1.0,0.03553765131858215,0.28809523809523807
9_1_31,0.10095247321070433,0.11451144575486635,0.0,1.0,0.07297800318604605,0.175
9_2_0,0.09163914616158696,0.10800332298974646,0.0,1.0,0.06386276925740045,0.2119047619047619
9_2_1,0.064002795379376,0.08505632825910119,0.0,1.0,0.044121510343972,0.14404761904761904
9_2_2,0.23553643257519916,0.20166008614775924,0.0,1.0,0.2156502232881767,0.1130952380952381
9_2_3,0.21817881567496558,0.1570196179454612,0.0,1.0,0.2112987189938808,0.05357142857142857
9_2_4,0.14119317527640965,0.12925385085378405,0.0,1.0,0.11585953198295734,0.11666666666666667
9_2_5,0.15341956113840804,0.13450348888581362,0.0,1.0,0.13378328421492874,0.11666666666666667
9_2_6,0.1872602122635421,0.1551620173281916,0.0,1.0,0.16156650478376516,0.04880952380952381
9_2_7,0.12975840026637353,0.14805356822563853,0.0,1.0,0.07971581015880086,0.18333333333333332
9_2_8,0.08793652466902789,0.12020343754461628,0.0,1.0,0.046282056266947647,0.3404761904761905
9_2_9,0.10231132782414845,0.11650782873820979,0.0,1.0,0.07278473989140025,0.13690476190476192
9_2_10,0.16572672982305134,0.12383199384221645,0.0,1.0,0.14346161512162592,0.013095238095238096
9_2_11,0.281625455583678,0.19032197257099617,0.0,1.0,0.2699544539620315,0.015476190476190477
9_2_12,0.3150424751474973,0.2308087793032999,0.0,1.0,0.34245582787740003,0.07142857142857142
9_2_13,0.2515027603427431,0.20375870075966848,0.0,1.0,0.21883376314544373,0.04404761904761905
9_2_14,0.19721152948191048,0.1630027366167519,0.0,1.0,0.15866073335846353,0.03571428571428571
9_2_15,0.15918605572095773,0.13882746874606636,0.0,1.0,0.13101874664668334,0.09642857142857143
9_2_16,0.08906073366300925,0.1395258596555315,0.0,1.0,0.0411198501405263,0.2357142857142857
9_2_17,0.15622458857544663,0.11489508420442951,0.0,1.0,0.1377241149968368,0.041666666666666664
9_2_18,0.13794167836981117,0.1335021827601764,0.0,1.0,0.09912284878911175,0.058333333333333334
9_2_19,0.21757750571665424,0.14915699879909347,0.0,1.0,0.19201351756683935,0.014285714285714285
9_2_20,0.09106498981570685,0.11737643847990936,0.0,1.0,0.05255345685149005,0.20476190476190476
9_2_21,0.08001846013908814,0.0764896803444828,0.0,1.0,0.06088758329088015,0.03214285714285714
9_2_22,0.19578342783004235,0.14294578610809988,0.0,1.0,0.16720071390157681,0.03571428571428571
9_2_23,0.11624665760680465,0.146694131071834,0.0,1.0,0.05446053046318525,0.2488095238095238
9_2_24,0.10625212392836765,0.12995128926912572,0.0,1.0,0.07078809766970029,0.24761904761904763
9_2_25,0.2621091542769318,0.20457871085928153,0.0,1.0,0.25385879944590384,0.07976190476190476
9_2_26,0.17760906392538384,0.16653660332099593,0.0,1.0,0.1387363859002769,0.14523809523809525
9_2_27,0.24312518256880306,0.20274576446423792,0.0,1.0,0.22017845839819145,0.15357142857142858
9_2_28,0.15788406503262256,0.16298641449871876,0.0,1.0,0.10789302919636756,0.1773809523809524
9_2_29,0.09843293084622715,0.12628110051128094,0.0,1.0,0.061393035638195106,0.27380952380952384
9_2_30,0.1499913331360514,0.15878682802019797,0.0,1.0,0.10158988202182309,0.17857142857142858
9_2_31,0.1474534137749235,0.156141122512323,0.0,1.0,0.1059805009616173,0.19642857142857142
10_0_0,0.06670309931574593,0.09935314108781809,0.0,1.0,0.02291384541211655,0.4166666666666667
10_0_1,0.11780524504696135,0.13186727758212938,0.0,1.0,0.07266167923054134,0.14166666666666666
10_0_2,0.12888621599167685,0.1886630453707446,0.0,1.0,0.01817672109273625,0.4726190476190476
10_0_3,0.0652770165352412,0.09672206699618884,0.0,1.0,0.02809412230544025,0.3964285714285714
10_0_4,0.0696512485694159,0.10416099844131047,0.0,1.0,0.042010061597099954,0.24642857142857144
10_0_5,0.09651138695140993,0.14019908133437894,0.0,1.0,0.05408141441854035,0.30238095238095236
10_0_6,0.09499990927458087,0.1393815682132062,0.0,1.0,0.03722208930284185,0.26071428571428573
10_0_7,0.13929434215819994,0.13919558932948667,0.0,1.0,0.10208735743664035,0.09404761904761905
10_0_8,0.07514419281909458,0.10484078362235731,0.0,1.0,0.02284085744939465,0.45
10_0_9,0.12376439193016359,0.14020260790271877,0.0,1.0,0.086255252234308,0.15833333333333333
10_0_10,0.22608186989252346,0.19726046680268178,0.0,1.0,0.19804461314240734,0.058333333333333334
10_0_11,0.14729870252137076,0.1594374218749883,0.0,1.0,0.10380588835062421,0.10357142857142858
10_0_12,0.1465521830234734,0.15218525829314236,0.0,1.0,0.09655023688833936,0.05952380952380952
10_0_13,0.10425320208078633,0.09854425213132242,0.0,1.0,0.07938970411965465,0.06428571428571428
10_0_14,0.12362488671412047,0.12038513943886679,0.0,1.0,0.09264862261580656,0.06666666666666667
10_0_15,0.1525805898569826,0.128270060016443,0.0,1.0,0.1259275272581922,0.055952380952380955
10_0_16,0.10677879420628747,0.15817100963509295,0.0,1.0,0.05040235807238585,0.2011904761904762
10_0_17,0.2840144397446739,0.1691270778648274,0.0,1.0,0.26860664302627746,0.0011904761904761906
10_0_18,0.3011772575980648,0.20404281036656624,0.0,1.0,0.27810779396869434,0.01904761904761905
10_0_19,0.05920826659069637,0.08484742544179304,0.0,1.0,0.034879803215897204,0.18095238095238095
10_0_20,0.11516043657820584,0.13603611934187895,0.0,1.0,0.07473496872285226,0.10952380952380952
10_0_21,0.15603484585149896,0.14562351944365973,0.0,1.0,0.11469951479698215,0.04047619047619048
10_0_22,0.18471225491898022,0.1607565696700515,0.0,1.0,0.14746222864144914,0.04642857142857143
10_0_23,0.06908210256653823,0.12226042900690698,0.0,1.0,0.02582419008145,0.2892857142857143
10_0_24,0.09545391268242748,0.12512356419546364,0.0,1.0,0.0474241738373916,0.37023809523809526
10_0_25,0.08552431176210847,0.12400626002830152,0.0,1.0,0.0445345378495138,0.30238095238095236
10_0_26,0.0917205346955096,0.12828837118688408,0.0,1.0,0.044653400849609295,0.37142857142857144
10_0_27,0.03904711684247908,0.07060271276719617,0.0,1.0,0.0201545545174312,0.29642857142857143
10_0_28,0.06900218154704192,0.0941566303767965,0.0,1.0,0.04104760799132605,0.14047619047619048
10_0_29,0.1471091892116312,0.1516783881881143,0.0,1.0,0.1118467362194485,0.15357142857142858
10_0_30,0.11649102399627521,0.14064637971698668,0.0,1.0,0.06929491514694865,0.2226190476190476
10_0_31,0.112337527930105,0.12089440690793384,0.0,1.0,0.0766291132578347,0.12976190476190477
10_1_0,0.09566652296549819,0.11533717415392301,0.0,1.0,0.06927042574185746,0.30714285714285716
10_1_1,0.15095629538870511,0.13234553268690422,0.0,1.0,0.13440010938573066,0.1630952380952381
10_1_2,0.08058390423401687,0.09023784550774036,0.0,1.0,0.06129838355106435,0.18452380952380953
10_1_3,0.08914946511687424,0.10931827861431197,0.0,1.0,0.056399022670748755,0.10714285714285714
10_1_4,0.08593685788244028,0.10340746516217345,0.0,1.0,0.0570514372934889,0.13095238095238096
10_1_5,0.07825085719010119,0.10044997000191608,0.0,1.0,0.04661064432350835,0.2916666666666667
10_1_6,0.0746825510808657,0.11463894531995457,0.0,1.0,0.0164062935134958,0.4583333333333333
10_1_7,0.07480451720715148,0.1148616232104648,0.0,1.0,0.0147457849270156,0.45714285714285713
10_1_8,0.11237971053560539,0.11853451166196823,0.0,1.0,0.07991161926190675,0.18571428571428572
10_1_9,0.13589600734843887,0.11993400815848575,0.0,1.0,0.10964879895760324,0.075
10_1_10,0.11073850962838999,0.11770235370420076,0.0,1.0,0.0789461149526636,0.11071428571428571
10_1_11,0.20099489230649006,0.14974222262695178,0.0,1.0,0.18133198451718235,0.06190476190476191
10_1_12,0.25508672958739964,0.17273792484745476,0.0,1.0,0.25535387963994305,0.02976190476190476
10_1_13,0.271176156898737,0.19485228114875028,0.0,1.0,0.23214250111055995,0.02023809523809524
10_1_14,0.12151564323765175,0.12187114323208409,0.0,1.0,0.09503174094459416,0.09166666666666666
10_1_15,0.10719785612828894,0.14934587925353576,0.0,1.0,0.0292013527862839,0.44642857142857145
10_1_16,0.1405449108806629,0.15748312072630166,0.0,1.0,0.10408591800421946,0.30833333333333335
10_1_17,0.046477963254039405,0.07074964728838498,0.0,1.0,0.0305452007218623,0.20833333333333334
10_1_18,0.2275800625107738,0.17075177012163834,0.0,1.0,0.1793539550795094,0.009523809523809525
10_1_19,0.15061510839110293,0.1364984800739804,0.0,1.0,0.11657673227932905,0.04880952380952381
10_1_20,0.36231730687058855,0.21638675972665164,0.0,1.0,0.3645430005526361,0.007142857142857143
10_1_21,0.12148586709473566,0.1463497907606891,0.0,1.0,0.07057226428405505,0.1869047619047619
10_1_22,0.13739808813860363,0.1644415698674849,0.0,1.0,0.09054602317681934,0.1880952380952381
10_1_23,0.08262055010909419,0.1188529001209833,0.0,1.0,0.0399492426157356,0.36666666666666664
10_1_24,0.08829575292069415,0.12832938148503364,0.0,1.0,0.01598767777947065,0.4607142857142857
10_1_25,0.06520756273903067,0.1067152155289043,0.0,1.0,0.03423816267803595,0.25833333333333336
10_1_26,0.09060120584542507,0.12114727889263212,0.0,1.0,0.05355543220770275,0.24166666666666667
10_1_27,0.12679338916898011,0.15362788584687911,0.0,1.0,0.07689728083486419,0.3119047619047619
10_1_28,0.12046604368003423,0.14451862729465198,0.0,1.0,0.07636220174139324,0.30833333333333335
10_1_29,0.034249308653455456,0.0743603738689552,0.0,1.0,0.00649322705753195,0.4642857142857143
10_1_30,0.07626038558390494,0.11737170555002784,0.0,1.0,0.03756993692782,0.32261904761904764
10_1_31,0.08514725843102271,0.126964865807158,0.0,1.0,0.0241549619112079,0.44285714285714284
10_2_0,0.14117620036833067,0.17695665653562784,0.0,1.0,0.06687728508655265,0.40595238095238095
10_2_1,0.10696154428639133,0.1550280270567711,0.0,1.0,0.017839366032109,0.4785714285714286
10_2_2,0.033021651490348185,0.06026268665468666,0.0,1.0,0.003935775447085,0.4666666666666667
10_2_3,0.13285490628570285,0.18985014481009882,0.0,1.0,0.0030992539640099497,0.4928571428571429
10_2_4,0.18239579844946072,0.17501934399620403,0.0,1.0,0.1418049543266945,0.1380952380952381
10_2_5,0.16088381739397914,0.1532657795150031,0.0,1.0,0.11589635249898014,0.0630952380952381
10_2_6,0.1872870367699282,0.1562982159401346,0.0,1.0,0.15596742104658373,0.07142857142857142
10_2_7,0.09177046549248409,0.08565506908685112,0.0,1.0,0.07995685612881795,0.11547619047619048
10_2_8,0.08889202178725682,0.12624980166237043,0.0,1.0,0.04015914865353185,0.4023809523809524
10_2_9,0.07637578043425917,0.11743270277579768,0.0,1.0,0.02393964747578635,0.41785714285714287
10_2_10,0.10352773336644312,0.14701808456766113,0.0,1.0,0.00562190534166525,0.4797619047619048
10_2_11,0.12969933561875444,0.1339593988221302,0.0,1.0,0.10656658009089301,0.05476190476190476
10_2_12,0.23380026414850236,0.19173842990701567,0.0,1.0,0.19757919972246235,0.0630952380952381
10_2_13,0.10596626131256413,0.11782010536423955,0.0,1.0,0.0745976055012467,0.10714285714285714
10_2_14,0.1254583539909675,0.14010643054029395,0.0,1.0,0.08605607829737674,0.13333333333333333
10_2_15,0.08070456740584436,0.11121633601001032,0.0,1.0,0.04768957892049875,0.13690476190476192
10_2_16,0.11846754028810084,0.1582166330137356,0.0,1.0,0.0670241098159843,0.22142857142857142
10_2_17,0.0635771647564286,0.09861163300770312,0.0,1.0,0.0315458769428659,0.34523809523809523
10_2_18,0.18037879091571796,0.12687299510695604,0.0,1.0,0.16744322826973845,0.023809523809523808
10_2_19,0.1565682648714269,0.1465921358263554,0.0,1.0,0.1217555366356599,0.06666666666666667
10_2_20,0.126378203991052,0.14338308543855452,0.0,1.0,0.08736045897771025,0.14166666666666666
10_2_21,0.13723090286987832,0.1389622858719467,0.0,1.0,0.10037013218353955,0.11785714285714285
10_2_22,0.050339532016553605,0.08739117881513525,0.0,1.0,0.02141417365704955,0.31547619047619047
10_2_23,0.04257675551917456,0.06510077900922029,0.0,1.0,0.0171840789162678,0.39166666666666666
10_2_24,0.10416586964415299,0.13631519524688396,0.0,1.0,0.06304052499836245,0.27380952380952384
10_2_25,0.08409331886035144,0.12069699058281555,0.0,1.0,0.0440495110437539,0.31666666666666665
10_2_26,0.0966771755295231,0.13331054431270214,0.0,1.0,0.02778937203662725,0.44642857142857145
10_2_27,0.09934491541313745,0.14067734180901176,0.0,1.0,0.0305886835413469,0.4357142857142857
10_2_28,0.07291813098380993,0.09911414599620856,0.0,1.0,0.02876322567834575,0.42023809523809524
10_2_29,0.04359269697219106,0.07434262800528874,0.0,1.0,0.020832725287276102,0.3678571428571429
10_2_30,0.08253393052556343,0.11713991450945674,0.0,1.0,0.05028461223104875,0.27380952380952384
10_2_31,0.09342835538848215,0.1236114872525481,0.0,1.0,0.054892894915781,0.29523809523809524
11_0_0,0.12594457400928258,0.1733298493904589,0.0,1.0,0.0308400667526283,0.4595238095238095
11_0_1,0.13683123238247302,0.1667699152006056,0.0,1.0,0.0893602700384465,0.2702380952380952
11_0_2,0.11937655910667117,0.12605591209030356,0.0,1.0,0.09158565285729764,0.17976190476190476
11_0_3,0.16817429181992435,0.14991789020416574,0.0,1.0,0.14360071187770174,0.16428571428571428
11_0_4,0.1502429000706163,0.17595001351058126,0.0,1.0,0.10133878336193719,0.2357142857142857
11_0_5,0.15480945245821565,0.15063901439906127,0.0,1.0,0.12377836853956055,0.14285714285714285
11_0_6,0.14827779643892022,0.18156650629133111,0.0,1.0,0.07735638838904571,0.37023809523809526
11_0_7,0.11500605242956465,0.1718332210365576,0.0,1.0,0.0,0.5107142857142857
11_0_8,0.1071535829796305,0.14404970504140316,0.0,1.0,0.042131725726000754,0.4011904761904762
11_0_9,0.1893923482073927,0.1943152143849088,0.0,1.0,0.1212842154921519,0.15357142857142858
11_0_10,0.19592778267578714,0.16104028164087736,0.0,1.0,0.17132733887946666,0.08452380952380953
11_0_11,0.2477408977827789,0.18356927360412187,0.0,1.0,0.23372803756111826,0.05714285714285714
11_0_12,0.23369940250561402,0.17300237873283483,0.0,1.0,0.20576515415528818,0.02857142857142857
11_0_13,0.18630298199910472,0.15032451645489167,0.0,1.0,0.14886561334187726,0.02142857142857143
11_0_14,0.18873720125079294,0.14787401543775053,0.0,1.0,0.1620956882513933,0.04642857142857143
11_0_15,0.07523455066346572,0.11069943959226317,0.0,1.0,0.0231388205596657,0.4238095238095238
11_0_16,0.10692787430988929,0.10778692179650685,0.0,1.0,0.0826673882773671,0.22857142857142856
11_0_17,0.17978335643149387,0.1591410276441406,0.0,1.0,0.15042331864179095,0.12380952380952381
11_0_18,0.17370219521060043,0.14598159291979226,0.0,1.0,0.15287945172947787,0.09047619047619047
11_0_19,0.3227316226576784,0.33275352033100725,0.0,1.0,0.1880545291833626,0.05238095238095238
11_0_20,0.21917942668334567,0.15753798361357405,0.0,1.0,0.2100933341586727,0.055952380952380955
11_0_21,0.27466247677842354,0.16403608523384638,0.0,1.0,0.25407352336514594,0.011904761904761904
11_0_22,0.1332034843799077,0.13889582712812917,0.0,1.0,0.092950151334441,0.07976190476190476
11_0_23,0.09379871189778577,0.1343154719549585,0.0,1.0,0.02447030570710845,0.45357142857142857
11_0_24,0.12908486434680227,0.18137281181931703,0.0,1.0,0.0256073711322624,0.4630952380952381
11_0_25,0.1325735841325259,0.14099635807411137,0.0,1.0,0.09984506024581165,0.2357142857142857
11_0_26,0.15985706487445836,0.1931584543699517,0.0,1.0,0.0717957359547685,0.38452380952380955
11_0_27,0.22405180001122574,0.14525897232718593,0.0,1.0,0.21015302757696552,0.036904761904761905
11_0_28,0.1838016673083444,0.1674401728359515,0.0,1.0,0.14331437617645532,0.10714285714285714
11_0_29,0.1303093520308199,0.1442891750723849,0.0,1.0,0.09300956614979675,0.25
11_0_30,0.12348899093597046,0.1681438445597888,0.0,1.0,0.0458129062951312,0.4261904761904762
11_0_31,0.14422783527297822,0.20086840071132256,0.0,1.0,0.0217975561347192,0.4738095238095238
11_1_0,0.09913386548585852,0.13745936389355215,0.0,1.0,0.05238742849658545,0.3380952380952381
11_1_1,0.15816734019735124,0.1717809755148404,0.0,1.0,0.11130616777489366,0.15595238095238095
11_1_2,0.23443731072391258,0.2010412405533597,0.0,1.0,0.19623050034592876,0.11071428571428571
11_1_3,0.1436426077795788,0.15537243929603217,0.0,1.0,0.1035117619600701,0.20833333333333334
11_1_4,0.09202381109696946,0.11010119126606857,0.0,1.0,0.060617848848673245,0.25833333333333336
11_1_5,0.2181005793394474,0.1924573457225512,0.0,1.0,0.17539093583583582,0.11071428571428571
11_1_6,0.11414837768050813,0.12239248218914976,0.0,1.0,0.08404500045059245,0.16428571428571428
11_1_7,0.07540586497137147,0.1228195942690876,0.0,1.0,0.0371390619049796,0.32142857142857145
11_1_8,0.0884725602125783,0.1235815227335702,0.0,1.0,0.03824186163305015,0.2630952380952381
11_1_9,0.16352348118609006,0.14880331067102737,0.0,1.0,0.13391599618670336,0.12023809523809524
11_1_10,0.11825211434633152,0.12297836749110747,0.0,1.0,0.0879396266307199,0.14761904761904762
11_1_11,0.11870148338021617,0.1396666148729982,0.0,1.0,0.08058403893132884,0.2619047619047619
11_1_12,0.08774389469568798,0.1275873155882083,0.0,1.0,0.04631418356553915,0.36428571428571427
11_1_13,0.19440339048331412,0.2083727183538646,0.0,1.0,0.1175882619239792,0.12738095238095237
11_1_14,0.15682490403272875,0.17405037942092902,0.0,1.0,0.1156954856283117,0.1988095238095238
11_1_15,0.08448363376323664,0.1158592563592638,0.0,1.0,0.04896070623758635,0.21071428571428572
11_1_16,0.033010060039099745,0.05699469669945522,0.0,1.0,0.0,0.5107142857142857
11_1_17,0.14432867517792278,0.16209876697048314,0.0,1.0,0.10063173095685604,0.26785714285714285
11_1_18,0.06150078171007288,0.09213971169144904,0.0,1.0,0.02611862506821765,0.3821428571428571
11_1_19,0.10739034956035845,0.12870404709935798,0.0,1.0,0.0684701721155784,0.30238095238095236
11_1_20,0.10086742995910343,0.14074394432246734,0.0,1.0,0.0433663251868977,0.3952380952380952
11_1_21,0.13550037513847757,0.15287540190307788,0.0,1.0,0.09363680774926865,0.2226190476190476
11_1_22,0.13388878651606,0.14059140076666743,0.0,1.0,0.0980255634380868,0.2130952380952381
11_1_23,0.1320675914387102,0.18868799929567612,0.0,1.0,0.015497137291322051,0.4773809523809524
11_1_24,0.10741621218067501,0.1537503665578083,0.0,1.0,0.00894407828784035,0.4857142857142857
11_1_25,0.08339957264261454,0.12708725268715523,0.0,1.0,0.03619074470326285,0.3773809523809524
11_1_26,0.07736234522190558,0.0905953927474242,0.0,1.0,0.0560950960217025,0.21904761904761905
11_1_27,0.10573120121988712,0.13010988133676044,0.0,1.0,0.06505280950380579,0.23333333333333334
11_1_28,0.11502323965806167,0.14639169591454798,0.0,1.0,0.06609899306788886,0.2916666666666667
11_1_29,0.191482538298504,0.17552642431643953,0.0,1.0,0.15924814799471632,0.17261904761904762
11_1_30,0.10598236710240055,0.1361193276052778,0.0,1.0,0.06321763441160144,0.35595238095238096
11_1_31,0.15346757993557134,0.19076025365493246,0.0,1.0,0.06699301441172535,0.40714285714285714
11_2_0,0.1948017114424128,0.1541690234690743,0.0,1.0,0.17304927967711325,0.10119047619047619
11_2_1,0.33610233367526615,0.24892536840592144,0.0,1.0,0.35915513449069214,0.06904761904761905
11_2_2,0.30001584876135334,0.2654398610854717,0.0,1.0,0.2658883036785803,0.1357142857142857
11_2_3,0.21088243224975628,0.19589084784819247,0.0,1.0,0.1664795377007533,0.1357142857142857
11_2_4,0.10818570872810279,0.1431890345912696,0.0,1.0,0.03311166154009685,0.43452380952380953
11_2_5,0.21168342729089962,0.21479921759137008,0.0,1.0,0.12683041494150485,0.13333333333333333
11_2_6,0.09300040323573164,0.09566554949331622,0.0,1.0,0.07259029195763861,0.18095238095238095
11_2_7,0.08218778473398836,0.11346470140128832,0.0,1.0,0.04208138416070585,0.3619047619047619
11_2_8,0.2642675316214913,0.17675092117720365,0.0,1.0,0.2762539037848656,0.04047619047619048
11_2_9,0.24898637821470937,0.16076247742835803,0.0,1.0,0.24884185338842807,0.03333333333333333
11_2_10,0.3263540685155218,0.18325335254456768,0.0,1.0,0.3062175244986563,0.008333333333333333
11_2_11,0.29906250740854007,0.1558538171516878,0.0,1.0,0.2873383292756527,0.004761904761904762
11_2_12,0.18201487693234059,0.1708259366509695,0.0,1.0,0.14344700611144828,0.15476190476190477
11_2_13,0.20870160997512338,0.2617755709698861,0.0,1.0,0.0582444999020858,0.11547619047619048
11_2_14,0.15655602520814385,0.17145781852535094,0.0,1.0,0.08703808873230079,0.16428571428571428
11_2_15,0.13590973206619392,0.18559529503601155,0.0,1.0,0.0366908153296574,0.4380952380952381
11_2_16,0.18661047710304887,0.1530651753610294,0.0,1.0,0.17187429446520966,0.125
11_2_17,0.19741838008632184,0.16322409827627918,0.0,1.0,0.15017797148401155,0.05
11_2_18,0.22223887543225848,0.14746808549462626,0.0,1.0,0.2018485476018697,0.02738095238095238
11_2_19,0.26505294228655046,0.17998855282383092,0.0,1.0,0.253360703843446,0.03333333333333333
11_2_20,0.144381958450056,0.1500295743972372,0.0,1.0,0.10564752555423815,0.18095238095238095
11_2_21,0.12619016447843026,0.15398397142671894,0.0,1.0,0.0597585345197593,0.17261904761904762
11_2_22,0.18918897122295988,0.15998415458749646,0.0,1.0,0.16230305321947536,0.09047619047619047
11_2_23,0.08643861877890147,0.11664217091661254,0.0,1.0,0.0458643037545691,0.3380952380952381
11_2_24,0.16918307933136267,0.15642343401831674,0.0,1.0,0.1342301156069814,0.15119047619047618
11_2_25,0.20386972339717682,0.1812343331502926,0.0,1.0,0.17597235497935154,0.1988095238095238
11_2_26,0.06412598044791444,0.0996800485242963,0.0,1.0,0.02212742407952225,0.4392857142857143
11_2_27,0.0988558252094291,0.11617599888874328,0.0,1.0,0.06924912216267701,0.2119047619047619
11_2_28,0.13289835488228383,0.1413199662484152,0.0,1.0,0.0967712320217913,0.19166666666666668
11_2_29,0.0735400274072326,0.0856413905717207,0.0,1.0,0.055166488609487446,0.15595238095238095
11_2_30,0.10178776336934682,0.13098777565930195,0.0,1.0,0.0581383500132236,0.3535714285714286
11_2_31,0.07517318567445676,0.1036295112518801,0.0,1.0,0.038467353055473,0.38571428571428573
12_0_0,0.231897656844894,0.18126326541825064,0.0,1.0,0.19607524543645144,0.03333333333333333
12_0_1,0.271861747206321,0.21381275720027743,0.0,1.0,0.2537113634203363,0.11666666666666667
12_0_2,0.12480474927214143,0.13996377520042277,0.0,1.0,0.0859212198541383,0.17142857142857143
12_0_3,0.13902869922731828,0.16048325290194485,0.0,1.0,0.0897105381813928,0.305952380952381
12_0_4,0.17478794834807743,0.17509294606268141,0.0,1.0,0.140070282411873,0.2654761904761905
12_0_5,0.1148318613750843,0.12558675188679255,0.0,1.0,0.08448988187248355,0.21785714285714286
12_0_6,0.1436048309106298,0.14124680027408934,0.0,1.0,0.1162771778491926,0.22380952380952382
12_0_7,0.10151849791254766,0.12164985750700816,0.0,1.0,0.0666702481686538,0.3392857142857143
12_0_8,0.2817169560750178,0.16831035015942314,0.0,1.0,0.25272262282887137,0.008333333333333333
12_0_9,0.2908230064500812,0.21130574533152927,0.0,1.0,0.28597115092099434,0.02142857142857143
12_0_10,0.20504678645298288,0.16724083222854194,0.0,1.0,0.18453788388230613,0.04404761904761905
12_0_11,0.24069524339657553,0.19627191399176194,0.0,1.0,0.21233778428352384,0.07261904761904762
12_0_12,0.17782272106485994,0.16203828020772196,0.0,1.0,0.1395636509165869,0.14166666666666666
12_0_13,0.11081486401051938,0.13520741767801117,0.0,1.0,0.06831687333828315,0.15
12_0_14,0.2672164398047068,0.18522205440776995,0.0,1.0,0.22322107628310428,0.005952380952380952
12_0_15,0.2912801260048629,0.19939843008407826,0.0,1.0,0.27525001509248237,0.014285714285714285
12_0_16,0.2394372404458924,0.171068318167193,0.0,1.0,0.19693640581067495,0.015476190476190477
12_0_17,0.17648413844012686,0.1126656604000874,0.0,1.0,0.1525064579875573,0.002380952380952381
12_0_18,0.3051761702720953,0.16031245785366513,0.0,1.0,0.28987889803632044,0.0011904761904761906
12_0_19,0.2999598893605094,0.20176937785025625,0.0,1.0,0.28300288043922883,0.02023809523809524
12_0_20,0.11338560208276989,0.1524591828866341,0.0,1.0,0.07403064948928,0.04285714285714286
12_0_21,0.203944990383544,0.1516643223570505,0.0,1.0,0.17774692535738615,0.05119047619047619
12_0_22,0.29098627821967155,0.15944934049268142,0.0,1.0,0.2588572528395118,0.0035714285714285713
12_0_23,0.2564521444941784,0.15852937919881166,0.0,1.0,0.2306594432728937,0.015476190476190477
12_0_24,0.2668844613401091,0.13625391614061103,0.0,1.0,0.24362197743453626,0.008333333333333333
12_0_25,0.10901022221922767,0.14447022955576416,0.0,1.0,0.0566092643566459,0.3416666666666667
12_0_26,0.17982621582103642,0.16336581300788378,0.0,1.0,0.14637009848174282,0.11071428571428571
12_0_27,0.11654711121768123,0.12218329076462968,0.0,1.0,0.09545522217445859,0.1773809523809524
12_0_28,0.16548761119313793,0.1548965312618965,0.0,1.0,0.13612056013784507,0.15119047619047618
12_0_29,0.1649321192343816,0.15406722238915418,0.0,1.0,0.1253549816323516,0.07142857142857142
12_0_30,0.1559829253090031,0.14801464666471412,0.0,1.0,0.12405827181009796,0.1523809523809524
12_0_31,0.15335179829802456,0.14715888689491086,0.0,1.0,0.12414703876633774,0.13690476190476192
12_1_0,0.07511950657998016,0.10217338361491607,0.0,1.0,0.03324476763949015,0.4142857142857143
12_1_1,0.2557747942586469,0.17955814465210299,0.0,1.0,0.2281179378489427,0.034523809523809526
12_1_2,0.1537338926900254,0.15059918457760696,0.0,1.0,0.11532158078798746,0.13690476190476192
12_1_3,0.17640784495466902,0.1632615718129057,0.0,1.0,0.1329955174977709,0.09642857142857143
12_1_4,0.20620610640446402,0.15617567450466113,0.0,1.0,0.1755948030353482,0.03333333333333333
12_1_5,0.23671035945862856,0.1852763280311079,0.0,1.0,0.2092733142745029,0.04047619047619048
12_1_6,0.12397877208917617,0.16473576978756063,0.0,1.0,0.06500320549608879,0.30952380952380953
12_1_7,0.06715420808370912,0.08987859470184374,0.0,1.0,0.03446244374188315,0.4023809523809524
12_1_8,0.14030388569567145,0.16173086219754895,0.0,1.0,0.0981437368543337,0.28214285714285714
12_1_9,0.19065834829621825,0.18725609373164204,0.0,1.0,0.1490786591785826,0.20714285714285716
12_1_10,0.24925790633888734,0.15995948300184834,0.0,1.0,0.22395759481670802,0.004761904761904762
12_1_11,0.34403614092011175,0.19400265354210725,0.0,1.0,0.31635504759025834,0.0035714285714285713
12_1_12,0.3566426713052633,0.17879132022498997,0.0,1.0,0.3472052765019541,0.002380952380952381
12_1_13,0.3181055259539071,0.18253546512283056,0.0,1.0,0.2961885738511969,0.002380952380952381
12_1_14,0.3291655782792784,0.19655275012022144,0.0,1.0,0.29453318356849234,0.005952380952380952
12_1_15,0.1318662497558113,0.1646478277717182,0.0,1.0,0.06894684553128005,0.3761904761904762
12_1_16,0.13301517873805474,0.1808461109412992,0.0,1.0,0.035851043708887,0.44166666666666665
12_1_17,0.10979978696237933,0.1473593006102089,0.0,1.0,0.057162678895296554,0.2357142857142857
12_1_18,0.22734608201283615,0.1849303954250504,0.0,1.0,0.2048377277976553,0.12738095238095237
12_1_19,0.17648065813010824,0.15902022069370134,0.0,1.0,0.15538593219210295,0.1595238095238095
12_1_20,0.07754940032008507,0.09118546334484817,0.0,1.0,0.054406244950164204,0.26666666666666666
12_1_21,0.13191918199779384,0.1709499584660057,0.0,1.0,0.054085561403891355,0.425
12_1_22,0.1251752018904475,0.18082027756596195,0.0,1.0,0.01332264723306555,0.4857142857142857
12_1_23,0.11074469777320523,0.15700021030779945,0.0,1.0,0.011292414586568801,0.47619047619047616
12_1_24,0.1271803271756732,0.17044260219050347,0.0,1.0,0.03913242131911245,0.4392857142857143
12_1_25,0.16999162447046173,0.1482541171521198,0.0,1.0,0.1449183624348847,0.12380952380952381
12_1_26,0.24069020863471424,0.16848447225868532,0.0,1.0,0.21103349933137788,0.02738095238095238
12_1_27,0.20541679796671336,0.13543285572485766,0.0,1.0,0.19037185924391753,0.030952380952380953
12_1_28,0.24311070002901097,0.18629719814915582,0.0,1.0,0.21552242382664671,0.0761904761904762
12_1_29,0.1344436917638224,0.18587706387571512,0.0,1.0,0.0268023520400012,0.46190476190476193
12_1_30,0.09603239298860664,0.13254756483928087,0.0,1.0,0.0404019214354454,0.41309523809523807
12_1_31,0.1251617037198899,0.17026535965425316,0.0,1.0,0.029420290171879603,0.45714285714285713
12_2_0,0.033172937944909324,0.0628221582199512,0.0,1.0,0.01286684415338775,0.39880952380952384
12_2_1,0.10903896008687093,0.14098651124556585,0.0,1.0,0.0517627886022215,0.3892857142857143
12_2_2,0.21106891681430837,0.17651895974738194,0.0,1.0,0.16914782385194493,0.0630952380952381
12_2_3,0.2864846976671624,0.16831247536753188,0.0,1.0,0.2649992212807845,0.009523809523809525
12_2_4,0.1781438056850802,0.17752294215655975,0.0,1.0,0.12415949608440505,0.10833333333333334
12_2_5,0.3387411894308506,0.1652961043723782,0.0,1.0,0.3220666706980131,0.0035714285714285713
12_2_6,0.14301748483956084,0.1259386363337136,0.0,1.0,0.11263135146884565,0.06666666666666667
12_2_7,0.07899048588899116,0.11579240109698563,0.0,1.0,0.028392355977886398,0.42023809523809524
12_2_8,0.09193318295375523,0.13555978911192312,0.0,1.0,0.0038089036344637,0.4928571428571429
12_2_9,0.3300854266238396,0.19180180508560318,0.0,1.0,0.31289248154602667,0.010714285714285714
12_2_10,0.1739953233481655,0.14359271539148843,0.0,1.0,0.146146933651916,0.05238095238095238
12_2_11,0.23439700148771658,0.16445258138140234,0.0,1.0,0.21487822362078024,0.04523809523809524
12_2_12,0.21505999084716879,0.15983923195073657,0.0,1.0,0.18571562907836306,0.039285714285714285
12_2_13,0.2581939225726432,0.16957853018666313,0.0,1.0,0.2206222747063853,0.008333333333333333
12_2_14,0.1604895041265858,0.14456240552582308,0.0,1.0,0.127154785265362,0.08452380952380953
12_2_15,0.17939698368790083,0.16075664155261157,0.0,1.0,0.1569023652488841,0.175
12_2_16,0.14826598484954318,0.19924945377998607,0.0,1.0,0.04250835579501845,0.45476190476190476
12_2_17,0.19855897050690505,0.1619805123147008,0.0,1.0,0.16906972064404605,0.08095238095238096
12_2_18,0.18585787086106215,0.1460637104098679,0.0,1.0,0.1573300655915627,0.075
12_2_19,0.3206794416275366,0.19120807622397618,0.0,1.0,0.29249872659597487,0.0035714285714285713
12_2_20,0.32157356412280136,0.18125988396980788,0.0,1.0,0.30020505526318114,0.008333333333333333
12_2_21,0.19754181434477802,0.13511835328588473,0.0,1.0,0.17026261033099244,0.010714285714285714
12_2_22,0.08962851711538596,0.10503685288098595,0.0,1.0,0.0628960487981069,0.2761904761904762
12_2_23,0.15568542059064097,0.20735839532358052,0.0,1.0,0.05873244368393015,0.4357142857142857
12_2_24,0.10214744373301847,0.14232723784218407,0.0,1.0,0.02482738765034605,0.44761904761904764
12_2_25,0.16300116452165975,0.1677683902911634,0.0,1.0,0.12160079543466859,0.24047619047619048
12_2_26,0.12535820119446334,0.13008324336742458,0.0,1.0,0.10378320225797849,0.23452380952380952
12_2_27,0.1545781530092653,0.13764576329279646,0.0,1.0,0.12321759152957526,0.10357142857142858
12_2_28,0.24272930846801702,0.14405763512042571,0.0,1.0,0.22192883449349235,0.009523809523809525
12_2_29,0.06637353376353375,0.09000859803395773,0.0,1.0,0.045487876111487455,0.175
12_2_30,0.16254646690508767,0.16151290093103707,0.0,1.0,0.1212463779759039,0.125
12_2_31,0.1431386303296844,0.19151651233566694,0.0,1.0,0.04741636650925625,0.44166666666666665
13_0_0,0.12026202797938154,0.17029001798700516,0.0,1.0,0.02152779208775285,0.45595238095238094
13_0_1,0.05941948408830734,0.09423796366306203,0.0,1.0,0.0278003389409236,0.3
13_0_2,0.1480059626364532,0.14815373243600558,0.0,1.0,0.1121938549500729,0.125
13_0_3,0.10065786883815288,0.12412274058808025,0.0,1.0,0.07947241754341161,0.06904761904761905
13_0_4,0.18440885483879926,0.16651062283905083,0.0,1.0,0.15345397145243295,0.10952380952380952
13_0_5,0.06879678641258745,0.10478458486517798,0.0,1.0,0.039125883047262,0.29642857142857143
13_0_6,0.07611436584444423,0.10372815872414552,0.0,1.0,0.0460723244461865,0.27976190476190477
13_0_7,0.05974480547175829,0.09028170872903023,0.0,1.0,0.007968917771976801,0.48214285714285715
13_0_8,0.08795209261633234,0.10106878281788859,0.0,1.0,0.06616037302378945,0.2
13_0_9,0.14666426505257274,0.14213341456980835,0.0,1.0,0.10995092320953789,0.0880952380952381
13_0_10,0.22409809532194716,0.16992611136979094,0.0,1.0,0.19536339124322985,0.005952380952380952
13_0_11,0.06353227641975208,0.1112240017719617,0.0,1.0,0.039449133891465746,0.08452380952380953
13_0_12,0.15013080602559625,0.14953993143640137,0.0,1.0,0.10748219330351241,0.11785714285714285
13_0_13,0.05122029220216353,0.0640597075749251,0.0,1.0,0.038140871687016,0.21071428571428572
13_0_14,0.04837075737442006,0.08309069542203687,0.0,1.0,0.023253640149403752,0.3523809523809524
13_0_15,0.13281608266158426,0.18750804452234568,0.0,1.0,0.0167683191174982,0.4726190476190476
13_0_16,0.07099806419462387,0.098994680686546,0.0,1.0,0.03126169449805735,0.3904761904761905
13_0_17,0.12922980202802498,0.1377544972761431,0.0,1.0,0.0893492396943517,0.05714285714285714
13_0_18,0.10217866657814381,0.10675978453005314,0.0,1.0,0.07026893588918931,0.01904761904761905
13_0_19,0.13168806798741525,0.12888000935249982,0.0,1.0,0.1004429317516603,0.05952380952380952
13_0_20,0.09650921473337724,0.12554982083417582,0.0,1.0,0.04739651070183235,0.2392857142857143
13_0_21,0.08806535401730417,0.09687284194346808,0.0,1.0,0.0650244091920466,0.11547619047619048
13_0_22,0.16206320308579647,0.15989772285594167,0.0,1.0,0.1167821888721807,0.08452380952380953
13_0_23,0.12053365176948452,0.17393296847791004,0.0,1.0,0.0,0.5035714285714286
13_0_24,0.1096961644598592,0.1499018529102945,0.0,1.0,0.03251601357184565,0.45595238095238094
13_0_25,0.08079828955130448,0.12082458329908531,0.0,1.0,0.032901642987833046,0.4107142857142857
13_0_26,0.11075754583139497,0.1386679516741082,0.0,1.0,0.0738744254511232,0.2154761904761905
13_0_27,0.18519321320395904,0.16785167610225576,0.0,1.0,0.15188610805624064,0.16547619047619047
13_0_28,0.108545381797453,0.1179031085232562,0.0,1.0,0.08195736894934645,0.1619047619047619
13_0_29,0.09188154089744723,0.12018332756676908,0.0,1.0,0.05528342552705,0.20595238095238094
13_0_30,0.07809711117895075,0.11029103351217315,0.0,1.0,0.038930581511888204,0.37857142857142856
13_0_31,0.11103091442322867,0.15065976737422307,0.0,1.0,0.02102358607946255,0.4726190476190476
13_1_0,0.103134767495274,0.13733808953887272,0.0,1.0,0.05499955131048065,0.35833333333333334
13_1_1,0.05695574145697455,0.0771539809121165,0.0,1.0,0.03386708784700895,0.3607142857142857
13_1_2,0.07443695924779556,0.11776501616824954,0.0,1.0,0.0386281681347401,0.3047619047619048
13_1_3,0.12537264718759858,0.1816213458494113,0.0,1.0,0.0,0.5011904761904762
13_1_4,0.07127189217574273,0.09903718543557163,0.0,1.0,0.025778877823646053,0.42738095238095236
13_1_5,0.11366080084838846,0.15794474913291173,0.0,1.0,0.0621678824269732,0.319047619047619
13_1_6,0.05684628120647985,0.08883402809743306,0.0,1.0,0.0121370232297229,0.45476190476190476
13_1_7,0.06210751090291015,0.09297751652198433,0.0,1.0,0.03480862636143785,0.3476190476190476
13_1_8,0.15817996943536722,0.14879171140909733,0.0,1.0,0.1158076418183821,0.055952380952380955
13_1_9,0.19760328343751846,0.13351197936395115,0.0,1.0,0.17164358803929158,0.011904761904761904
13_1_10,0.21625145599485854,0.1616489787556137,0.0,1.0,0.18564854445195844,0.03571428571428571
13_1_11,0.18629473277651398,0.15193494964914775,0.0,1.0,0.15201644190189462,0.04047619047619048
13_1_12,0.09818409578116748,0.11084851819131264,0.0,1.0,0.07127012505124394,0.15119047619047618
13_1_13,0.112880945870314,0.1126384975022196,0.0,1.0,0.0858674928477989,0.10952380952380952
13_1_14,0.09267835666204094,0.1342107432311065,0.0,1.0,0.0154997019329219,0.4726190476190476
13_1_15,0.09254226956672247,0.12411430534360761,0.0,1.0,0.043000838699651545,0.3773809523809524
13_1_16,0.08098581877872818,0.1060165029901531,0.0,1.0,0.0512415776600079,0.24166666666666667
13_1_17,0.3927637920752968,0.1695706899950214,0.0,1.0,0.37723522892032785,0.0035714285714285713
13_1_18,0.385274971674284,0.1967204434978518,0.0,1.0,0.36531113194939213,0.002380952380952381
13_1_19,0.28158192027325696,0.1901674452616655,0.0,1.0,0.2569562819311114,0.02619047619047619
13_1_20,0.27038708834587116,0.17708641537718622,0.0,1.0,0.23575596280839806,0.005952380952380952
13_1_21,0.36268980938142814,0.19261440697921403,0.0,1.0,0.3562471377004217,0.002380952380952381
13_1_22,0.12746421678991485,0.17555273212978206,0.0,1.0,0.0179838197096158,0.4785714285714286
13_1_23,0.10003703519349015,0.15820256570500202,0.0,1.0,0.0,0.5083333333333333
13_1_24,0.09548934854673286,0.13677921899230333,0.0,1.0,0.0120985428486328,0.48095238095238096
13_1_25,0.15520419533252539,0.2143219156059426,0.0,1.0,0.030949810978336198,0.46785714285714286
13_1_26,0.08645986662306036,0.12565118964218336,0.0,1.0,0.024558225621436648,0.430952380952381
13_1_27,0.08047745053467155,0.11838336124464527,0.0,1.0,0.0440648245441909,0.30833333333333335
13_1_28,0.06169600590655405,0.08556892005040005,0.0,1.0,0.035233852896218554,0.20714285714285716
13_1_29,0.07161938555573741,0.10084795863300514,0.0,1.0,0.041407113849041194,0.30357142857142855
13_1_30,0.15843664642116823,0.2121166721901798,0.0,1.0,0.0429838868576697,0.44166666666666665
13_1_31,0.13017422997193662,0.18999773244876253,0.0,1.0,0.0019980879071961003,0.49642857142857144
13_2_0,0.06677613579972864,0.08798807340418588,0.0,1.0,0.03264674023431285,0.4011904761904762
13_2_1,0.07332755390629411,0.10104641915873887,0.0,1.0,0.0410419443127176,0.2642857142857143
13_2_2,0.2362101350884271,0.1723225295930808,0.0,1.0,0.20881598382983635,0.034523809523809526
13_2_3,0.04258995917000562,0.05698749820119231,0.0,1.0,0.029146040326414602,0.2392857142857143
13_2_4,0.09468758171883622,0.11562582335117039,0.0,1.0,0.0584808967197838,0.10357142857142858
13_2_5,0.072723998643332,0.09921257958387474,0.0,1.0,0.038575019430752,0.38333333333333336
13_2_6,0.09406685756758919,0.11610973793198118,0.0,1.0,0.06292376279612324,0.24047619047619048
13_2_7,0.08344403982125198,0.10652826304179568,0.0,1.0,0.047606253276038346,0.3476190476190476
13_2_8,0.1448920064646449,0.17959275165077565,0.0,1.0,0.07502434905895769,0.39404761904761904
13_2_9,0.16935573833743486,0.1143864423119622,0.0,1.0,0.15775188147795183,0.0380952380952381
13_2_10,0.23407940992093615,0.18319857540820328,0.0,1.0,0.18137572138579794,0.011904761904761904
13_2_11,0.17629822958533753,0.16323194656895748,0.0,1.0,0.13109316879853275,0.06904761904761905
13_2_12,0.1993098484424452,0.16463203004266905,0.0,1.0,0.15783130662127748,0.015476190476190477
13_2_13,0.2523723682794932,0.1762039817612565,0.0,1.0,0.21661886743929326,0.008333333333333333
13_2_14,0.38932562347492045,0.17013721138456175,0.0,1.0,0.36857383881431566,0.002380952380952381
13_2_15,0.15738452433840258,0.13578670013117267,0.0,1.0,0.13115321667292545,0.041666666666666664
13_2_16,0.1510179168852169,0.20209984468679634,0.0,1.0,0.04524519048051495,0.4523809523809524
13_2_17,0.11712631058968219,0.1480625284850567,0.0,1.0,0.07186907575137486,0.18452380952380953
13_2_18,0.10954623860898753,0.13372274337118492,0.0,1.0,0.0684441865208637,0.17261904761904762
13_2_19,0.1582281038047872,0.14796326362533938,0.0,1.0,0.11544656672965985,0.05952380952380952
13_2_20,0.10448750609097152,0.11822460279769854,0.0,1.0,0.07215765695891695,0.1488095238095238
13_2_21,0.0955716426077048,0.12162258462005869,0.0,1.0,0.06121697064846465,0.2619047619047619
13_2_22,0.05024149696665231,0.07251507014384946,0.0,1.0,0.02080133818547355,0.41309523809523807
13_2_23,0.13477339099457092,0.1741320277848356,0.0,1.0,0.0498699351224677,0.41309523809523807
13_2_24,0.087628055766118,0.12609274857896877,0.0,1.0,0.020708149210213002,0.45595238095238094
13_2_25,0.07982540686606246,0.10351466148702976,0.0,1.0,0.04859959988630545,0.29642857142857143
13_2_26,0.1143004858494419,0.13095895139519093,0.0,1.0,0.0776056096231835,0.14642857142857144
13_2_27,0.07959401759034836,0.11811769772661475,0.0,1.0,0.038309433500430146,0.225
13_2_28,0.06429042500635138,0.10693248978688284,0.0,1.0,0.02745698751257985,0.35714285714285715
13_2_29,0.054002297982987967,0.08796089183917546,0.0,1.0,0.02162643122058175,0.3892857142857143
13_2_30,0.12864253988638608,0.17117301792446302,0.0,1.0,0.06438635008746946,0.3476190476190476
13_2_31,0.08661694258911196,0.1279984428443149,0.0,1.0,0.0024041756465072,0.49642857142857144
14_0_0,0.1292197908477647,0.18534394379058206,0.0,1.0,0.01952613446406835,0.47619047619047616
14_0_1,0.05222685098886926,0.07685977295683331,0.0,1.0,0.02979724485259045,0.3619047619047619
14_0_2,0.11028443731576146,0.15394902620143272,0.0,1.0,0.0343861575984492,0.43452380952380953
14_0_3,0.11038474847636379,0.16328987007482598,0.0,1.0,2.0194795309693673e-06,0.5
14_0_4,0.2132291280157297,0.2002168880133083,0.0,1.0,0.14299807475182563,0.02619047619047619
14_0_5,0.17993663147429462,0.15910912823534468,0.0,1.0,0.14972394634149888,0.09166666666666666
14_0_6,0.03772072185642801,0.0850794625036689,0.0,1.0,0.0213504010747717,0.27380952380952384
14_0_7,0.09541090144406339,0.11353953330421762,0.0,1.0,0.06553586221897305,0.32261904761904764
14_0_8,0.0954677718190547,0.11120314310149824,0.0,1.0,0.070485377011735,0.25476190476190474
14_0_9,0.1326232901895251,0.10421040916494706,0.0,1.0,0.11856161151910904,0.06190476190476191
14_0_10,0.28437421901552334,0.1992688858233095,0.0,1.0,0.26619955145740565,0.02619047619047619
14_0_11,0.24894631404951745,0.19039228826092325,0.0,1.0,0.24275257864210095,0.07380952380952381
14_0_12,0.1978010206748573,0.15915949236024718,0.0,1.0,0.1649953843308458,0.03333333333333333
14_0_13,0.33896166701300556,0.18286536822026103,0.0,1.0,0.3256352762593845,0.017857142857142856
14_0_14,0.21884225457042222,0.13245866794082717,0.0,1.0,0.20259400180389453,0.01904761904761905
14_0_15,0.12461799419282346,0.0930645536239554,0.0,1.0,0.11592668177740334,0.055952380952380955
14_0_16,0.135817336661292,0.15596193941140507,0.0,1.0,0.08514599457283395,0.1380952380952381
14_0_17,0.30824237929393494,0.1867511863307465,0.0,1.0,0.28766110775383746,0.02142857142857143
14_0_18,0.27550025768214176,0.17968515503395305,0.0,1.0,0.24282332431183506,0.02142857142857143
14_0_19,0.34834264887461813,0.20990239922335838,0.0,1.0,0.3673652445705885,0.02142857142857143
14_0_20,0.2774324877930233,0.2037828689724869,0.0,1.0,0.26190397488182304,0.05238095238095238
14_0_21,0.32230109427926606,0.1899000554204323,0.0,1.0,0.2993176495528991,0.015476190476190477
14_0_22,0.29526638037908215,0.17123683275454563,0.0,1.0,0.2960238362925359,0.023809523809523808
14_0_23,0.12838466706559984,0.15389792938504915,0.0,1.0,0.0676328922730462,0.1761904761904762
14_0_24,0.140503290045775,0.19526368625378296,0.0,1.0,0.013007660610760401,0.48095238095238096
14_0_25,0.08718501126996028,0.12117977638012907,0.0,1.0,0.0242211104278173,0.4488095238095238
14_0_26,0.03772818018814697,0.06698017903523032,0.0,1.0,0.01632938879564655,0.40714285714285714
14_0_27,0.1012420239902969,0.13721781495404514,0.0,1.0,0.0336300188648493,0.4226190476190476
14_0_28,0.09298031983308302,0.11451420270763422,0.0,1.0,0.0590753787869465,0.2702380952380952
14_0_29,0.1388543446078223,0.15793764308967095,0.0,1.0,0.09168454890521599,0.18214285714285713
14_0_30,0.1888271270626039,0.18219886755711295,0.0,1.0,0.15329765421910663,0.17261904761904762
14_0_31,0.1434910783107951,0.15964560654976356,0.0,1.0,0.1035625585883263,0.25476190476190474
14_1_0,0.10850208223007378,0.1503894314851131,0.0,1.0,0.01952314010007895,0.45714285714285713
14_1_1,0.13190264738797428,0.16673528612859637,0.0,1.0,0.06491061710156601,0.3761904761904762
14_1_2,0.22372579312234367,0.17817035556437022,0.0,1.0,0.1847007952713572,0.04047619047619048
14_1_3,0.18002907223733194,0.14646784230149923,0.0,1.0,0.158253693592283,0.09166666666666666
14_1_4,0.29287099203560224,0.21722449992807868,0.0,1.0,0.31399162679197934,0.07142857142857142
14_1_5,0.18504970700395143,0.16660412459500665,0.0,1.0,0.16748503155242928,0.09761904761904762
14_1_6,0.32194318828454427,0.229878366998619,0.0,1.0,0.3440466389409688,0.02976190476190476
14_1_7,0.3488715036464306,0.20798765430899974,0.0,1.0,0.3591131165544019,0.02857142857142857
14_1_8,0.12375256901355228,0.13870663774655936,0.0,1.0,0.08330367019267959,0.3047619047619048
14_1_9,0.0822224210887894,0.1160645115476956,0.0,1.0,0.0270131898097302,0.4238095238095238
14_1_10,0.1540226321447779,0.14635656323797971,0.0,1.0,0.11406478900515174,0.10952380952380952
14_1_11,0.23503790604025943,0.17791011123088923,0.0,1.0,0.20886509620424354,0.07142857142857142
14_1_12,0.3220800255379585,0.23915111357193614,0.0,1.0,0.34361191452004636,0.0630952380952381
14_1_13,0.24120412309544137,0.19327535371673366,0.0,1.0,0.22697815713819885,0.08452380952380953
14_1_14,0.2694121834422448,0.21636693931058945,0.0,1.0,0.25367500557292255,0.07380952380952381
14_1_15,0.23662113094549347,0.1615436377141667,0.0,1.0,0.211307218665372,0.02023809523809524
14_1_16,0.10313091120282881,0.13392245344065218,0.0,1.0,0.058199421097880955,0.3595238095238095
14_1_17,0.1539493673727541,0.16879331909372866,0.0,1.0,0.11181963211583054,0.3273809523809524
14_1_18,0.1636347336860278,0.15349429464140915,0.0,1.0,0.12420381411228774,0.09285714285714286
14_1_19,0.17011914036333403,0.15459519867651828,0.0,1.0,0.14649626504955465,0.15119047619047618
14_1_20,0.17405950148756794,0.15846168024882076,0.0,1.0,0.13844944915682666,0.09761904761904762
14_1_21,0.2511348487753691,0.18696750265247553,0.0,1.0,0.23986778772519296,0.09404761904761905
14_1_22,0.14672590554886092,0.11904152682654588,0.0,1.0,0.13402616783083254,0.09642857142857143
14_1_23,0.18177830437604342,0.20190557735630657,0.0,1.0,0.12332528281498831,0.31785714285714284
14_1_24,0.10797292865709894,0.13490435838994594,0.0,1.0,0.06012773820326235,0.3630952380952381
14_1_25,0.11142195603729603,0.14515198191162607,0.0,1.0,0.0509363975604935,0.38333333333333336
14_1_26,0.1666339970721643,0.15350359193420515,0.0,1.0,0.13816134423796606,0.13690476190476192
14_1_27,0.1323589560863478,0.10795003059490281,0.0,1.0,0.11504129907342425,0.09642857142857143
14_1_28,0.22391162215610022,0.19149716091104943,0.0,1.0,0.20600705876137845,0.1
14_1_29,0.2868296616915962,0.23335009571771675,0.0,1.0,0.2855833793015165,0.10238095238095238
14_1_30,0.27440524904016783,0.20182869098214307,0.0,1.0,0.2515511563182564,0.07380952380952381
14_1_31,0.10703291719575546,0.1160679072951814,0.0,1.0,0.0825811444704925,0.2630952380952381
14_2_0,0.0947065626736167,0.1294152497550191,0.0,1.0,0.03954579107899705,0.41785714285714287
14_2_1,0.19772312621282784,0.14909084558463492,0.0,1.0,0.17669297171925555,0.02738095238095238
14_2_2,0.18349813237206358,0.12026822454697203,0.0,1.0,0.16802865007227524,0.025
14_2_3,0.14073873970315046,0.129091604509281,0.0,1.0,0.11061329023160715,0.05357142857142857
14_2_4,0.13141629459498405,0.1510709587337745,0.0,1.0,0.08670853022865035,0.22738095238095238
14_2_5,0.1234959771089924,0.1613945798404455,0.0,1.0,0.054002245609014496,0.41904761904761906
14_2_6,0.13778355708587486,0.19610249299844731,0.0,1.0,0.023050035910399752,0.4607142857142857
14_2_7,0.1008205304315424,0.14531435765733983,0.0,1.0,0.01330388307580155,0.4773809523809524
14_2_8,0.12990414710660972,0.16473399282088041,0.0,1.0,0.06978536913084205,0.39880952380952384
14_2_9,0.1515654735043448,0.16339166009626616,0.0,1.0,0.0961783948404607,0.11428571428571428
14_2_10,0.14215904060832868,0.12960596973739605,0.0,1.0,0.1129403460631361,0.08214285714285714
14_2_11,0.10381250961790264,0.11762232122630505,0.0,1.0,0.07341882687137394,0.21428571428571427
14_2_12,0.0930727085731325,0.12788160791700187,0.0,1.0,0.0499945046273187,0.2011904761904762
14_2_13,0.14063219090051632,0.15767305337307425,0.0,1.0,0.10311976598060445,0.3011904761904762
14_2_14,0.11408437143177713,0.13836987245855484,0.0,1.0,0.07125627039434551,0.3119047619047619
14_2_15,0.09426844987704674,0.1274610525315377,0.0,1.0,0.030448826570509797,0.44166666666666665
14_2_16,0.07555653845952921,0.10746543832224745,0.0,1.0,0.0305891002103001,0.4023809523809524
14_2_17,0.12113692218751689,0.13067474685436195,0.0,1.0,0.08927653845507916,0.2392857142857143
14_2_18,0.12122956082074038,0.1250823586571108,0.0,1.0,0.09006514031761956,0.18095238095238095
14_2_19,0.08390283616186192,0.10916064969755747,0.0,1.0,0.04676647542339685,0.33690476190476193
14_2_20,0.15374221263622115,0.19826895092122754,0.0,1.0,0.05960792867579455,0.4142857142857143
14_2_21,0.10730007408409564,0.15651824613200344,0.0,1.0,0.0,0.5059523809523809
14_2_22,0.14628363140065825,0.20225613952121743,0.0,1.0,0.033637014979518945,0.4642857142857143
14_2_23,0.11911635698531499,0.1545145419251116,0.0,1.0,0.039052068899007,0.42142857142857143
14_2_24,0.11204110500676139,0.1579909894965909,0.0,1.0,0.02660054056074965,0.4511904761904762
14_2_25,0.12388831214704185,0.15228448581056478,0.0,1.0,0.06390143214667995,0.11190476190476191
14_2_26,0.1683255245086109,0.15516259792994716,0.0,1.0,0.13643576583910422,0.07738095238095238
14_2_27,0.16121724426155723,0.14102841333765803,0.0,1.0,0.13254269821434375,0.08333333333333333
14_2_28,0.11295862176146829,0.12161968292060402,0.0,1.0,0.08282110198441035,0.2654761904761905
14_2_29,0.15193428723137328,0.18063572640924588,0.0,1.0,0.09679732408996995,0.27976190476190477
14_2_30,0.16816291315652387,0.22659231488819975,0.0,1.0,0.035883454788243854,0.4630952380952381
14_2_31,0.10174295041262768,0.13513984111178662,0.0,1.0,0.03092611889237365,0.425
15_0_0,0.12325844785061367,0.17281456232474784,0.0,1.0,0.0180649521548958,0.4726190476190476
15_0_1,0.05214636786223974,0.08689817187684047,0.0,1.0,0.00575997231097125,0.47619047619047616
15_0_2,0.1674144328814349,0.21172768494646504,0.0,1.0,0.07790169493593471,0.41309523809523807
15_0_3,0.07733577586794321,0.09353374994132223,0.0,1.0,0.05371176019814885,0.2833333333333333
15_0_4,0.05790640847473039,0.08363551290967307,0.0,1.0,0.03476232429265745,0.2785714285714286
15_0_5,0.12049344711704549,0.1453799746998416,0.0,1.0,0.0827329747155105,0.23452380952380952
15_0_6,0.11319759789726348,0.1539739382822317,0.0,1.0,0.056744921391507205,0.2976190476190476
15_0_7,0.13472152255716038,0.16862867864171974,0.0,1.0,0.08259311770557229,0.25952380952380955
15_0_8,0.13774330362864182,0.19315908488509198,0.0,1.0,0.022853756160924048,0.4607142857142857
15_0_9,0.11652391271526093,0.16859013691831795,0.0,1.0,0.017102425196113102,0.47023809523809523
15_0_10,0.26923305275702236,0.17946150790511506,0.0,1.0,0.2600190924427094,0.023809523809523808
15_0_11,0.3553984829512624,0.1768512113298277,0.0,1.0,0.3481634449406821,0.0035714285714285713
15_0_12,0.20780089968803106,0.1303210659136318,0.0,1.0,0.18106302773682945,0.0011904761904761906
15_0_13,0.1634413864118236,0.1529377648807672,0.0,1.0,0.12164386851232485,0.036904761904761905
15_0_14,0.1989275829209127,0.15469766179952085,0.0,1.0,0.16658812646533427,0.02738095238095238
15_0_15,0.21899027416433448,0.15356744551352813,0.0,1.0,0.1825515028879861,0.004761904761904762
15_0_16,0.042784222584396236,0.06694077652330895,0.0,1.0,0.012368561821943399,0.4392857142857143
15_0_17,0.2835288119762198,0.17853901146830314,0.0,1.0,0.2680619607842828,0.02142857142857143
15_0_18,0.3926588226786039,0.19837223131101284,0.0,1.0,0.4109348157596186,0.0035714285714285713
15_0_19,0.2655092004696495,0.15182379305459945,0.0,1.0,0.25165870506159266,0.002380952380952381
15_0_20,0.2553124542068903,0.1782814793396781,0.0,1.0,0.2137686602733863,0.004761904761904762
15_0_21,0.11262525347957636,0.12179775235265919,0.0,1.0,0.07638842665317296,0.0761904761904762
15_0_22,0.3078710973177939,0.1927792300201389,0.0,1.0,0.2783655934157515,0.004761904761904762
15_0_23,0.31738249658649353,0.18334784026120085,0.0,1.0,0.28601076915750895,0.0011904761904761906
15_0_24,0.05794045380584199,0.0887033037821828,0.0,1.0,0.004572988801610349,0.4845238095238095
15_0_25,0.05135973866316162,0.07867781820545296,0.0,1.0,0.01008097399422375,0.4642857142857143
15_0_26,0.0790189161937899,0.1097359482413731,0.0,1.0,0.02675027526107475,0.44166666666666665
15_0_27,0.07048063684489028,0.09558352624623913,0.0,1.0,0.040243314027208,0.3416666666666667
15_0_28,0.0822405449539328,0.11562192654387828,0.0,1.0,0.044463150198131504,0.2869047619047619
15_0_29,0.10678833555304387,0.14254517773079056,0.0,1.0,0.0623262825327276,0.2857142857142857
15_0_30,0.04686299089253366,0.07606023105901177,0.0,1.0,0.0249315006219336,0.36904761904761907
15_0_31,0.11014824486379196,0.13274013797723958,0.0,1.0,0.07267970742535375,0.3011904761904762
15_1_0,0.050213104426170524,0.07844925301782908,0.0,1.0,0.01619040125524815,0.4452380952380952
15_1_1,0.10106470199713333,0.1358967176433457,0.0,1.0,0.0532200757285847,0.3773809523809524
15_1_2,0.08797911131839944,0.12736646034382199,0.0,1.0,0.0464910595918135,0.17857142857142858
15_1_3,0.1541160765737279,0.14193785949786641,0.0,1.0,0.13170351233883898,0.125
15_1_4,0.08020810163839255,0.12338078185307691,0.0,1.0,0.03854767152472455,0.3595238095238095
15_1_5,0.13081096638838827,0.19094214518686806,0.0,1.0,0.00033844783779445,0.5
15_1_6,0.08085475481364662,0.1135736145365977,0.0,1.0,0.0439477668049917,0.2857142857142857
15_1_7,0.1418121420724464,0.2024817558935053,0.0,1.0,0.01290466720581545,0.48333333333333334
15_1_8,0.16153906587379313,0.15924423476575483,0.0,1.0,0.11695772388567735,0.08095238095238096
15_1_9,0.10396979462404075,0.1385019283587958,0.0,1.0,0.062389164581276996,0.25
15_1_10,0.13441196790436044,0.14477351953584813,0.0,1.0,0.0932309398589061,0.12023809523809524
15_1_11,0.14820789264896164,0.16302248259648192,0.0,1.0,0.09365249097645481,0.14761904761904762
15_1_12,0.07330158442874135,0.12316202723301319,0.0,1.0,0.02670210670881355,0.3976190476190476
15_1_13,0.12344525946241089,0.17496187317455336,0.0,1.0,0.01843120587006215,0.4666666666666667
15_1_14,0.10542487712085506,0.13959141978904901,0.0,1.0,0.0576577477461275,0.33214285714285713
15_1_15,0.07632606877774234,0.11337447883656096,0.0,1.0,0.00021012250779725,0.5
15_1_16,0.05679384344588448,0.08864533345382833,0.0,1.0,0.0291457133506388,0.24047619047619048
15_1_17,0.16386706535547926,0.15610600639910532,0.0,1.0,0.1138050455796221,0.07380952380952381
15_1_18,0.11750296200191628,0.153409006227332,0.0,1.0,0.0680160891270966,0.14166666666666666
15_1_19,0.18795672945320646,0.14994457000394124,0.0,1.0,0.17476962927525255,0.08452380952380953
15_1_20,0.14166208012740666,0.14464420989040946,0.0,1.0,0.1036440842313939,0.10476190476190476
15_1_21,0.22206518858457225,0.14068789874271806,0.0,1.0,0.20048484626199126,0.007142857142857143
15_1_22,0.12196563025741855,0.14895146708338172,0.0,1.0,0.06946726664707706,0.1738095238095238
15_1_23,0.08167340403713483,0.11078378369998079,0.0,1.0,0.03178196478735515,0.41785714285714287
15_1_24,0.041749407001974194,0.06521941340387631,0.0,1.0,0.0197748185120671,0.3535714285714286
15_1_25,0.09155169103817931,0.11611599582199911,0.0,1.0,0.0585027902402291,0.19285714285714287
15_1_26,0.054009029572357065,0.07632698954478627,0.0,1.0,0.03438939071920075,0.225
15_1_27,0.1370535591594893,0.13701299070072995,0.0,1.0,0.09510759577743469,0.08095238095238096
15_1_28,0.05178982925637715,0.09542091254954532,0.0,1.0,0.0214265755014005,0.3595238095238095
15_1_29,0.05470691621320564,0.0758771550620025,0.0,1.0,0.029366991887881902,0.3464285714285714
15_1_30,0.10571388244523001,0.1435381710350537,0.0,1.0,0.053440578231693944,0.23452380952380952
15_1_31,0.12049489180724457,0.1673451843508342,0.0,1.0,0.018612993594264,0.4642857142857143
15_2_0,0.11926313006223795,0.1454517292487801,0.0,1.0,0.07364866670273626,0.21785714285714286
15_2_1,0.11838961445202414,0.1408157181855929,0.0,1.0,0.06976700088769336,0.14047619047619048
15_2_2,0.09728567843250929,0.12396204934544307,0.0,1.0,0.0637926678833732,0.20357142857142857
15_2_3,0.1123832229543848,0.12612912359938513,0.0,1.0,0.0749550028184728,0.1869047619047619
15_2_4,0.056248925843516505,0.09303280803613233,0.0,1.0,0.02834919832373385,0.2976190476190476
15_2_5,0.11659868492126496,0.1657602303226159,0.0,1.0,0.0,0.5011904761904762
15_2_6,0.11233736834872747,0.16846569789971444,0.0,1.0,0.04500187429987305,0.3595238095238095
15_2_7,0.05281309580426456,0.08168261635936228,0.0,1.0,0.0154057499866253,0.444047619047619
15_2_8,0.10644400107446447,0.13856681841471338,0.0,1.0,0.0629352793509452,0.1880952380952381
15_2_9,0.14515220683214158,0.14647771561279707,0.0,1.0,0.09729726059711155,0.02738095238095238
15_2_10,0.20005797194623626,0.14247378731375615,0.0,1.0,0.16767537014223094,0.016666666666666666
15_2_11,0.2270388361978666,0.15039751052815464,0.0,1.0,0.21400715306936474,0.02023809523809524
15_2_12,0.21679832439046956,0.18337885278399096,0.0,1.0,0.16110214777113005,0.03214285714285714
15_2_13,0.09871405950635087,0.13377340491699702,0.0,1.0,0.03835387044608615,0.41309523809523807
15_2_14,0.025565630110106825,0.0645520156318303,0.0,1.0,0.01017964355594835,0.37142857142857144
15_2_15,0.14693195414520538,0.21407122451844113,0.0,1.0,0.0,0.5047619047619047
15_2_16,0.08627411583314282,0.1253339522603396,0.0,1.0,0.0130163659337312,0.4666666666666667
15_2_17,0.1187647911590757,0.1552290127891592,0.0,1.0,0.07176938294684296,0.3107142857142857
15_2_18,0.17776022045953052,0.14169438981893154,0.0,1.0,0.1443531861406854,0.023809523809523808
15_2_19,0.2551900170939926,0.19336818614516868,0.0,1.0,0.2232536503244808,0.0380952380952381
15_2_20,0.09466983065380682,0.11271289111746055,0.0,1.0,0.0679130572104473,0.10833333333333334
15_2_21,0.06298515376366079,0.09617026910503493,0.0,1.0,0.0173713367767948,0.42738095238095236
15_2_22,0.07153693740560989,0.10527511269151418,0.0,1.0,0.036923568204147106,0.35714285714285715
15_2_23,0.11893422689052906,0.16778324006952072,0.0,1.0,0.018515447194093648,0.475
15_2_24,0.0991888076088234,0.1293140656139389,0.0,1.0,0.05485242002736835,0.3202380952380952
15_2_25,0.06419260017619338,0.08863688258655213,0.0,1.0,0.0394142295840728,0.31547619047619047
15_2_26,0.07042910678397689,0.09843783397698229,0.0,1.0,0.04088280752239745,0.32976190476190476
15_2_27,0.04816549265009998,0.08832352108045281,0.0,1.0,0.01812860715124815,0.3630952380952381
15_2_28,0.062247505082513664,0.1233157820446895,0.0,1.0,0.0210019212291956,0.3202380952380952
15_2_29,0.11452522017610467,0.16446317955516276,0.0,1.0,0.047607798273650304,0.34523809523809523
15_2_30,0.05858256020279097,0.09685767952101541,0.0,1.0,0.00197097841492745,0.49523809523809526
15_2_31,0.10063449640457933,0.15174630485965016,0.0,1.0,0.0,0.5119047619047619
16_0_0,0.09403719613652753,0.11849824722288677,0.0,1.0,0.05633597395658005,0.15714285714285714
16_0_1,0.0572236526252778,0.0868791422946138,0.0,1.0,0.0266692569953427,0.3619047619047619
16_0_2,0.04180421623064574,0.10113220668464838,0.0,1.0,0.009447557882173701,0.3595238095238095
16_0_3,0.062469131873216135,0.09992472320251349,0.0,1.0,0.02436550475795705,0.425
16_0_4,0.09284097041682286,0.1246918274888673,0.0,1.0,0.056037027941684456,0.32857142857142857
16_0_5,0.0693987683821513,0.10723346270507092,0.0,1.0,0.0111658953474819,0.46785714285714286
16_0_6,0.08620820362402316,0.11400255858109115,0.0,1.0,0.05176564849373725,0.26071428571428573
16_0_7,0.11448563165282766,0.11967757000696941,0.0,1.0,0.09663599943070855,0.19642857142857142
16_0_8,0.1424958009402269,0.1211712490679265,0.0,1.0,0.13422850574806275,0.1261904761904762
16_0_9,0.1300172730511876,0.1357982297822841,0.0,1.0,0.09156953957300545,0.12142857142857143
16_0_10,0.04524447403585714,0.0755797851658117,0.0,1.0,0.02144958644283175,0.36666666666666664
16_0_11,0.04981397822945536,0.09441057372971129,0.0,1.0,0.02014140643204345,0.34523809523809523
16_0_12,0.11972929766032755,0.12871229213125399,0.0,1.0,0.0790199473072248,0.11547619047619048
16_0_13,0.07037431126978864,0.10030636333151427,0.0,1.0,0.04266662098987345,0.24285714285714285
16_0_14,0.24334758270605636,0.18726607650086688,0.0,1.0,0.2087784330752251,0.05
16_0_15,0.2102383607801639,0.1790344890555185,0.0,1.0,0.2041343565111426,0.04047619047619048
16_0_16,0.12014575758523666,0.11102596932004777,0.0,1.0,0.10457711565794765,0.13214285714285715
16_0_17,0.11300522067857306,0.12422869662799786,0.0,1.0,0.07458793680906305,0.10119047619047619
16_0_18,0.11621997453563955,0.15636244720920028,0.0,1.0,0.04940462787823165,0.23214285714285715
16_0_19,0.31017113092458376,0.16447910001847307,0.0,1.0,0.2825595196587441,0.0035714285714285713
16_0_20,0.3099172886342671,0.15159421909066015,0.0,1.0,0.2936857296019545,0.0011904761904761906
16_0_21,0.23945951679134486,0.1673221538929806,0.0,1.0,0.21303903213696979,0.02619047619047619
16_0_22,0.30290512500096556,0.195189050043737,0.0,1.0,0.3035867537029789,0.013095238095238096
16_0_23,0.15132277198871677,0.13712656274984056,0.0,1.0,0.12875632443094603,0.12261904761904761
16_0_24,0.14009526866152747,0.19188213516154864,0.0,1.0,0.037890002011594745,0.46190476190476193
16_0_25,0.11815040305797413,0.154135107198544,0.0,1.0,0.05838377788213785,0.37857142857142856
16_0_26,0.04945021112094607,0.10656396520420847,0.0,1.0,0.010229262126236049,0.43333333333333335
16_0_27,0.10209769127451612,0.1245191734215866,0.0,1.0,0.0680636392589207,0.24285714285714285
16_0_28,0.15215147365500808,0.13667835735469988,0.0,1.0,0.13543514045034288,0.17261904761904762
16_0_29,0.10663304738975572,0.12886446435392335,0.0,1.0,0.06718759447148334,0.20833333333333334
16_0_30,0.15738163048917392,0.18016971118424485,0.0,1.0,0.09345738057884895,0.13214285714285715
16_0_31,0.07625698270829859,0.10921024998264445,0.0,1.0,0.032122183741614,0.4023809523809524
16_1_0,0.04430063869103835,0.0773892254024697,0.0,1.0,0.0082672627886034,0.4630952380952381
16_1_1,0.10388797038585042,0.1159517338097566,0.0,1.0,0.0766682258969295,0.26785714285714285
16_1_2,0.23764856599325845,0.16885532980435708,0.0,1.0,0.24200003459743805,0.0630952380952381
16_1_3,0.2955935548646101,0.19936028108625356,0.0,1.0,0.3305855535236803,0.0630952380952381
16_1_4,0.34163546305341447,0.2375878812934302,0.0,1.0,0.3602319061262961,0.09642857142857143
16_1_5,0.17998363568010958,0.13714499114125656,0.0,1.0,0.1768176954409173,0.09523809523809523
16_1_6,0.152378099648183,0.12799451147956778,0.0,1.0,0.13970759304032548,0.12857142857142856
16_1_7,0.12876842739373182,0.10252808969540178,0.0,1.0,0.13107673319913996,0.08571428571428572
16_1_8,0.13399353646024725,0.17448378161663575,0.0,1.0,0.047483013877889696,0.425
16_1_9,0.1808961453883492,0.12279518689276368,0.0,1.0,0.18530497540873764,0.0630952380952381
16_1_10,0.24916737441356487,0.16714366822951712,0.0,1.0,0.2645566275845933,0.04523809523809524
16_1_11,0.23843621436132262,0.16475021788856611,0.0,1.0,0.21981761849322665,0.030952380952380953
16_1_12,0.32204843834087604,0.21386157628417102,0.0,1.0,0.32863618159593594,0.005952380952380952
16_1_13,0.328914899398257,0.22922220467525162,0.0,1.0,0.3469427039208965,0.036904761904761905
16_1_14,0.10325752191627208,0.10580925390037449,0.0,1.0,0.07465937099873834,0.09404761904761905
16_1_15,0.25719502022060653,0.17480578674752753,0.0,1.0,0.2320467380137086,0.017857142857142856
16_1_16,0.15175142348259796,0.18358556204889417,0.0,1.0,0.08514257177490034,0.3678571428571429
16_1_17,0.26224886452693236,0.1903492589466072,0.0,1.0,0.2641503605990197,0.10119047619047619
16_1_18,0.12558120500793832,0.11142618907424641,0.0,1.0,0.10754928415806775,0.08214285714285714
16_1_19,0.1535769525084642,0.15714822710073179,0.0,1.0,0.10416925788988729,0.08095238095238096
16_1_20,0.11619675472908636,0.1349594522089394,0.0,1.0,0.07957080031639255,0.15833333333333333
16_1_21,0.21696656642484027,0.16401769823119647,0.0,1.0,0.20790450136483707,0.06547619047619048
16_1_22,0.07813119175482813,0.11633091052051157,0.0,1.0,0.035877107820642254,0.3738095238095238
16_1_23,0.12485652016090215,0.1868395362660672,0.0,1.0,0.0,0.5119047619047619
16_1_24,0.1548580654737011,0.1832345794978928,0.0,1.0,0.08676704079997215,0.4035714285714286
16_1_25,0.21306008603922236,0.19633227180989635,0.0,1.0,0.1707907777935611,0.17142857142857143
16_1_26,0.2383893897730936,0.18170331241950508,0.0,1.0,0.2396396967077282,0.13214285714285715
16_1_27,0.19564165453756552,0.16287526516437034,0.0,1.0,0.1758126651225451,0.15119047619047618
16_1_28,0.11983540893639344,0.11677717585326436,0.0,1.0,0.0965295825133209,0.20952380952380953
16_1_29,0.15454522796329967,0.158938776725935,0.0,1.0,0.10701695433494521,0.25
16_1_30,0.05666871916508978,0.08095895514157232,0.0,1.0,0.02513413221012145,0.39166666666666666
16_1_31,0.042350263898078076,0.0684494168364353,0.0,1.0,0.0024315458104827003,0.49047619047619045
16_2_0,0.06273580605386937,0.08451112223745036,0.0,1.0,0.04599043040541605,0.22380952380952382
16_2_1,0.15207717599443357,0.1163614178970176,0.0,1.0,0.1247973753135588,0.023809523809523808
16_2_2,0.15077272856529594,0.14699314166806401,0.0,1.0,0.11647309241057174,0.1130952380952381
16_2_3,0.07187255455430772,0.13353103535327573,0.0,1.0,0.03047515763182615,0.2119047619047619
16_2_4,0.10862676666845322,0.15963380223150644,0.0,1.0,0.05820758239415105,0.12142857142857143
16_2_5,0.09711325617510053,0.130578708416073,0.0,1.0,0.03796545793158375,0.2130952380952381
16_2_6,0.119022739949349,0.15270566412463532,0.0,1.0,0.0675409281217175,0.1761904761904762
16_2_7,0.13134656200122674,0.16336931548645692,0.0,1.0,0.0777074940934212,0.3535714285714286
16_2_8,0.1471279825401383,0.19497264554154986,0.0,1.0,0.03802554563466995,0.4380952380952381
16_2_9,0.21407265508507056,0.16168916708941797,0.0,1.0,0.16597714843890854,0.02142857142857143
16_2_10,0.12124547094994831,0.0932157825682153,0.0,1.0,0.10367335398621005,0.02619047619047619
16_2_11,0.29761195502852633,0.20102448409312043,0.0,1.0,0.29488691782495136,0.004761904761904762
16_2_12,0.11758122577920223,0.14939563334139222,0.0,1.0,0.039557947259223,0.18214285714285713
16_2_13,0.11090980193457274,0.13983114858201626,0.0,1.0,0.0613473075706699,0.24166666666666667
16_2_14,0.1056524321334864,0.12535798017353975,0.0,1.0,0.07348244332943946,0.2654761904761905
16_2_15,0.10850240963590892,0.15119554300052895,0.0,1.0,0.0356617319988863,0.43333333333333335
16_2_16,0.11444836541469511,0.16176979324136576,0.0,1.0,0.0239594214407568,0.4642857142857143
16_2_17,0.08329017022413747,0.12048058879684279,0.0,1.0,0.02031917893375475,0.44285714285714284
16_2_18,0.1367694247569436,0.18590244576212614,0.0,1.0,0.03675509511611305,0.45595238095238094
16_2_19,0.09175311192379924,0.12029466360082332,0.0,1.0,0.051916214143099854,0.3333333333333333
16_2_20,0.03819043279102528,0.07298008602630071,0.0,1.0,0.01949677304458905,0.2857142857142857
16_2_21,0.11295242890536354,0.13290466035338527,0.0,1.0,0.08577678548765666,0.12857142857142856
16_2_22,0.08062540308475903,0.10561755315204616,0.0,1.0,0.04944517596990235,0.30714285714285716
16_2_23,0.12418404225349278,0.17496628122332525,0.0,1.0,0.009126881925613499,0.4869047619047619
16_2_24,0.117669042140939,0.16626294801507363,0.0,1.0,0.0117215402004289,0.4880952380952381
16_2_25,0.023158053504521405,0.05495602941974243,0.0,1.0,0.0088880508369435,0.4119047619047619
16_2_26,0.1114110189464606,0.159706292609972,0.0,1.0,0.003736259709234,0.49523809523809526
16_2_27,0.07386740061304477,0.1097433450139999,0.0,1.0,0.012133528830456049,0.4630952380952381
16_2_28,0.09297554365671336,0.12577587064598775,0.0,1.0,0.0523667994933059,0.29404761904761906
16_2_29,0.15719020967818284,0.1857025013610254,0.0,1.0,0.08340484531313995,0.19047619047619047
16_2_30,0.054919949837242736,0.09113103574765825,0.0,1.0,0.02732182852581745,0.3273809523809524
16_2_31,0.11949260681909714,0.17703313665140008,0.0,1.0,0.0015564831571103,0.5
17_0_0,0.16606433185543962,0.1600664346483929,0.0,1.0,0.1367813218100808,0.23333333333333334
17_0_1,0.024995791782833662,0.0659062231951773,0.0,1.0,0.01171297916666495,0.35595238095238096
17_0_2,0.3174198311086981,0.18049075808829593,0.0,1.0,0.2920696677850509,0.010714285714285714
17_0_3,0.26507746329582627,0.18044531826953836,0.0,1.0,0.23046647392173814,0.02023809523809524
17_0_4,0.227359495224521,0.1796242990591324,0.0,1.0,0.18695937559895776,0.034523809523809526
17_0_5,0.17018936105236657,0.14068140637563012,0.0,1.0,0.1361494509656171,0.05119047619047619
17_0_6,0.16126392731327716,0.15333764882582518,0.0,1.0,0.12706295711627025,0.14285714285714285
17_0_7,0.09556027466938301,0.11986947066697211,0.0,1.0,0.0530346377751985,0.3619047619047619
17_0_8,0.14646370857257063,0.1358935987464811,0.0,1.0,0.11500703503414675,0.11785714285714285
17_0_9,0.13548045519979984,0.12110040714971046,0.0,1.0,0.10775852555497024,0.05476190476190476
17_0_10,0.1718492710982957,0.15154324407531958,0.0,1.0,0.13353595168227517,0.06785714285714285
17_0_11,0.3022813633697637,0.14949495872885368,0.0,1.0,0.27267596978522946,0.0035714285714285713
17_0_12,0.3678419486444058,0.17060802671841624,0.0,1.0,0.34909208752493065,0.002380952380952381
17_0_13,0.19180933997354055,0.1553287404012209,0.0,1.0,0.16257943911405603,0.05952380952380952
17_0_14,0.14534185884002343,0.11997215187179981,0.0,1.0,0.12134460055881086,0.05476190476190476
17_0_15,0.2438567669808703,0.16185731138000803,0.0,1.0,0.23246614225639872,0.016666666666666666
17_0_16,0.149908153589022,0.146635566057404,0.0,1.0,0.11377668926435015,0.12142857142857143
17_0_17,0.16310929288140738,0.14735790885102812,0.0,1.0,0.12891123235222213,0.05119047619047619
17_0_18,0.2118188304694096,0.15303676328429058,0.0,1.0,0.1927490596825288,0.02023809523809524
17_0_19,0.25836494454090075,0.16997300359246417,0.0,1.0,0.24354096188940527,0.047619047619047616
17_0_20,0.1890993886388281,0.13412074195238705,0.0,1.0,0.16129582373032744,0.002380952380952381
17_0_21,0.09525214217349065,0.10972725635738605,0.0,1.0,0.06751865028831175,0.25
17_0_22,0.13500070730028882,0.14609281834588225,0.0,1.0,0.09701344015439481,0.1869047619047619
17_0_23,0.13101347139480224,0.14070099497956848,0.0,1.0,0.0956198404201407,0.15476190476190477
17_0_24,0.14200800333906513,0.17753544044315253,0.0,1.0,0.07095050129850536,0.38452380952380955
17_0_25,0.12379255524456396,0.14029082776747698,0.0,1.0,0.08713964559543085,0.30357142857142855
17_0_26,0.09978233678626361,0.1207086473466489,0.0,1.0,0.0619884708383392,0.319047619047619
17_0_27,0.1409272685396342,0.16816088558784567,0.0,1.0,0.07904261714754296,0.3273809523809524
17_0_28,0.1482995130485269,0.1712986503420583,0.0,1.0,0.08529507680932574,0.33095238095238094
17_0_29,0.11029290596408915,0.13464541926169052,0.0,1.0,0.06843432619324286,0.2869047619047619
17_0_30,0.09280370180424292,0.12390768178813143,0.0,1.0,0.0354225093019119,0.42142857142857143
17_0_31,0.1399113126404011,0.19815790124490765,0.0,1.0,0.014655866413301449,0.4773809523809524
17_1_0,0.13630890545281804,0.14675228394004317,0.0,1.0,0.100758150167935,0.17857142857142858
17_1_1,0.2223421496454441,0.1621020107205669,0.0,1.0,0.1920997452601578,0.05
17_1_2,0.23630522667960804,0.17180825407523867,0.0,1.0,0.21657791570865903,0.05119047619047619
17_1_3,0.2001141397295385,0.1667058295841935,0.0,1.0,0.16386886773288775,0.05119047619047619
17_1_4,0.18006595104176448,0.17570359441339217,0.0,1.0,0.1326086247017032,0.14047619047619048
17_1_5,0.12802440336448595,0.17024098279458602,0.0,1.0,0.04553242292182185,0.1880952380952381
17_1_6,0.2117119408087755,0.16804648983211593,0.0,1.0,0.21062951515025916,0.06666666666666667
17_1_7,0.1207940847945756,0.15241850667237966,0.0,1.0,0.07421686292586716,0.2654761904761905
17_1_8,0.12735689264229014,0.14750972746864463,0.0,1.0,0.08344405855035456,0.2892857142857143
17_1_9,0.3073933949453253,0.16349393215713587,0.0,1.0,0.3069638547523496,0.007142857142857143
17_1_10,0.2756428305395617,0.21032464785269733,0.0,1.0,0.23011136240797203,0.016666666666666666
17_1_11,0.30418802991198196,0.18069395022130988,0.0,1.0,0.31643400851839076,0.016666666666666666
17_1_12,0.1954290168281142,0.15080779551437526,0.0,1.0,0.16790128384867314,0.041666666666666664
17_1_13,0.11645789985826661,0.1278883340158088,0.0,1.0,0.0622667091252217,0.1488095238095238
17_1_14,0.18943711823471343,0.23090486497486565,0.0,1.0,0.06898043241649734,0.07976190476190476
17_1_15,0.11140021169243809,0.12189219810360873,0.0,1.0,0.07945278125513056,0.13333333333333333
17_1_16,0.12028373138851062,0.17580745229150144,0.0,1.0,0.00609524074825925,0.4928571428571429
17_1_17,0.10183195986183058,0.12246460026088628,0.0,1.0,0.0694568640529136,0.27380952380952384
17_1_18,0.16327543532284175,0.19501089809867023,0.0,1.0,0.09154230765995261,0.3357142857142857
17_1_19,0.17109432601921004,0.16814406888802233,0.0,1.0,0.14230231312332395,0.25357142857142856
17_1_20,0.07648071644807414,0.0948424851012639,0.0,1.0,0.049066260214197,0.3119047619047619
17_1_21,0.04482833291758401,0.0659655379637766,0.0,1.0,0.02044450328488565,0.36904761904761907
17_1_22,0.15198090414299018,0.16784910264750494,0.0,1.0,0.10845506828048751,0.25595238095238093
17_1_23,0.10135460026150694,0.13598290293853024,0.0,1.0,0.044986167038024896,0.38571428571428573
17_1_24,0.14493783949593272,0.1985383169556725,0.0,1.0,0.039380297517352156,0.4523809523809524
17_1_25,0.19847141919231645,0.15427199793475943,0.0,1.0,0.16986621507805288,0.05357142857142857
17_1_26,0.1707617428894526,0.16709816607635208,0.0,1.0,0.13185001877259972,0.2
17_1_27,0.13397840113631243,0.17226711272585596,0.0,1.0,0.07172064092593644,0.20833333333333334
17_1_28,0.026899619063013757,0.048184294085999654,0.0,1.0,0.0127236421532404,0.24404761904761904
17_1_29,0.1864922862830143,0.20187827732640268,0.0,1.0,0.1181384775665133,0.18452380952380953
17_1_30,0.14461437978854288,0.15405855070668098,0.0,1.0,0.1054631248477998,0.1761904761904762
17_1_31,0.1477276106768596,0.19581371177760443,0.0,1.0,0.042002314145419994,0.44047619047619047
17_2_0,0.20821905588219047,0.18007912327647738,0.0,1.0,0.1785224876928905,0.10952380952380952
17_2_1,0.14946940251857346,0.1392981585649115,0.0,1.0,0.1224681709250631,0.12023809523809524
17_2_2,0.1766760528474654,0.1788604914086046,0.0,1.0,0.1294957992271003,0.14642857142857144
17_2_3,0.22676383888997956,0.16153543247013602,0.0,1.0,0.1995287088479693,0.017857142857142856
17_2_4,0.2595209905841964,0.1638661578362514,0.0,1.0,0.2235752566561614,0.005952380952380952
17_2_5,0.31955834658369464,0.15471396905797283,0.0,1.0,0.3053518565523593,0.002380952380952381
17_2_6,0.20964420002076709,0.15017930549126707,0.0,1.0,0.17001548813567804,0.004761904761904762
17_2_7,0.1350026499767771,0.1274783324549665,0.0,1.0,0.09437623377890875,0.01904761904761905
17_2_8,0.2601673751155987,0.17552924545718823,0.0,1.0,0.2266370452035782,0.03571428571428571
17_2_9,0.320522070597701,0.14852373674854563,0.0,1.0,0.3169401385276591,0.0035714285714285713
17_2_10,0.3316762670431459,0.20286578018909235,0.0,1.0,0.32779079245664916,0.004761904761904762
17_2_11,0.2625259514604005,0.18295981399412803,0.0,1.0,0.25561448960015604,0.03333333333333333
17_2_12,0.21788510767943797,0.16289533684234062,0.0,1.0,0.16691065738005884,0.002380952380952381
17_2_13,0.28194961097255405,0.16693889241665558,0.0,1.0,0.24669683218135546,0.0035714285714285713
17_2_14,0.27100469280579204,0.1674934496015182,0.0,1.0,0.24870066055339995,0.008333333333333333
17_2_15,0.10370956330537118,0.12161917877150359,0.0,1.0,0.07310930470484085,0.16666666666666666
17_2_16,0.14018921226143566,0.17309190792425774,0.0,1.0,0.07899430957792761,0.37857142857142856
17_2_17,0.14123238181253037,0.1442648297175807,0.0,1.0,0.1000406155164182,0.16785714285714284
17_2_18,0.17256797261212353,0.15044109145594595,0.0,1.0,0.13320212482146832,0.058333333333333334
17_2_19,0.25984587039578017,0.18060970845274837,0.0,1.0,0.22814511957837447,0.02857142857142857
17_2_20,0.35085258146548115,0.1732258810343796,0.0,1.0,0.33976310871294374,0.002380952380952381
17_2_21,0.27007625712665834,0.17233294007595584,0.0,1.0,0.26336172105638705,0.03333333333333333
17_2_22,0.17301604530169326,0.1540621103737883,0.0,1.0,0.1400379467601856,0.12142857142857143
17_2_23,0.07825491706819489,0.10985151090880865,0.0,1.0,0.0420465594479808,0.3130952380952381
17_2_24,0.07300812060612612,0.10898277330471082,0.0,1.0,0.007986021334497249,0.4738095238095238
17_2_25,0.1320764689949587,0.15135035476344777,0.0,1.0,0.0934188599500472,0.2654761904761905
17_2_26,0.14115575621614834,0.1324894301430992,0.0,1.0,0.11433286651680946,0.14166666666666666
17_2_27,0.12891850890664686,0.15354998005822706,0.0,1.0,0.0693843717244907,0.10238095238095238
17_2_28,0.21654855273246157,0.1393546019276662,0.0,1.0,0.19003153568440384,0.014285714285714285
17_2_29,0.2467057753372559,0.17042997311135677,0.0,1.0,0.21137651757379886,0.025
17_2_30,0.23634828559646628,0.15518740178637916,0.0,1.0,0.2147462461771382,0.0380952380952381
17_2_31,0.08186655853225201,0.09222019507904732,0.0,1.0,0.060449973162539444,0.2
18_0_0,0.08784812059695861,0.12917318491501384,0.0,1.0,0.00755803223046125,0.4869047619047619
18_0_1,0.06934185032750392,0.09205473035342554,0.0,1.0,0.039637192017792755,0.36666666666666664
18_0_2,0.11504000698333189,0.16344242448363316,0.0,1.0,0.051198214407880846,0.3488095238095238
18_0_3,0.27517260098863705,0.2150156712385147,0.0,1.0,0.27669414231415324,0.11904761904761904
18_0_4,0.11563293887194123,0.1140940822483617,0.0,1.0,0.0955542652536164,0.20476190476190476
18_0_5,0.21272115068340627,0.16669354920985896,0.0,1.0,0.20325155751106383,0.10952380952380952
18_0_6,0.257102369723086,0.19189419017151219,0.0,1.0,0.24205180643701396,0.09642857142857143
18_0_7,0.17275021326388737,0.1875327724984585,0.0,1.0,0.12416286770248595,0.2761904761904762
18_0_8,0.040430699873201054,0.07397451259131192,0.0,1.0,0.0196637946874524,0.35
18_0_9,0.08408400089917256,0.09932884762767755,0.0,1.0,0.05886090316187825,0.24047619047619048
18_0_10,0.07409200188912839,0.09819230916412941,0.0,1.0,0.04100153276884955,0.35833333333333334
18_0_11,0.22050949369603717,0.1744735439578899,0.0,1.0,0.20771515800776916,0.10357142857142858
18_0_12,0.23936010368478103,0.1809298942066954,0.0,1.0,0.2463550425822966,0.07857142857142857
18_0_13,0.2258059090737043,0.16328357190280304,0.0,1.0,0.24335867084579735,0.055952380952380955
18_0_14,0.31589540021322615,0.17463633292939862,0.0,1.0,0.31674768541773846,0.010714285714285714
18_0_15,0.34687602930495076,0.18849152336398847,0.0,1.0,0.33986116240041925,0.004761904761904762
18_0_16,0.13860654969202596,0.14012897762523432,0.0,1.0,0.10939940109965984,0.20833333333333334
18_0_17,0.15285597141224727,0.1545935743005585,0.0,1.0,0.1125978120834153,0.13690476190476192
18_0_18,0.0800111327708719,0.10737527295584834,0.0,1.0,0.041825327799564396,0.34404761904761905
18_0_19,0.2354462371251365,0.16577995479672025,0.0,1.0,0.19329853855828238,0.008333333333333333
18_0_20,0.24538504417041068,0.18546412092443965,0.0,1.0,0.2044074071983678,0.03214285714285714
18_0_21,0.1356166433430773,0.13265950571775964,0.0,1.0,0.09910389993839125,0.1
18_0_22,0.15496224073436432,0.14738962210269943,0.0,1.0,0.123457713130465,0.09523809523809523
18_0_23,0.11734952270263209,0.12225259189210567,0.0,1.0,0.08087038600048771,0.11785714285714285
18_0_24,0.14316562972675548,0.19475049610857606,0.0,1.0,0.037222925674486096,0.45
18_0_25,0.06374858232904687,0.09648032237251779,0.0,1.0,0.024195958471480497,0.41904761904761906
18_0_26,0.1132905018526788,0.16037069077826385,0.0,1.0,0.0294386410900703,0.45714285714285713
18_0_27,0.1612502363899113,0.18386754384646004,0.0,1.0,0.10113718392403105,0.34523809523809523
18_0_28,0.19681337954723924,0.14593986542976656,0.0,1.0,0.18226879341686664,0.10357142857142858
18_0_29,0.07663258159891985,0.09080275054100043,0.0,1.0,0.052010511286469455,0.31785714285714284
18_0_30,0.11619157892391926,0.12278674906316524,0.0,1.0,0.09224255964291131,0.24523809523809523
18_0_31,0.06767194933934342,0.07255349277965299,0.0,1.0,0.0560886872123558,0.1988095238095238
18_1_0,0.09345260512543001,0.11947352200170351,0.0,1.0,0.05475917282395065,0.3273809523809524
18_1_1,0.10149970314992034,0.13128224314882822,0.0,1.0,0.06146834104613624,0.2571428571428571
18_1_2,0.09302452384048483,0.11804294590230939,0.0,1.0,0.05560393360759005,0.23452380952380952
18_1_3,0.18238584893436624,0.17777325995824642,0.0,1.0,0.1380152257746583,0.16666666666666666
18_1_4,0.1414273287482511,0.14927824176309498,0.0,1.0,0.09578637961008316,0.1357142857142857
18_1_5,0.10913532824601174,0.13553713725584118,0.0,1.0,0.06558825575976415,0.21785714285714286
18_1_6,0.10670681394937215,0.13755222697448066,0.0,1.0,0.057887145192963146,0.3464285714285714
18_1_7,0.06722969878199578,0.09867770156694458,0.0,1.0,0.0240324533623451,0.42857142857142855
18_1_8,0.12446562427892842,0.12168725994584306,0.0,1.0,0.09912185886376185,0.1761904761904762
18_1_9,0.25238210134877354,0.17699138386900526,0.0,1.0,0.2192212436958359,0.013095238095238096
18_1_10,0.2342160464733896,0.16837516794892293,0.0,1.0,0.20714791691983925,0.02857142857142857
18_1_11,0.21722952163432546,0.17458973217794055,0.0,1.0,0.17976828620981225,0.05952380952380952
18_1_12,0.18198509623837386,0.16653459410383425,0.0,1.0,0.13817120396821087,0.09166666666666666
18_1_13,0.10528823333744491,0.1222238053677164,0.0,1.0,0.07243052119838955,0.20714285714285716
18_1_14,0.07903533129846389,0.11178111683278916,0.0,1.0,0.03409771695727605,0.3761904761904762
18_1_15,0.12138232732357362,0.16012574877251368,0.0,1.0,0.0626771380071482,0.3964285714285714
18_1_16,0.08128226973401027,0.10836253527239686,0.0,1.0,0.05401522767918385,0.2630952380952381
18_1_17,0.17470298477085297,0.16758636952765107,0.0,1.0,0.1203489225201658,0.04285714285714286
18_1_18,0.24196046460205234,0.15123723602207217,0.0,1.0,0.2193619005715139,0.02619047619047619
18_1_19,0.29578022286048283,0.3188422251845233,0.0,1.0,0.11646881056333586,0.047619047619047616
18_1_20,0.10251868228368721,0.15524806595186808,0.0,1.0,0.02359019375682115,0.2119047619047619
18_1_21,0.08115920615947525,0.0969783801507688,0.0,1.0,0.0577337764861109,0.19047619047619047
18_1_22,0.0966855580593578,0.1446355997808094,0.0,1.0,0.0020290314619292498,0.49523809523809526
18_1_23,0.15410512886285382,0.20841431104907537,0.0,1.0,0.04102727868356955,0.44642857142857145
18_1_24,0.14435333054560817,0.2065423323392028,0.0,1.0,0.0223890624012789,0.4642857142857143
18_1_25,0.09731738347531704,0.13054678036676234,0.0,1.0,0.05745938118263125,0.3238095238095238
18_1_26,0.11506404011820945,0.1366394729364558,0.0,1.0,0.07825171012059665,0.2773809523809524
18_1_27,0.07522244858665483,0.10957838837933095,0.0,1.0,0.0436491683480408,0.2785714285714286
18_1_28,0.17957533198575856,0.1601788510455529,0.0,1.0,0.1449252398499966,0.07738095238095238
18_1_29,0.1484923545175641,0.19269408788472528,0.0,1.0,0.06432074204194904,0.4035714285714286
18_1_30,0.09581279642671793,0.1352464795553731,0.0,1.0,0.03157798444801364,0.4380952380952381
18_1_31,0.1247119382213006,0.16426041671107178,0.0,1.0,0.030818074461077802,0.44642857142857145
18_2_0,0.17978039700468895,0.18519556210050495,0.0,1.0,0.12989765583121532,0.25833333333333336
18_2_1,0.12601150573652686,0.12682071099333808,0.0,1.0,0.09930381053686095,0.13452380952380952
18_2_2,0.15014502109170472,0.1565375512104985,0.0,1.0,0.09970472929566965,0.07261904761904762
18_2_3,0.2492628693787698,0.1953652236374664,0.0,1.0,0.2290933359778576,0.11666666666666667
18_2_4,0.24762796774120954,0.19387496613596059,0.0,1.0,0.2464829038260229,0.07976190476190476
18_2_5,0.2145087761443218,0.21114644762619325,0.0,1.0,0.1631967895732451,0.11190476190476191
18_2_6,0.2396113623239858,0.19762555395598216,0.0,1.0,0.21244327331665774,0.14285714285714285
18_2_7,0.12985115977936998,0.16579225575669787,0.0,1.0,0.076881736167352,0.2892857142857143
18_2_8,0.32486119959545945,0.21400830141533128,0.0,1.0,0.31574350690129194,0.04404761904761905
18_2_9,0.2601060261740006,0.15814217246343107,0.0,1.0,0.2273152767736215,0.010714285714285714
18_2_10,0.16709234389215458,0.14150385008199431,0.0,1.0,0.13606396184850544,0.07857142857142857
18_2_11,0.3001749445156888,0.18833325549739402,0.0,1.0,0.311225010310066,0.04047619047619048
18_2_12,0.1837689630835569,0.13748497851197014,0.0,1.0,0.1709270420523479,0.05357142857142857
18_2_13,0.2714699340027303,0.1922376005976602,0.0,1.0,0.2390522139235668,0.03214285714285714
18_2_14,0.25263817696854624,0.15266918672065583,0.0,1.0,0.24180214866567806,0.02023809523809524
18_2_15,0.10469809712538454,0.12612478065721922,0.0,1.0,0.06503051694820536,0.2773809523809524
18_2_16,0.08679318105339152,0.10587552778853382,0.0,1.0,0.061079031320223395,0.22738095238095238
18_2_17,0.16226559662411122,0.13726338318992007,0.0,1.0,0.1368565934616376,0.055952380952380955
18_2_18,0.18404056852907144,0.1454888194130485,0.0,1.0,0.15258336875973733,0.03571428571428571
18_2_19,0.2761052771675184,0.1862271499387044,0.0,1.0,0.264266920707509,0.07023809523809524
18_2_20,0.247725456897539,0.16066039093554857,0.0,1.0,0.2400251856787898,0.047619047619047616
18_2_21,0.14709954411507556,0.14509526570089468,0.0,1.0,0.11484313335397026,0.1595238095238095
18_2_22,0.09366612630519448,0.1260589706795966,0.0,1.0,0.04483639848070855,0.40714285714285714
18_2_23,0.06957630176580762,0.09841733355899392,0.0,1.0,0.0415125760443217,0.3535714285714286
18_2_24,0.13168871354029285,0.13223780887799794,0.0,1.0,0.10571022837647351,0.22976190476190475
18_2_25,0.09747259397482089,0.12172951841077272,0.0,1.0,0.0597912119849348,0.2392857142857143
18_2_26,0.09847254819596771,0.11024880859670527,0.0,1.0,0.069886444858657,0.24166666666666667
18_2_27,0.2057808083095931,0.1865390452289446,0.0,1.0,0.18123539628938357,0.20952380952380953
18_2_28,0.09332681652156989,0.12209416227645073,0.0,1.0,0.059807502288334854,0.32857142857142857
18_2_29,0.2209300266427755,0.20985329551767182,0.0,1.0,0.18595370336986505,0.23214285714285715
18_2_30,0.10365862646243224,0.14362353398028396,0.0,1.0,0.0193637535124744,0.4595238095238095
18_2_31,0.1250900997101804,0.1770293804119049,0.0,1.0,0.0304967937554772,0.4666666666666667
19_0_0,0.13660274161807623,0.17574716850985908,0.0,1.0,0.07372432112192,0.36547619047619045
19_0_1,0.020597890572370627,0.04787306989859818,0.0,1.0,0.00797784182261925,0.3880952380952381
19_0_2,0.06600908766781713,0.11590615253367463,0.0,1.0,0.0224879491694902,0.3607142857142857
19_0_3,0.2032207914613915,0.1954016779139095,0.0,1.0,0.144602159197406,0.08214285714285714
19_0_4,0.03613727928710746,0.06973672788005178,0.0,1.0,0.0166249025920871,0.35119047619047616
19_0_5,0.09959373224148248,0.15031854960881952,0.0,1.0,0.03992446276482185,0.37023809523809526
19_0_6,0.06569034546536412,0.09596065376866379,0.0,1.0,0.0115225626226831,0.475
19_0_7,0.1436317550142498,0.2017864422791621,0.0,1.0,0.02012317643490745,0.4714285714285714
19_0_8,0.15330237369037958,0.1742990234809184,0.0,1.0,0.07013575523013955,0.16547619047619047
19_0_9,0.07143292313334054,0.10133682874712122,0.0,1.0,0.02958193053257305,0.24642857142857144
19_0_10,0.05630273356557911,0.09107601177806383,0.0,1.0,0.029312339151011148,0.2916666666666667
19_0_11,0.12249298555837199,0.15757669494962825,0.0,1.0,0.04371544918730315,0.22857142857142856
19_0_12,0.11295186182309243,0.16111997342013124,0.0,1.0,0.05192134095682045,0.3595238095238095
19_0_13,0.08140745915030843,0.12445388519446521,0.0,1.0,0.02749889530379515,0.24404761904761904
19_0_14,0.10201785522028672,0.11652265036213148,0.0,1.0,0.07357532369911104,0.275
19_0_15,0.08586129417921023,0.12483030586670169,0.0,1.0,0.0308434628113964,0.43214285714285716
19_0_16,0.13417001262771994,0.1753023396302443,0.0,1.0,0.0472842126497927,0.43452380952380953
19_0_17,0.059884329564795793,0.08526200264465364,0.0,1.0,0.0150703711792637,0.4595238095238095
19_0_18,0.16629609802804868,0.1994355605701381,0.0,1.0,0.08532872003727554,0.07976190476190476
19_0_19,0.07423656839637426,0.10563879972662307,0.0,1.0,0.03986677248518345,0.24404761904761904
19_0_20,0.11796441141527296,0.17539852251633137,0.0,1.0,0.0013322044708475001,0.4988095238095238
19_0_21,0.07920635379749501,0.11772958194128373,0.0,1.0,0.013400748340132,0.4797619047619048
19_0_22,0.08085275024539924,0.11192521837501275,0.0,1.0,0.04409216969355765,0.31785714285714284
19_0_23,0.11734361020052719,0.17478593538745618,0.0,1.0,0.0003944146655022,0.5
19_0_24,0.12976513214319907,0.18584991981884283,0.0,1.0,0.01480722466214325,0.4869047619047619
19_0_25,0.08691497893469603,0.1271373804083162,0.0,1.0,0.03778087300714365,0.38571428571428573
19_0_26,0.10422299853722135,0.16068279009778969,0.0,1.0,0.0056288931525579,0.49642857142857144
19_0_27,0.10308910784754712,0.13761051626032716,0.0,1.0,0.031301214439220654,0.4452380952380952
19_0_28,0.10158440549735742,0.13829858452488214,0.0,1.0,0.05160568478409245,0.31666666666666665
19_0_29,0.09347239270699041,0.12738220120506608,0.0,1.0,0.0309245138031581,0.42857142857142855
19_0_30,0.058149828764585104,0.08546665757344932,0.0,1.0,0.007329644746330849,0.4726190476190476
19_0_31,0.12194918191642756,0.1879441644589906,0.0,1.0,0.0,0.5178571428571429
19_1_0,0.1544160219612445,0.1692341098117845,0.0,1.0,0.10008223988819705,0.1130952380952381
19_1_1,0.1517009350599306,0.16325463368931364,0.0,1.0,0.09862887499638845,0.11785714285714285
19_1_2,0.13824540247114567,0.1624596204123187,0.0,1.0,0.0768872271328815,0.12738095238095237
19_1_3,0.12291579651371148,0.13514629305679102,0.0,1.0,0.07912253270056316,0.09642857142857143
19_1_4,0.13604674251436888,0.14053172615775597,0.0,1.0,0.09399662216522431,0.09761904761904762
19_1_5,0.1672357371476946,0.14497530313302454,0.0,1.0,0.1382687395834119,0.05119047619047619
19_1_6,0.0427956552633072,0.11566446358028297,0.0,1.0,0.011244729953748051,0.3357142857142857
19_1_7,0.07607380627833688,0.14436993288635433,0.0,1.0,0.027565503873026947,0.24166666666666667
19_1_8,0.07795905027954127,0.10700271362303443,0.0,1.0,0.045020781428041404,0.24642857142857144
19_1_9,0.08185149221202638,0.10579597062714548,0.0,1.0,0.05365768897917425,0.1869047619047619
19_1_10,0.12513382854252642,0.15235617714905778,0.0,1.0,0.07307276021715504,0.16785714285714284
19_1_11,0.09933894448411933,0.12285854839275688,0.0,1.0,0.06386714684797805,0.20714285714285716
19_1_12,0.14541173161868426,0.14697791679339348,0.0,1.0,0.1075885470230438,0.08333333333333333
19_1_13,0.18170985939942258,0.1814498003709539,0.0,1.0,0.1372370765047055,0.10595238095238095
19_1_14,0.16604910786094704,0.11561306519580865,0.0,1.0,0.1518709714284447,0.03333333333333333
19_1_15,0.0960823045193317,0.12066181180675968,0.0,1.0,0.06169948076044505,0.1619047619047619
19_1_16,0.1100938326566695,0.12229545393134005,0.0,1.0,0.07615065415641985,0.18452380952380953
19_1_17,0.11217404185082475,0.1338378268750366,0.0,1.0,0.0719564235112968,0.2011904761904762
19_1_18,0.10072889142110011,0.12856842432874235,0.0,1.0,0.06413214321466881,0.3107142857142857
19_1_19,0.0930971888942184,0.129794490419969,0.0,1.0,0.0451677031937831,0.37976190476190474
19_1_20,0.13967649276845914,0.17077671553009136,0.0,1.0,0.06867843886231895,0.3630952380952381
19_1_21,0.08269283611694092,0.10518854239918518,0.0,1.0,0.05264188149508765,0.24523809523809523
19_1_22,0.08979615649713005,0.12125394578121079,0.0,1.0,0.0479952207425951,0.3630952380952381
19_1_23,0.09030509845665446,0.12641043588879164,0.0,1.0,0.05114066449845485,0.20952380952380953
19_1_24,0.08621525292238214,0.13122277121717574,0.0,1.0,0.04363507813492335,0.30833333333333335
19_1_25,0.0689994201768004,0.09670272627616966,0.0,1.0,0.02622821658233145,0.43214285714285716
19_1_26,0.0909520619323855,0.13123931847536494,0.0,1.0,0.05070281373664855,0.1869047619047619
19_1_27,0.079151747913467,0.11008975598563879,0.0,1.0,0.0470161444601003,0.2845238095238095
19_1_28,0.06743786068372111,0.10954574652414106,0.0,1.0,0.0347503912528451,0.33095238095238094
19_1_29,0.06150267723774997,0.10583937464575593,0.0,1.0,0.03216671686209085,0.21904761904761905
19_1_30,0.076027564687297,0.11208116621502398,0.0,1.0,0.0338403015622454,0.3416666666666667
19_1_31,0.10235097684261006,0.13726609053766234,0.0,1.0,0.047977251697144604,0.3404761904761905
19_2_0,0.11294101401625439,0.16785195943996215,0.0,1.0,0.0,0.5142857142857142
19_2_1,0.11404280319050192,0.14221240213723418,0.0,1.0,0.07467091647135846,0.19523809523809524
19_2_2,0.09710641279174743,0.13085297955742053,0.0,1.0,0.0542166804826833,0.20357142857142857
19_2_3,0.0907587106532543,0.1212257302589185,0.0,1.0,0.058279902872648295,0.25476190476190474
19_2_4,0.06490771987685279,0.09509078551178776,0.0,1.0,0.032719520515504655,0.3130952380952381
19_2_5,0.23439315494339386,0.2235509474093794,0.0,1.0,0.19797925190729304,0.26785714285714285
19_2_6,0.10214270777629607,0.1395189819930029,0.0,1.0,0.01965865829888605,0.46904761904761905
19_2_7,0.18252255844518417,0.17965436195124138,0.0,1.0,0.13936142859864484,0.17142857142857143
19_2_8,0.16226974936835786,0.13973404960349073,0.0,1.0,0.13461086264379166,0.0880952380952381
19_2_9,0.22955374141344717,0.1671555988320198,0.0,1.0,0.19735796122035346,0.023809523809523808
19_2_10,0.18839843861320424,0.16684412480654015,0.0,1.0,0.14032617849348383,0.05476190476190476
19_2_11,0.1752307878241809,0.1727262573278243,0.0,1.0,0.130819942127236,0.11785714285714285
19_2_12,0.07882120415916313,0.09802574528106292,0.0,1.0,0.04721963555605205,0.18452380952380953
19_2_13,0.35094247476383095,0.19501450020059846,0.0,1.0,0.3495831156945758,0.023809523809523808
19_2_14,0.17792769715480397,0.15383712324073892,0.0,1.0,0.15299320885835999,0.10952380952380952
19_2_15,0.3224715490858706,0.23651529556777798,0.0,1.0,0.2516629720568223,0.007142857142857143
19_2_16,0.1647476644745795,0.1386468343546306,0.0,1.0,0.13845705720007534,0.07023809523809524
19_2_17,0.24158567826094102,0.14693812051110275,0.0,1.0,0.21847720809761184,0.007142857142857143
19_2_18,0.16679403401503806,0.16076777001836454,0.0,1.0,0.11256918412163296,0.0630952380952381
19_2_19,0.22865289960569526,0.16306983119185217,0.0,1.0,0.1816680940598553,0.004761904761904762
19_2_20,0.13539221559299144,0.13457583648744473,0.0,1.0,0.09517726710441671,0.05476190476190476
19_2_21,0.25024668143653805,0.15499858445028267,0.0,1.0,0.24117157807316064,0.009523809523809525
19_2_22,0.157161973471073,0.1534324608241385,0.0,1.0,0.11617959490411155,0.01904761904761905
19_2_23,0.27468674776664237,0.16364268555560627,0.0,1.0,0.24825454125226795,0.004761904761904762
19_2_24,0.11277721686483434,0.16062307688098562,0.0,1.0,0.01399383902920565,0.475
19_2_25,0.10670793297054035,0.14340729874330432,0.0,1.0,0.0442742218342381,0.4142857142857143
19_2_26,0.09874880136351016,0.12331107000232788,0.0,1.0,0.05721721626790455,0.19166666666666668
19_2_27,0.10462584577649149,0.1275826734668231,0.0,1.0,0.06772332056746311,0.20476190476190476
19_2_28,0.12643889459826552,0.13838085006459186,0.0,1.0,0.0936900145536063,0.1869047619047619
19_2_29,0.11962307836591958,0.14093349827997192,0.0,1.0,0.0793163388314217,0.2619047619047619
19_2_30,0.10637131665989194,0.16106562911369926,0.0,1.0,0.0002351734868187,0.5
19_2_31,0.18274647085119175,0.17127813190215613,0.0,1.0,0.14217261186074764,0.10595238095238095
20_0_0,0.09686356037624441,0.13195180241444476,0.0,1.0,0.0479828584914051,0.35
20_0_1,0.23554756372810812,0.18618698951124552,0.0,1.0,0.19376860299221488,0.02976190476190476
20_0_2,0.18150877612106403,0.15272505408319464,0.0,1.0,0.14843358367255777,0.058333333333333334
20_0_3,0.1761681008375938,0.18083071248549046,0.0,1.0,0.12692083566923984,0.1130952380952381
20_0_4,0.20742185939871724,0.1604648059530282,0.0,1.0,0.1701709458483646,0.034523809523809526
20_0_5,0.2707655799019371,0.19122235771488072,0.0,1.0,0.23766832001315855,0.023809523809523808
20_0_6,0.23044227398808298,0.15145735359332885,0.0,1.0,0.20824027380052657,0.02142857142857143
20_0_7,0.08722753320836883,0.10634346768771594,0.0,1.0,0.0590553138000775,0.23333333333333334
20_0_8,0.09699696681914095,0.11366812472089546,0.0,1.0,0.0650842551662782,0.2702380952380952
20_0_9,0.18175862598098466,0.1352534070916449,0.0,1.0,0.1567898623827454,0.034523809523809526
20_0_10,0.11530157404020916,0.12018347157868038,0.0,1.0,0.0773338588251764,0.07023809523809524
20_0_11,0.23519138576227683,0.19274122361309648,0.0,1.0,0.18790229428088995,0.05952380952380952
20_0_12,0.13435590742738193,0.13689441346679562,0.0,1.0,0.1057704729165028,0.15833333333333333
20_0_13,0.15941684651900231,0.1546951785274348,0.0,1.0,0.1322138875806706,0.20595238095238094
20_0_14,0.2605787503172603,0.18795071803026464,0.0,1.0,0.23459997642269553,0.06904761904761905
20_0_15,0.05703459117334523,0.08214054181356037,0.0,1.0,0.01959634797536155,0.43214285714285716
20_0_16,0.13873329205245333,0.14245303768829065,0.0,1.0,0.10844943495621359,0.21428571428571427
20_0_17,0.22339645569533856,0.15978000192522088,0.0,1.0,0.1934237312024266,0.016666666666666666
20_0_18,0.2803433087646767,0.1632933507062338,0.0,1.0,0.25641564876851336,0.0035714285714285713
20_0_19,0.14552244625678484,0.11300601488067727,0.0,1.0,0.11900760558942805,0.02142857142857143
20_0_20,0.08195598818171422,0.10934722111520172,0.0,1.0,0.056835195910908104,0.047619047619047616
20_0_21,0.2145828730750402,0.16181312617457572,0.0,1.0,0.1803586009941922,0.04880952380952381
20_0_22,0.09095150036802659,0.10271641721402949,0.0,1.0,0.0670842578767363,0.2357142857142857
20_0_23,0.21433038311625416,0.20386343739673207,0.0,1.0,0.17295972826804806,0.23333333333333334
20_0_24,0.06620430406055527,0.09466415322631777,0.0,1.0,0.0281443525481458,0.4035714285714286
20_0_25,0.16238439500449553,0.14555773024191124,0.0,1.0,0.1321453959277148,0.08571428571428572
20_0_26,0.18717532676381213,0.14043004106810292,0.0,1.0,0.1552130767319106,0.02261904761904762
20_0_27,0.18678871685064924,0.13854255422772246,0.0,1.0,0.15629588757649426,0.036904761904761905
20_0_28,0.1212895114628286,0.11756565575085556,0.0,1.0,0.09647144559973181,0.11428571428571428
20_0_29,0.16838997159945995,0.16602204249502944,0.0,1.0,0.13086792076128073,0.14404761904761904
20_0_30,0.07907834839003698,0.07669499879800092,0.0,1.0,0.06233049646984485,0.08571428571428572
20_0_31,0.06579463684714294,0.09642485020087334,0.0,1.0,0.0208697508585573,0.44285714285714284
20_1_0,0.26903105198109806,0.17625265563558395,0.0,1.0,0.22555631095050077,0.015476190476190477
20_1_1,0.11081074801202302,0.11709335766502639,0.0,1.0,0.08289297797967979,0.19404761904761905
20_1_2,0.1845275080700507,0.14615266644330863,0.0,1.0,0.16207730261115838,0.05476190476190476
20_1_3,0.11197018890617873,0.128701896959704,0.0,1.0,0.07854110776308194,0.25595238095238093
20_1_4,0.1280751839512999,0.1909991067754727,0.0,1.0,0.0068793470638984,0.49404761904761907
20_1_5,0.07072207267493877,0.09984053478416231,0.0,1.0,0.048631169394388496,0.22380952380952382
20_1_6,0.062456622235225495,0.07866789998327868,0.0,1.0,0.042834756238657845,0.33690476190476193
20_1_7,0.13584568675838082,0.1767202713282055,0.0,1.0,0.054715734448677694,0.4142857142857143
20_1_8,0.36507676582611437,0.1864300185375453,0.0,1.0,0.35653920337861966,0.002380952380952381
20_1_9,0.23702422358132733,0.16634071843757867,0.0,1.0,0.20806228357762824,0.009523809523809525
20_1_10,0.20708023069633288,0.1591820858994348,0.0,1.0,0.16617501772366314,0.015476190476190477
20_1_11,0.15829165984596832,0.12829528381541155,0.0,1.0,0.1374347605786147,0.09047619047619047
20_1_12,0.1120147793650151,0.14380173752531894,0.0,1.0,0.06753808071660355,0.15119047619047618
20_1_13,0.17966101798245093,0.15027242259888937,0.0,1.0,0.14075136925175435,0.04523809523809524
20_1_14,0.14036044777938098,0.12301003511387992,0.0,1.0,0.11688413547122105,0.07142857142857142
20_1_15,0.15124209319230278,0.13764031561788462,0.0,1.0,0.1250413955204683,0.10476190476190476
20_1_16,0.10712299156504157,0.13421583185276142,0.0,1.0,0.06565403660216701,0.30357142857142855
20_1_17,0.12633573957911934,0.14097969186271833,0.0,1.0,0.08972776332923521,0.29523809523809524
20_1_18,0.23428859631723586,0.18351499946655128,0.0,1.0,0.21628370608430025,0.07142857142857142
20_1_19,0.29206263755829304,0.20432536430778048,0.0,1.0,0.2848451564831087,0.05357142857142857
20_1_20,0.12359084499370855,0.12802168040214082,0.0,1.0,0.09673867782606616,0.14642857142857144
20_1_21,0.11745836317438096,0.1346178384024162,0.0,1.0,0.08001054417057255,0.2857142857142857
20_1_22,0.09280550165122778,0.11311804240378463,0.0,1.0,0.0608368978152363,0.2714285714285714
20_1_23,0.10220828951264374,0.14497104140767472,0.0,1.0,0.02075995683686655,0.4630952380952381
20_1_24,0.08253918587416112,0.11777207619119921,0.0,1.0,0.0244620515119092,0.4261904761904762
20_1_25,0.13247684858251535,0.16506580610867366,0.0,1.0,0.07466346923083031,0.36666666666666664
20_1_26,0.13439656950011813,0.1368873295235125,0.0,1.0,0.1031317911123249,0.17857142857142858
20_1_27,0.10173829698564939,0.11247534904614472,0.0,1.0,0.0731358666333156,0.17261904761904762
20_1_28,0.1015456674442509,0.14057660806425581,0.0,1.0,0.03757596956749825,0.4297619047619048
20_1_29,0.08030701985290914,0.12184589582443638,0.0,1.0,0.03301546212235275,0.3821428571428571
20_1_30,0.1313400136245803,0.1569186831719956,0.0,1.0,0.08404397521449175,0.3202380952380952
20_1_31,0.03985715190339699,0.07402676941496943,0.0,1.0,0.0119920621722655,0.4261904761904762
20_2_0,0.07591313729021557,0.09863731083091641,0.0,1.0,0.042261265586545346,0.3547619047619048
20_2_1,0.11163431173549136,0.1273560577599853,0.0,1.0,0.07529682575940161,0.3107142857142857
20_2_2,0.16814018406922904,0.14104517988191353,0.0,1.0,0.14390542882239066,0.08452380952380953
20_2_3,0.2734848351765397,0.18671781349429745,0.0,1.0,0.2492162190164035,0.02738095238095238
20_2_4,0.12626114789281243,0.10073647321614038,0.0,1.0,0.10974998346086395,0.04880952380952381
20_2_5,0.3396640421281944,0.19595431470981597,0.0,1.0,0.3255084656350442,0.004761904761904762
20_2_6,0.13404197500485038,0.13644376012577003,0.0,1.0,0.10168438923195874,0.14047619047619048
20_2_7,0.09076107811005084,0.13114407412590326,0.0,1.0,0.0292908913199266,0.4238095238095238
20_2_8,0.07700364614610483,0.08990916134579559,0.0,1.0,0.0559787874028608,0.2619047619047619
20_2_9,0.15038938789242032,0.16636590360638684,0.0,1.0,0.11272352199861665,0.2726190476190476
20_2_10,0.0851291250399115,0.11119917987818415,0.0,1.0,0.05488408234259625,0.1773809523809524
20_2_11,0.19658905539958077,0.14416426068421279,0.0,1.0,0.16544795248912159,0.010714285714285714
20_2_12,0.2449019338325331,0.15405536154498917,0.0,1.0,0.21501336947217586,0.008333333333333333
20_2_13,0.31176970801128523,0.16178209190544196,0.0,1.0,0.2780659625503594,0.004761904761904762
20_2_14,0.29875205756211254,0.19979531726297733,0.0,1.0,0.263852201489549,0.008333333333333333
20_2_15,0.20768516372927784,0.1863093463375139,0.0,1.0,0.173614894471125,0.1630952380952381
20_2_16,0.1212308831555735,0.1652441662638433,0.0,1.0,0.02849937919927875,0.45357142857142857
20_2_17,0.10213076947087259,0.12489168974466446,0.0,1.0,0.06401438928880865,0.32261904761904764
20_2_18,0.10389263545895513,0.12061609154409597,0.0,1.0,0.07265895711870254,0.15476190476190477
20_2_19,0.19653905322604145,0.17539375643805435,0.0,1.0,0.1469783912149653,0.0380952380952381
20_2_20,0.11854433558996438,0.12791594359908626,0.0,1.0,0.087425767373246,0.16071428571428573
20_2_21,0.11560550427835091,0.1520831933889262,0.0,1.0,0.04643188261355235,0.4154761904761905
20_2_22,0.15124567271751244,0.20659872405424018,0.0,1.0,0.02686572901713495,0.46785714285714286
20_2_23,0.14253846121081323,0.1777280390107797,0.0,1.0,0.07266238466908614,0.3904761904761905
20_2_24,0.13045772542821543,0.1850644164434415,0.0,1.0,0.0075378418579055,0.4928571428571429
20_2_25,0.13427986690158492,0.1879496893836954,0.0,1.0,0.02909263059318315,0.45714285714285713
20_2_26,0.10883707495043005,0.15147291231099128,0.0,1.0,0.0228630649347547,0.44761904761904764
20_2_27,0.08359053069985885,0.10762516361013001,0.0,1.0,0.04346699429990395,0.4095238095238095
20_2_28,0.06374359758236128,0.10407275798268445,0.0,1.0,0.01347012106750335,0.4511904761904762
20_2_29,0.13411610982553,0.18282680388346997,0.0,1.0,0.0246106554073236,0.46190476190476193
20_2_30,0.13165059474846708,0.16629036038417985,0.0,1.0,0.05596260859175335,0.4261904761904762
20_2_31,0.10769007183413239,0.15569209995591848,0.0,1.0,0.011527361912501699,0.4797619047619048
21_0_0,0.13342645015627946,0.19668925969874337,0.0,1.0,0.0018679715738883001,0.49642857142857144
21_0_1,0.12002062309919706,0.16981166276688084,0.0,1.0,0.014231467453025,0.4714285714285714
21_0_2,0.08063044586659217,0.08945665710363916,0.0,1.0,0.0581369784136921,0.15714285714285714
21_0_3,0.159657216043653,0.15850226147608576,0.0,1.0,0.12414844464780711,0.19404761904761905
21_0_4,0.23423375656575032,0.1400538549502914,0.0,1.0,0.21580134816509577,0.02738095238095238
21_0_5,0.29942938619329823,0.17440086159001242,0.0,1.0,0.27903995632782574,0.009523809523809525
21_0_6,0.13248770648280417,0.14485334977264583,0.0,1.0,0.09325603389160214,0.18095238095238095
21_0_7,0.10835089714065362,0.1504104438078976,0.0,1.0,0.02085985202611075,0.4642857142857143
21_0_8,0.1350259407909816,0.18626937278100164,0.0,1.0,0.0168288838427956,0.4738095238095238
21_0_9,0.17829882346958834,0.14215267021721367,0.0,1.0,0.1592157062088606,0.09047619047619047
21_0_10,0.18511488907877002,0.16537813700530188,0.0,1.0,0.1562766863485031,0.11547619047619048
21_0_11,0.24607200887432962,0.17709391136343616,0.0,1.0,0.2189398027467787,0.05357142857142857
21_0_12,0.33863703897501357,0.17853355035719265,0.0,1.0,0.34887783220641067,0.013095238095238096
21_0_13,0.21920877983887044,0.17164915616803028,0.0,1.0,0.2036268133365175,0.11904761904761904
21_0_14,0.3698880272047549,0.21519071828612132,0.0,1.0,0.3717996538781849,0.016666666666666666
21_0_15,0.13098371879311277,0.1318094968969245,0.0,1.0,0.09789275202326055,0.13333333333333333
21_0_16,0.1306132630249139,0.19216597706336888,0.0,1.0,0.01044668785423475,0.4869047619047619
21_0_17,0.23741855271202164,0.17364266360267108,0.0,1.0,0.20697099072794628,0.04642857142857143
21_0_18,0.31055981818044354,0.2058590571264031,0.0,1.0,0.27664834276469935,0.0011904761904761906
21_0_19,0.4396872981391854,0.15576382233049088,0.0,1.0,0.4403565267246409,0.0011904761904761906
21_0_20,0.31264173451806027,0.18517581465656638,0.0,1.0,0.2933367689290321,0.0035714285714285713
21_0_21,0.4803550742506939,0.15742968394669649,0.0,1.0,0.4931527995640309,0.004761904761904762
21_0_22,0.2854725094312656,0.1608933011800448,0.0,1.0,0.2766493503444857,0.0035714285714285713
21_0_23,0.13040034658816635,0.1499665378768421,0.0,1.0,0.09327985186113,0.2392857142857143
21_0_24,0.14759523433436625,0.19957651648433872,0.0,1.0,0.0401499293547212,0.4488095238095238
21_0_25,0.1054438932263927,0.13381145078715703,0.0,1.0,0.05080281035199105,0.40595238095238095
21_0_26,0.17313776988028518,0.1575556313290732,0.0,1.0,0.1430566742413803,0.1595238095238095
21_0_27,0.3469663968200177,0.16593421126543903,0.0,1.0,0.3291747454535858,0.0011904761904761906
21_0_28,0.35478722398508417,0.16677409579585298,0.0,1.0,0.3402080864209903,0.0035714285714285713
21_0_29,0.20516250657738366,0.14952437506168076,0.0,1.0,0.17478798666179735,0.055952380952380955
21_0_30,0.1229247608932619,0.16524601969572514,0.0,1.0,0.04626755503486965,0.42738095238095236
21_0_31,0.08315028182382793,0.1207267372421054,0.0,1.0,0.0062618989324774495,0.4785714285714286
21_1_0,0.09436154805833781,0.14010432477992155,0.0,1.0,0.0210980411350088,0.46190476190476193
21_1_1,0.13739898006202472,0.20032336887600832,0.0,1.0,0.0,0.5047619047619047
21_1_2,0.1322092962943901,0.19305467251369687,0.0,1.0,0.0013249685335251001,0.4976190476190476
21_1_3,0.13637493168604697,0.1953678935495048,0.0,1.0,0.026406104891816953,0.45714285714285713
21_1_4,0.08461550070195518,0.11864485455578744,0.0,1.0,0.0409330776547508,0.33214285714285713
21_1_5,0.10346456010269059,0.11779571084253733,0.0,1.0,0.07482323614699585,0.125
21_1_6,0.09002120510798578,0.12544112840923627,0.0,1.0,0.04662971399426885,0.35595238095238096
21_1_7,0.10762063356561158,0.11872313139035678,0.0,1.0,0.07851297026238169,0.2571428571428571
21_1_8,0.11507907109482672,0.16512818407200563,0.0,1.0,0.0052094857638752,0.49166666666666664
21_1_9,0.1324612614877157,0.17908863050636853,0.0,1.0,0.0442251255760191,0.4380952380952381
21_1_10,0.06051948755967991,0.07734428812797235,0.0,1.0,0.03805790405960035,0.2488095238095238
21_1_11,0.10258670058108979,0.11678867553209465,0.0,1.0,0.07311144687699456,0.22142857142857142
21_1_12,0.05085348662780911,0.08953046029401064,0.0,1.0,0.0236065493879623,0.34404761904761905
21_1_13,0.12194833450615118,0.12572558620153826,0.0,1.0,0.08866689450050845,0.10714285714285714
21_1_14,0.1714735324172503,0.1430842324369503,0.0,1.0,0.15061308849575974,0.09523809523809523
21_1_15,0.17676425159062767,0.19021452887093127,0.0,1.0,0.13247723654660093,0.2988095238095238
21_1_16,0.10401000469537745,0.148375024947697,0.0,1.0,0.0334437312027685,0.43452380952380953
21_1_17,0.0965128462557642,0.1131121985642985,0.0,1.0,0.06888708194815116,0.22976190476190475
21_1_18,0.19898007115915783,0.14085930490312193,0.0,1.0,0.17470836214173655,0.013095238095238096
21_1_19,0.09091050899815643,0.1140938858077314,0.0,1.0,0.0493661181776829,0.37857142857142856
21_1_20,0.1955214067208547,0.16401455944890417,0.0,1.0,0.15506234766220026,0.05119047619047619
21_1_21,0.33224969750598704,0.20789797866734303,0.0,1.0,0.3064814665189871,0.005952380952380952
21_1_22,0.17835197568282843,0.14841797462822248,0.0,1.0,0.15715325530698954,0.11785714285714285
21_1_23,0.05587329685139439,0.08758246844083233,0.0,1.0,0.01325604221322495,0.45
21_1_24,0.14757196544227702,0.21606453507621992,0.0,1.0,0.0,0.5202380952380953
21_1_25,0.11868874268718273,0.1657468077750887,0.0,1.0,0.02943393361647085,0.444047619047619
21_1_26,0.16831928253307238,0.15278732362666295,0.0,1.0,0.13112913574940693,0.08333333333333333
21_1_27,0.09547241730662571,0.11893611207715361,0.0,1.0,0.05977865042965325,0.29404761904761906
21_1_28,0.22294145995023923,0.208338913031259,0.0,1.0,0.16190917089372459,0.11190476190476191
21_1_29,0.10999563885063396,0.11434586693170175,0.0,1.0,0.0840039711433328,0.11190476190476191
21_1_30,0.07926757460922496,0.09483231138608356,0.0,1.0,0.05108091071035625,0.3119047619047619
21_1_31,0.1554626895060582,0.19769593322662193,0.0,1.0,0.055117593606971146,0.4107142857142857
21_2_0,0.08615035413792822,0.1261561733836132,0.0,1.0,0.0437711335288261,0.3595238095238095
21_2_1,0.1276577978294187,0.132390627977851,0.0,1.0,0.10312367983508745,0.18571428571428572
21_2_2,0.15174034502746897,0.14033896872039248,0.0,1.0,0.13223282662017444,0.20357142857142857
21_2_3,0.11225797674059264,0.1357420690035699,0.0,1.0,0.0639334988244031,0.3416666666666667
21_2_4,0.10236533842182537,0.14120148027482066,0.0,1.0,0.036594912598847354,0.444047619047619
21_2_5,0.14227437241471902,0.20252395316463434,0.0,1.0,0.01755960385732,0.47619047619047616
21_2_6,0.11356997350820928,0.1348458215998106,0.0,1.0,0.0710407718178883,0.2773809523809524
21_2_7,0.127395950864442,0.14062751164503473,0.0,1.0,0.0877927508424927,0.16547619047619047
21_2_8,0.1473175447987914,0.17419314872768552,0.0,1.0,0.1028282260036556,0.28214285714285714
21_2_9,0.08131055212026804,0.1041733398205939,0.0,1.0,0.05514689108807205,0.21904761904761905
21_2_10,0.14491233281938884,0.12272448717934428,0.0,1.0,0.1374439433814382,0.07738095238095238
21_2_11,0.11547887264887703,0.12032580650216447,0.0,1.0,0.0867323467686144,0.1488095238095238
21_2_12,0.18247044159415202,0.1768522832705854,0.0,1.0,0.1420051129324727,0.175
21_2_13,0.14379252129908587,0.15137895310872984,0.0,1.0,0.10625306897851156,0.2357142857142857
21_2_14,0.11993836860391838,0.15883470037773484,0.0,1.0,0.04590874283712875,0.18452380952380953
21_2_15,0.1035041133904567,0.13252552581582477,0.0,1.0,0.052375281353886805,0.22142857142857142
21_2_16,0.04459501937423101,0.07012061854105472,0.0,1.0,0.014950951329005101,0.4297619047619048
21_2_17,0.11505722780984921,0.11215897441076991,0.0,1.0,0.086533258355433,0.17261904761904762
21_2_18,0.23463621247741795,0.20901988148257258,0.0,1.0,0.19959837055216162,0.15476190476190477
21_2_19,0.1631249697658756,0.16856946033997955,0.0,1.0,0.11164092778101226,0.14404761904761904
21_2_20,0.12472175514382336,0.1319507202612648,0.0,1.0,0.07967097222936145,0.1261904761904762
21_2_21,0.21275236788571678,0.19175399639097884,0.0,1.0,0.17210809825628126,0.10952380952380952
21_2_22,0.14988372204567774,0.15402770428289023,0.0,1.0,0.1193890164209378,0.2154761904761905
21_2_23,0.12445444807459577,0.1699128513625498,0.0,1.0,0.03104816031106055,0.45714285714285713
21_2_24,0.11147350107387853,0.15577262609047027,0.0,1.0,0.02031685728007305,0.4654761904761905
21_2_25,0.14493926177855318,0.16973532667951685,0.0,1.0,0.10169893110499595,0.2702380952380952
21_2_26,0.04877048848253618,0.08088324686258307,0.0,1.0,0.00313783940543175,0.4785714285714286
21_2_27,0.1087252340659953,0.15209072310881985,0.0,1.0,0.05164625176831365,0.39166666666666666
21_2_28,0.07306476635244008,0.10690067380037369,0.0,1.0,0.00073045079158555,0.49642857142857144
21_2_29,0.11202205464430161,0.13684136693178547,0.0,1.0,0.07611249407207495,0.2654761904761905
21_2_30,0.18459275904241693,0.1715780202370625,0.0,1.0,0.15367180320578855,0.16547619047619047
21_2_31,0.04421762057355176,0.0739172021308709,0.0,1.0,0.02364173992663535,0.36547619047619045
22_0_0,0.1483572156102427,0.173140103673108,0.0,1.0,0.09112989945448015,0.3392857142857143
22_0_1,0.13878948754204942,0.14850032569779198,0.0,1.0,0.09733591541944214,0.2261904761904762
22_0_2,0.18132202076206833,0.1851491448398983,0.0,1.0,0.13642782487591387,0.2785714285714286
22_0_3,0.13826927026023814,0.1565945657054314,0.0,1.0,0.0978624158141253,0.2857142857142857
22_0_4,0.11470016235485558,0.14292172114685314,0.0,1.0,0.06654913236536994,0.3464285714285714
22_0_5,0.15069882514185004,0.16003191526471883,0.0,1.0,0.11430859368156279,0.25595238095238093
22_0_6,0.12700074326424016,0.1543390792423883,0.0,1.0,0.06549680307579445,0.36904761904761907
22_0_7,0.1598507284735395,0.20948763057471795,0.0,1.0,0.053739066958989196,0.4511904761904762
22_0_8,0.20404189671248624,0.1707620122332316,0.0,1.0,0.19462465031407067,0.10714285714285714
22_0_9,0.14718689878422242,0.14026327724682253,0.0,1.0,0.11098084620242905,0.036904761904761905
22_0_10,0.24319910473398917,0.20713962748340436,0.0,1.0,0.19939641434261485,0.07976190476190476
22_0_11,0.2514348331508171,0.19925377866464644,0.0,1.0,0.22398921638480201,0.09761904761904762
22_0_12,0.13299861807011096,0.1341928615019978,0.0,1.0,0.1024515849941367,0.19642857142857142
22_0_13,0.1737335686471464,0.15830525808227758,0.0,1.0,0.15128504589149266,0.18333333333333332
22_0_14,0.17580436074331726,0.16738756384620754,0.0,1.0,0.14722168378591075,0.1976190476190476
22_0_15,0.12131235343856678,0.15239651778090074,0.0,1.0,0.0670702706379875,0.34523809523809523
22_0_16,0.14187811893291366,0.19585399647499083,0.0,1.0,0.0376781293667059,0.4511904761904762
22_0_17,0.20544234105992523,0.16251728484040087,0.0,1.0,0.1817360068822709,0.09523809523809523
22_0_18,0.19699967713997668,0.16559515700081615,0.0,1.0,0.1686159139526825,0.06785714285714285
22_0_19,0.2222010644722458,0.18131196565580923,0.0,1.0,0.20253597138972765,0.13452380952380952
22_0_20,0.11349550630456293,0.13157016685391634,0.0,1.0,0.06649625410167184,0.3202380952380952
22_0_21,0.1538248434203555,0.15637876828269545,0.0,1.0,0.12239342750544374,0.22976190476190475
22_0_22,0.1319848341992936,0.15392529068060884,0.0,1.0,0.08564544992171574,0.3273809523809524
22_0_23,0.1585696265895277,0.22213131450808182,0.0,1.0,0.015614524614627149,0.4880952380952381
22_0_24,0.13834928025454943,0.19513435088744513,0.0,1.0,0.0233372897149229,0.4654761904761905
22_0_25,0.14924051785524634,0.2176480642142755,0.0,1.0,0.0042457077587975504,0.49523809523809526
22_0_26,0.14819578924836183,0.2165112364978977,0.0,1.0,0.0056742915603903,0.48928571428571427
22_0_27,0.12555488791979508,0.1706206306683877,0.0,1.0,0.033860096317161595,0.45
22_0_28,0.11697713619935772,0.14761703749336152,0.0,1.0,0.06545761993083195,0.34404761904761905
22_0_29,0.1307849255108757,0.16068825533334438,0.0,1.0,0.07113858413109765,0.3738095238095238
22_0_30,0.14793705084063996,0.2027216881364547,0.0,1.0,0.025268176492000853,0.4773809523809524
22_0_31,0.12531096057764085,0.18679923516283123,0.0,1.0,0.0,0.513095238095238
22_1_0,0.1471087735878331,0.15477712884050782,0.0,1.0,0.11283889083620985,0.28095238095238095
22_1_1,0.21213258712645955,0.16525264522119937,0.0,1.0,0.17918678441076136,0.05952380952380952
22_1_2,0.2606826903819,0.1568322296895411,0.0,1.0,0.23971577032984165,0.013095238095238096
22_1_3,0.15370207535794453,0.2096864767509766,0.0,1.0,0.0344715043372678,0.4607142857142857
22_1_4,0.11427187933703503,0.13639793611334802,0.0,1.0,0.068882996927395,0.3
22_1_5,0.15108778540810083,0.21074293124524865,0.0,1.0,0.0216727787338945,0.475
22_1_6,0.17729232879111126,0.21826461649675133,0.0,1.0,0.08027825001880284,0.4035714285714286
22_1_7,0.1382857464387542,0.14261125447889317,0.0,1.0,0.10381943515592015,0.22142857142857142
22_1_8,0.10782554247383992,0.1270003857159831,0.0,1.0,0.07885245232235305,0.25476190476190474
22_1_9,0.14639969166205652,0.1282421159724321,0.0,1.0,0.11029535568621865,0.06190476190476191
22_1_10,0.2845514203472855,0.16995553451581577,0.0,1.0,0.2614544293511769,0.007142857142857143
22_1_11,0.14926878766624072,0.18101314818438596,0.0,1.0,0.08247584643933756,0.3678571428571429
22_1_12,0.1444766905469345,0.14339142964530355,0.0,1.0,0.11655492585796659,0.1761904761904762
22_1_13,0.14685199612753524,0.19311331814745497,0.0,1.0,0.0756760703573224,0.41904761904761906
22_1_14,0.11212539041800422,0.13533068121453906,0.0,1.0,0.07449210558114935,0.28809523809523807
22_1_15,0.17465075152217252,0.15859463068789653,0.0,1.0,0.13787414108439117,0.14642857142857144
22_1_16,0.10788505505391381,0.1471428232908384,0.0,1.0,0.0349275929770376,0.4392857142857143
22_1_17,0.1894237431052314,0.16626992143043293,0.0,1.0,0.16065422891618986,0.14166666666666666
22_1_18,0.06951367030146698,0.08749418227379664,0.0,1.0,0.05175767583245296,0.24404761904761904
22_1_19,0.2053391423239758,0.20191180438410053,0.0,1.0,0.1523785826258601,0.1630952380952381
22_1_20,0.14305407016470278,0.15452336867690109,0.0,1.0,0.09890885442652425,0.22857142857142856
22_1_21,0.16524998755024617,0.1744851949207295,0.0,1.0,0.1220818893281518,0.20357142857142857
22_1_22,0.1793703600887955,0.17963236856808207,0.0,1.0,0.1442355154821216,0.2619047619047619
22_1_23,0.12357795992383568,0.1849150313555441,0.0,1.0,0.0,0.5059523809523809
22_1_24,0.10118992329534694,0.15159428416117549,0.0,1.0,0.01543027927128725,0.4666666666666667
22_1_25,0.13115541184857524,0.16577006556222437,0.0,1.0,0.0734568422511635,0.36428571428571427
22_1_26,0.09633788504555016,0.10798278983389041,0.0,1.0,0.06924911817212065,0.27380952380952384
22_1_27,0.07974705068090672,0.10283057110084368,0.0,1.0,0.0475105574670724,0.32976190476190476
22_1_28,0.1180017090860969,0.1602686207234789,0.0,1.0,0.0571328454779431,0.39285714285714285
22_1_29,0.13209628338236865,0.18540517130664408,0.0,1.0,0.0215693417632021,0.47619047619047616
22_1_30,0.12735094873721398,0.18774990577689987,0.0,1.0,0.0,0.5023809523809524
22_1_31,0.12694032001757224,0.18943466597381997,0.0,1.0,0.00091757310615715,0.4988095238095238
22_2_0,0.14535958053853754,0.17049152297889153,0.0,1.0,0.0878917148049851,0.34523809523809523
22_2_1,0.15420075848060869,0.14923851758204026,0.0,1.0,0.12530055683644475,0.19642857142857142
22_2_2,0.20813254813158227,0.17449006894366967,0.0,1.0,0.17088777050729825,0.09523809523809523
22_2_3,0.2035481466123149,0.18790990985959832,0.0,1.0,0.16387152127199722,0.13333333333333333
22_2_4,0.14230873326297624,0.15991238509398104,0.0,1.0,0.0905754064477727,0.1773809523809524
22_2_5,0.1655424229649223,0.1494841540434152,0.0,1.0,0.13574992362156005,0.1380952380952381
22_2_6,0.10828809212862352,0.12167723899252829,0.0,1.0,0.07267274940834985,0.1738095238095238
22_2_7,0.16095938983796051,0.1552642945851653,0.0,1.0,0.1280889683668868,0.1738095238095238
22_2_8,0.21991037220622234,0.15728558438807028,0.0,1.0,0.20441541590278794,0.0761904761904762
22_2_9,0.2815237559025247,0.1782098999003795,0.0,1.0,0.258774469763413,0.02142857142857143
22_2_10,0.18679036601475413,0.149874665291223,0.0,1.0,0.16426995801245575,0.08452380952380953
22_2_11,0.1661027015706314,0.1523591567903015,0.0,1.0,0.13271196022975756,0.11904761904761904
22_2_12,0.1822661411569652,0.15798747914881953,0.0,1.0,0.14697707547990824,0.075
22_2_13,0.345942735287844,0.28424247764446264,0.0,1.0,0.2443405190389343,0.0035714285714285713
22_2_14,0.303478671256837,0.2247087597118631,0.0,1.0,0.3055056615340243,0.04404761904761905
22_2_15,0.18406772679122127,0.18652337337228772,0.0,1.0,0.14849999361702731,0.2488095238095238
22_2_16,0.11769510851996545,0.16579727104549338,0.0,1.0,0.0177554911673593,0.4666666666666667
22_2_17,0.210294785181349,0.20390693618735506,0.0,1.0,0.17350808310726945,0.24523809523809523
22_2_18,0.10664844306945609,0.14781711697765934,0.0,1.0,0.0567155121174202,0.29642857142857143
22_2_19,0.08683559351826783,0.11016782068786497,0.0,1.0,0.04767527644435155,0.35833333333333334
22_2_20,0.09888672995854944,0.1373576841189619,0.0,1.0,0.025443487811991197,0.46190476190476193
22_2_21,0.12534121934128115,0.15220477685085645,0.0,1.0,0.0807565980843897,0.24285714285714285
22_2_22,0.14434002260492995,0.1995605313878856,0.0,1.0,0.03362789477793385,0.47023809523809523
22_2_23,0.12095583753094702,0.17084537886283954,0.0,1.0,0.0121001573477945,0.48214285714285715
22_2_24,0.05721656750628049,0.10265022058528012,0.0,1.0,0.021886458828465398,0.3892857142857143
22_2_25,0.14091705855361567,0.15647085362021224,0.0,1.0,0.0962585050138137,0.2369047619047619
22_2_26,0.09486324467823919,0.11030290413545796,0.0,1.0,0.065777748735316,0.2761904761904762
22_2_27,0.12526294781439135,0.15898665091572556,0.0,1.0,0.0639912910913588,0.3880952380952381
22_2_28,0.1131383321294618,0.15532245585181712,0.0,1.0,0.04676007900365185,0.42738095238095236
22_2_29,0.14933517936534127,0.1999946485747709,0.0,1.0,0.055259776804170505,0.4166666666666667
22_2_30,0.15397330327400918,0.1909214899163715,0.0,1.0,0.0812421191513529,0.37857142857142856
22_2_31,0.12042003532594282,0.17738130901313834,0.0,1.0,0.014453316610902399,0.48095238095238096
23_0_0,0.10221741259961185,0.1260082320109861,0.0,1.0,0.06620450948864945,0.2630952380952381
23_0_1,0.05434568577055796,0.0890311773749871,0.0,1.0,0.02321376950581125,0.3595238095238095
23_0_2,0.04021286315685554,0.06709372606315749,0.0,1.0,0.014590768097801101,0.4095238095238095
23_0_3,0.06171312102233439,0.10272884621604193,0.0,1.0,0.0154878972007854,0.43452380952380953
23_0_4,0.08508379778915937,0.1267718424708847,0.0,1.0,0.0434777200592498,0.3142857142857143
23_0_5,0.06097087465351062,0.12271326769865128,0.0,1.0,0.0186671582020665,0.3547619047619048
23_0_6,0.0427166601720352,0.0653668673463022,0.0,1.0,0.0188732167882837,0.3630952380952381
23_0_7,0.05265378139753526,0.07711672641512976,0.0,1.0,0.02049011320369865,0.4107142857142857
23_0_8,0.0667225417336987,0.10902702422195627,0.0,1.0,0.0288396428115829,0.2226190476190476
23_0_9,0.04207269797322984,0.08912240542518662,0.0,1.0,0.0070104154536432,0.4523809523809524
23_0_10,0.029287293513202084,0.05959577467270647,0.0,1.0,0.0,0.5202380952380953
23_0_11,0.11154455316063946,0.12802671988327377,0.0,1.0,0.07535159323524915,0.2
23_0_12,0.07486080692948155,0.0952515053889137,0.0,1.0,0.04781486651139765,0.13690476190476192
23_0_13,0.1395505091592726,0.19071247119163307,0.0,1.0,0.07157189711773915,0.2773809523809524
23_0_14,0.0846154783119012,0.12136722480516145,0.0,1.0,0.022033319275204848,0.4369047619047619
23_0_15,0.12354012206153776,0.17273639960180923,0.0,1.0,0.01229330948398455,0.4797619047619048
23_0_16,0.17523211686384693,0.1213499716703027,0.0,1.0,0.15302799929705885,0.016666666666666666
23_0_17,0.07257592774289436,0.11560929015336338,0.0,1.0,0.02895496084018465,0.2773809523809524
23_0_18,0.10008862947207554,0.1464762499681556,0.0,1.0,0.017079364460438,0.475
23_0_19,0.12395095224171254,0.1572572320148724,0.0,1.0,0.0703879172673032,0.2
23_0_20,0.10551961583142415,0.11033459786914847,0.0,1.0,0.08056663930145574,0.11428571428571428
23_0_21,0.08678645931071655,0.10094790412128649,0.0,1.0,0.06255462780232986,0.2011904761904762
23_0_22,0.04021311248650761,0.08058489448886798,0.0,1.0,0.018379814341028998,0.36904761904761907
23_0_23,0.050041505681181375,0.08175256911983789,0.0,1.0,0.0301818527417001,0.28214285714285714
23_0_24,0.09276213093367129,0.1313324695021686,0.0,1.0,0.0513336220934352,0.3011904761904762
23_0_25,0.05961365112284963,0.09338221627798686,0.0,1.0,0.030355121775307102,0.3488095238095238
23_0_26,0.04163632166335766,0.07858259124317504,0.0,1.0,0.01844013559591445,0.2869047619047619
23_0_27,0.08454264733675694,0.12123171102054983,0.0,1.0,0.03892689503686195,0.35714285714285715
23_0_28,0.03912512003696313,0.06316391576550465,0.0,1.0,0.0206223105930323,0.30357142857142855
23_0_29,0.04526498738768346,0.0861855778384998,0.0,1.0,0.0178572129648278,0.3345238095238095
23_0_30,0.13877311213601362,0.15251209456880332,0.0,1.0,0.08541058958576984,0.05476190476190476
23_0_31,0.03100916208570819,0.05997211145245873,0.0,1.0,0.01481663075923455,0.31666666666666665
23_1_0,0.13690848499169028,0.20372308885374907,0.0,1.0,0.0055764543167332505,0.49404761904761907
23_1_1,0.03807086348498442,0.0704849601795715,0.0,1.0,0.01306045188527695,0.4035714285714286
23_1_2,0.06408627553507222,0.09937570079824433,0.0,1.0,0.027300075133288297,0.36904761904761907
23_1_3,0.0642738116601918,0.12880079917446308,0.0,1.0,0.0189459851245686,0.35
23_1_4,0.02986620793327065,0.06348315089258996,0.0,1.0,0.00988106520389015,0.4142857142857143
23_1_5,0.06187699399622397,0.09631300853617673,0.0,1.0,0.03536667562720855,0.31547619047619047
23_1_6,0.058570653081287824,0.09240677137845303,0.0,1.0,0.0287099412541168,0.3392857142857143
23_1_7,0.11732283282682725,0.12172269578302423,0.0,1.0,0.0805235063043993,0.09166666666666666
23_1_8,0.11723892224625435,0.16271336213877594,0.0,1.0,0.031620790162877346,0.4523809523809524
23_1_9,0.032892478196200337,0.061223908188536576,0.0,1.0,0.017107500440383352,0.31547619047619047
23_1_10,0.12450030789913548,0.14977746418712226,0.0,1.0,0.06771192288368455,0.14285714285714285
23_1_11,0.10782284424712084,0.14085516309303234,0.0,1.0,0.0573960712004436,0.19404761904761905
23_1_12,0.09657145119865503,0.12599906524579868,0.0,1.0,0.05901768534470615,0.29523809523809524
23_1_13,0.1705232016623895,0.18485838915689476,0.0,1.0,0.10735600833379184,0.0761904761904762
23_1_14,0.08321453927891877,0.12519979325122146,0.0,1.0,0.0380590492177678,0.1773809523809524
23_1_15,0.11887675096137955,0.14083232284246425,0.0,1.0,0.0691978258672653,0.12380952380952381
23_1_16,0.08127929942993904,0.1027871217691928,0.0,1.0,0.05003990449910275,0.3142857142857143
23_1_17,0.1584555638105099,0.15041747226379334,0.0,1.0,0.1218072223083508,0.05952380952380952
23_1_18,0.16620699503661565,0.16853769963388177,0.0,1.0,0.11450635811356205,0.04285714285714286
23_1_19,0.045856619891422506,0.09393160414181337,0.0,1.0,0.0176279266489735,0.30238095238095236
23_1_20,0.05295158776717452,0.0853125468927853,0.0,1.0,0.0236531391427313,0.29523809523809524
23_1_21,0.3374099569271883,0.20472709172852388,0.0,1.0,0.3269009120435698,0.007142857142857143
23_1_22,0.12255348008166897,0.1483952036611473,0.0,1.0,0.0771209008042899,0.17261904761904762
23_1_23,0.04993601665306496,0.08008534206377652,0.0,1.0,0.02782553625620785,0.3107142857142857
23_1_24,0.12580922901135835,0.19421579959964413,0.0,1.0,0.0,0.5261904761904762
23_1_25,0.09592401406021275,0.11672026688425699,0.0,1.0,0.0611340762604107,0.32261904761904764
23_1_26,0.06282990265967281,0.10640660494272249,0.0,1.0,0.02865130259203825,0.23809523809523808
23_1_27,0.0758588749280247,0.11556048097321808,0.0,1.0,0.0382526767856513,0.34404761904761905
23_1_28,0.05041272784568597,0.09121881626409155,0.0,1.0,0.023129789267192398,0.3333333333333333
23_1_29,0.18460279342757252,0.1846894800423789,0.0,1.0,0.12061493642778925,0.04523809523809524
23_1_30,0.06545634996112845,0.11257614019103886,0.0,1.0,0.03174410395967,0.2511904761904762
23_1_31,0.06419123693396102,0.11676996732569841,0.0,1.0,0.0279161467140401,0.15357142857142858
23_2_0,0.11741498266464183,0.1545889181844497,0.0,1.0,0.05641612230378195,0.3738095238095238
23_2_1,0.09018479720905205,0.1369353444310206,0.0,1.0,0.0070101866691258,0.4857142857142857
23_2_2,0.07152755454994848,0.11617177899893161,0.0,1.0,0.013735462768016349,0.4511904761904762
23_2_3,0.0327297539433489,0.07231876646274046,0.0,1.0,0.011760110252969351,0.3464285714285714
23_2_4,0.05110560737556527,0.09357285787632909,0.0,1.0,0.01785512036641845,0.29285714285714287
23_2_5,0.04779641244857364,0.07245948615131624,0.0,1.0,0.02006282233030635,0.40595238095238095
23_2_6,0.09044839530809626,0.12767609260420545,0.0,1.0,0.0183404536299815,0.4642857142857143
23_2_7,0.08774335604151651,0.1256996196699505,0.0,1.0,0.01918379225225455,0.4607142857142857
23_2_8,0.12301030847631458,0.1411312051914965,0.0,1.0,0.0648495739253577,0.07738095238095238
23_2_9,0.06910569264088923,0.11271929766024998,0.0,1.0,0.01871725851285275,0.43333333333333335
23_2_10,0.0478761201275074,0.08673222050924821,0.0,1.0,0.01865653075740025,0.38571428571428573
23_2_11,0.049026157758382066,0.10181099461749085,0.0,1.0,0.01733011190308485,0.3619047619047619
23_2_12,0.027849819097678676,0.06944034141012181,0.0,1.0,0.011188548828325099,0.3238095238095238
23_2_13,0.09741182355951149,0.144525478766268,0.0,1.0,0.04328576791241425,0.20476190476190476
23_2_14,0.07434250397627194,0.09975492980835472,0.0,1.0,0.044993616855790605,0.22023809523809523
23_2_15,0.04503294655983667,0.07644277551156733,0.0,1.0,0.0152508762540489,0.4095238095238095
23_2_16,0.05139794760762805,0.11147146946155305,0.0,1.0,0.01858358106647065,0.33095238095238094
23_2_17,0.06751237679031247,0.10907119134659539,0.0,1.0,0.02927183117673285,0.325
23_2_18,0.07510768191432368,0.11599569449114021,0.0,1.0,0.030957520484786602,0.3392857142857143
23_2_19,0.06936084340050469,0.11022027260630735,0.0,1.0,0.016666859836597048,0.44285714285714284
23_2_20,0.04011601291898512,0.0768414053007705,0.0,1.0,0.02052860617919895,0.24166666666666667
23_2_21,0.08923532519898379,0.11771641308781375,0.0,1.0,0.050592725010870546,0.21071428571428572
23_2_22,0.20265809710852095,0.14753614227837034,0.0,1.0,0.17180924655754376,0.0035714285714285713
23_2_23,0.03964124204422728,0.06352542945361223,0.0,1.0,0.02378298135056215,0.18928571428571428
23_2_24,0.11586607623456995,0.16838517320175925,0.0,1.0,0.014312450269870151,0.47023809523809523
23_2_25,0.09917610939209093,0.14149382295859073,0.0,1.0,0.03478441044459165,0.43452380952380953
23_2_26,0.03258490185734077,0.06092014300440108,0.0,1.0,0.0115772538504698,0.3976190476190476
23_2_27,0.03151595840966274,0.07666614348927527,0.0,1.0,0.010594941364066801,0.3976190476190476
23_2_28,0.06827968364188287,0.11200317147547126,0.0,1.0,0.03127857352771825,0.3380952380952381
23_2_29,0.07751634597921685,0.1310996934667993,0.0,1.0,0.027338430110162702,0.28095238095238095
23_2_30,0.08791533126326291,0.12451763465938123,0.0,1.0,0.044067951868250396,0.22023809523809523
23_2_31,0.10079716333677849,0.14342487840936383,0.0,1.0,0.01404648572540595,0.4714285714285714
24_0_0,0.08228611421699832,0.12121727758547807,0.0,1.0,0.01682250528670335,0.45714285714285713
24_0_1,0.1326537350579443,0.14409075473451485,0.0,1.0,0.09555252789486715,0.1761904761904762
24_0_2,0.1144758488974421,0.15949027781733577,0.0,1.0,0.0327152584165852,0.44642857142857145
24_0_3,0.09453055241189287,0.11830952118968768,0.0,1.0,0.06039234002159035,0.32976190476190476
24_0_4,0.08759091715863404,0.11935733463582715,0.0,1.0,0.034979830640761794,0.4166666666666667
24_0_5,0.08466210538324422,0.1020499268395671,0.0,1.0,0.06068757005826275,0.25833333333333336
24_0_6,0.0660794200641188,0.07813047004665595,0.0,1.0,0.045900202682024854,0.2130952380952381
24_0_7,0.09288321308816903,0.11953650241812408,0.0,1.0,0.050053992694526206,0.34285714285714286
24_0_8,0.11901202968724789,0.125602558598283,0.0,1.0,0.08487769996518535,0.17261904761904762
24_0_9,0.270220674497935,0.22014059119143267,0.0,1.0,0.23973243049618947,0.06904761904761905
24_0_10,0.12368606700397873,0.1537391592250807,0.0,1.0,0.07355212323838775,0.20357142857142857
24_0_11,0.09417022322089841,0.11940730515928835,0.0,1.0,0.05390147570530515,0.3535714285714286
24_0_12,0.1665188817403092,0.21870092920544992,0.0,1.0,0.06484214304847985,0.4226190476190476
24_0_13,0.0948293507717717,0.11952193994618522,0.0,1.0,0.0617951086851119,0.2642857142857143
24_0_14,0.18979442646352293,0.15608415893488486,0.0,1.0,0.1625147924964073,0.05952380952380952
24_0_15,0.11814999943940568,0.13027889019935066,0.0,1.0,0.08678920373413235,0.18095238095238095
24_0_16,0.15508351577405757,0.15367683246683653,0.0,1.0,0.1182519484380592,0.17023809523809524
24_0_17,0.4318038858562079,0.21454387466747352,0.0,1.0,0.4753490876468266,0.0011904761904761906
24_0_18,0.2899065671539675,0.21737085940162024,0.0,1.0,0.27345602830994803,0.03333333333333333
24_0_19,0.1435827832386841,0.1340181048801588,0.0,1.0,0.1160451710688705,0.17023809523809524
24_0_20,0.08419336559887361,0.11630568748462185,0.0,1.0,0.0512753619164123,0.2511904761904762
24_0_21,0.13397696908042178,0.11404445186181106,0.0,1.0,0.10956140228178246,0.05952380952380952
24_0_22,0.2357314602468933,0.19365245204864953,0.0,1.0,0.2045248420865911,0.017857142857142856
24_0_23,0.1469885493508324,0.17298647620501625,0.0,1.0,0.09441611713046685,0.275
24_0_24,0.06650141366789031,0.09763458525712991,0.0,1.0,0.03483480512152595,0.34523809523809523
24_0_25,0.17854657046998895,0.1931535886409092,0.0,1.0,0.11255707176519941,0.19404761904761905
24_0_26,0.16053549263123013,0.17405606528963846,0.0,1.0,0.1152434082878821,0.17142857142857143
24_0_27,0.1346406643572477,0.15249242480278644,0.0,1.0,0.09658675748329405,0.225
24_0_28,0.06367959255186495,0.10443962180157029,0.0,1.0,0.023772358363004648,0.34285714285714286
24_0_29,0.11883919483204962,0.1484096282999952,0.0,1.0,0.0585897284425476,0.4
24_0_30,0.09751453215214295,0.13340391539284946,0.0,1.0,0.044500641603195654,0.38452380952380955
24_0_31,0.146265082678998,0.20406775917071157,0.0,1.0,0.0171449648013523,0.4726190476190476
24_1_0,0.12595177108129227,0.1854952561999062,0.0,1.0,0.00055549989749885,0.4988095238095238
24_1_1,0.12846982277299626,0.17906172466443113,0.0,1.0,0.018125069098099453,0.4654761904761905
24_1_2,0.2001271765848057,0.1887909070398777,0.0,1.0,0.16965804561431963,0.2511904761904762
24_1_3,0.06979119402976836,0.10967405387877063,0.0,1.0,0.01330250446042855,0.46785714285714286
24_1_4,0.08626372205069237,0.1273331405351524,0.0,1.0,0.01389502566872335,0.46785714285714286
24_1_5,0.10936355712664891,0.15168714670398814,0.0,1.0,0.06348318106936354,0.3107142857142857
24_1_6,0.10672161602255996,0.12763792608377336,0.0,1.0,0.07143392609252255,0.2702380952380952
24_1_7,0.15792033811643702,0.1714031993970727,0.0,1.0,0.10087773852203036,0.1357142857142857
24_1_8,0.14196926745133842,0.17076729025007184,0.0,1.0,0.0907350219600323,0.27976190476190477
24_1_9,0.30785495809718305,0.24190490200232354,0.0,1.0,0.31834955418010763,0.11904761904761904
24_1_10,0.09323290617016869,0.0952213469236072,0.0,1.0,0.07179123530470605,0.21666666666666667
24_1_11,0.08654784671186512,0.140370954883065,0.0,1.0,0.0283414990946528,0.3392857142857143
24_1_12,0.09078410191060246,0.12810964753377402,0.0,1.0,0.044387824942172846,0.3011904761904762
24_1_13,0.07040830081168979,0.11547077024536646,0.0,1.0,0.0345956622690832,0.2630952380952381
24_1_14,0.11668265662434311,0.12737666263344416,0.0,1.0,0.08538971520834279,0.23809523809523808
24_1_15,0.1329591368102566,0.12316360543079492,0.0,1.0,0.10310927630151534,0.05119047619047619
24_1_16,0.13828985230211926,0.2021181432297451,0.0,1.0,0.00041214889346165,0.4988095238095238
24_1_17,0.08758958133535832,0.1353463264636035,0.0,1.0,0.0,0.5119047619047619
24_1_18,0.1098429027290978,0.1466257367105374,0.0,1.0,0.046006935384785355,0.4154761904761905
24_1_19,0.15780040931786143,0.18882679230341895,0.0,1.0,0.08589709916739685,0.32976190476190476
24_1_20,0.12295120151178233,0.15785521687702503,0.0,1.0,0.07813268118103814,0.2642857142857143
24_1_21,0.16128273455517794,0.14202744223858693,0.0,1.0,0.13616705062131157,0.12023809523809524
24_1_22,0.1257171308718305,0.14950986562928276,0.0,1.0,0.0814665737136207,0.3011904761904762
24_1_23,0.10719112037218215,0.13415541154629718,0.0,1.0,0.05994232274992935,0.3738095238095238
24_1_24,0.13884650350150918,0.1962483289729981,0.0,1.0,0.010767986994591701,0.4773809523809524
24_1_25,0.16173999568527467,0.22261896087650632,0.0,1.0,0.03514682936482805,0.46904761904761905
24_1_26,0.16012895306775218,0.22066604187390448,0.0,1.0,0.00884862907198515,0.49523809523809526
24_1_27,0.07195328878331551,0.10434278924710456,0.0,1.0,0.0299916081033695,0.39166666666666666
24_1_28,0.12978171371855707,0.1699447708497174,0.0,1.0,0.0492401245331946,0.4154761904761905
24_1_29,0.11871212835951644,0.1383969530421837,0.0,1.0,0.07908568559564275,0.2261904761904762
24_1_30,0.1475730326294052,0.2115597486437881,0.0,1.0,0.0175666871595244,0.4773809523809524
24_1_31,0.08223977628187629,0.1174935866605049,0.0,1.0,0.026079530941996103,0.44047619047619047
24_2_0,0.16327636399784679,0.15498152985992406,0.0,1.0,0.13301718433557852,0.12023809523809524
24_2_1,0.22157448001952443,0.18759316856374636,0.0,1.0,0.1877912962616584,0.10952380952380952
24_2_2,0.1410280345757387,0.15139724027782664,0.0,1.0,0.1054536038600037,0.22142857142857142
24_2_3,0.052897740238108795,0.08290580391842604,0.0,1.0,0.02716952926000635,0.37023809523809526
24_2_4,0.10110543173854918,0.14224865453221758,0.0,1.0,0.05430563985043825,0.3619047619047619
24_2_5,0.13001835255822977,0.15746920619486846,0.0,1.0,0.0674860692632753,0.37976190476190474
24_2_6,0.07808891072658039,0.10696602012294389,0.0,1.0,0.03621828410264645,0.3869047619047619
24_2_7,0.048283302227723056,0.07681079186044415,0.0,1.0,0.004760385551725499,0.48928571428571427
24_2_8,0.3187024123756776,0.16427966090992016,0.0,1.0,0.311567857313797,0.007142857142857143
24_2_9,0.16393042751826759,0.14759596122113583,0.0,1.0,0.1371923100867371,0.13333333333333333
24_2_10,0.11741092736283469,0.1306671436559283,0.0,1.0,0.08092896354628534,0.19523809523809524
24_2_11,0.09211959315250891,0.12226570710549092,0.0,1.0,0.03911977178999535,0.4
24_2_12,0.07710351262536744,0.10257072131408912,0.0,1.0,0.04160931935790155,0.3273809523809524
24_2_13,0.13444471154160442,0.13798008458812006,0.0,1.0,0.1070525728501973,0.2154761904761905
24_2_14,0.0755287302854681,0.09867235252420666,0.0,1.0,0.04666819451550725,0.36547619047619045
24_2_15,0.14756910067273837,0.1552064744894072,0.0,1.0,0.10312856022065076,0.1738095238095238
24_2_16,0.12296015890935069,0.1229332818378996,0.0,1.0,0.09523869725269435,0.12857142857142856
24_2_17,0.2880516024517972,0.183180144070353,0.0,1.0,0.25888800425576186,0.011904761904761904
24_2_18,0.1540310109628939,0.16227111870259261,0.0,1.0,0.11332693952807725,0.1988095238095238
24_2_19,0.07200338233472053,0.10079512776273515,0.0,1.0,0.03563669757610745,0.37142857142857144
24_2_20,0.1781352676126723,0.16932545881113675,0.0,1.0,0.1435402968724152,0.21666666666666667
24_2_21,0.30418150413123246,0.22764011931613834,0.0,1.0,0.3214838019842928,0.06190476190476191
24_2_22,0.2159201322127878,0.23618177321663808,0.0,1.0,0.10788608363659274,0.07261904761904762
24_2_23,0.2978195875525517,0.21345397897111643,0.0,1.0,0.24600260617361064,0.013095238095238096
24_2_24,0.14120635475378743,0.1493204701256152,0.0,1.0,0.10139500763349885,0.15476190476190477
24_2_25,0.2197498163144617,0.17380845876852408,0.0,1.0,0.1794253475146637,0.09047619047619047
24_2_26,0.12890589560533244,0.1400084982830465,0.0,1.0,0.099309147917597,0.26904761904761904
24_2_27,0.10665060096457069,0.1405361051145499,0.0,1.0,0.055404601312386906,0.35
24_2_28,0.12449860501654687,0.13740398114069585,0.0,1.0,0.08610027020992789,0.28214285714285714
24_2_29,0.10318237466831286,0.12340742876776106,0.0,1.0,0.07131159490856856,0.28214285714285714
24_2_30,0.061063585662448024,0.0938791712545107,0.0,1.0,0.02406510227469585,0.2119047619047619
24_2_31,0.0659574923456033,0.08336496491671821,0.0,1.0,0.0424402205265996,0.26071428571428573
25_0_0,0.1567520867603881,0.16785850097529564,0.0,1.0,0.10426982394510864,0.12142857142857143
25_0_1,0.11412084038454115,0.1239753894561974,0.0,1.0,0.0803307491037498,0.1523809523809524
25_0_2,0.06373341716320369,0.09162718089967098,0.0,1.0,0.01847317157983505,0.44047619047619047
25_0_3,0.06860216039046357,0.09895063899461935,0.0,1.0,0.036338511168489046,0.3726190476190476
25_0_4,0.11338353074276027,0.15256124324497777,0.0,1.0,0.04212601525533055,0.42142857142857143
25_0_5,0.11482325820295133,0.1553515948534194,0.0,1.0,0.02615182249970715,0.45595238095238094
25_0_6,0.08066124123383837,0.1164483454532663,0.0,1.0,0.031843908051718856,0.43333333333333335
25_0_7,0.12871842906952025,0.17024432634530978,0.0,1.0,0.05292410917951795,0.42023809523809524
25_0_8,0.14517075609626706,0.14102336238919794,0.0,1.0,0.10411139011640791,0.08928571428571429
25_0_9,0.34298621891657766,0.19811916483233577,0.0,1.0,0.29301674911573644,0.002380952380952381
25_0_10,0.18255274879745778,0.15405095734519458,0.0,1.0,0.15682856298598594,0.10714285714285714
25_0_11,0.10967878953393899,0.1389349523338585,0.0,1.0,0.062451349175832005,0.3416666666666667
25_0_12,0.036214793076566366,0.06440946771732595,0.0,1.0,0.015557885166388449,0.3547619047619048
25_0_13,0.08441132320904247,0.1565560883357782,0.0,1.0,0.035974075010863096,0.16904761904761906
25_0_14,0.18834017974079295,0.17976766136065667,0.0,1.0,0.13609234955959526,0.14404761904761904
25_0_15,0.21662865834977246,0.23404712445737955,0.0,1.0,0.11997834287221434,0.11666666666666667
25_0_16,0.19538182310240224,0.2304795538447542,0.0,1.0,0.1077887174886966,0.3488095238095238
25_0_17,0.1582564766041315,0.13012542713717684,0.0,1.0,0.1334112483175175,0.060714285714285714
25_0_18,0.23269989377034175,0.18026127422417723,0.0,1.0,0.1977384130114324,0.07738095238095238
25_0_19,0.19388859791650137,0.19001126108183347,0.0,1.0,0.15130756823372832,0.24761904761904763
25_0_20,0.1428839630593789,0.19094720707630067,0.0,1.0,0.0510974996405299,0.42857142857142855
25_0_21,0.12641748654373375,0.12496594509805943,0.0,1.0,0.1038396491237657,0.1380952380952381
25_0_22,0.17395317004318767,0.16322016109541884,0.0,1.0,0.1416321655085534,0.18571428571428572
25_0_23,0.08299928260021062,0.11168339880785867,0.0,1.0,0.0443208607917153,0.36904761904761907
25_0_24,0.08651340876928765,0.115871924606008,0.0,1.0,0.0398849399817355,0.40595238095238095
25_0_25,0.10891728861629012,0.11989406425307662,0.0,1.0,0.07812751993101524,0.16785714285714284
25_0_26,0.05659986227391869,0.09610136285113739,0.0,1.0,0.01899376491902675,0.4095238095238095
25_0_27,0.0729391016258932,0.10461988171842931,0.0,1.0,0.0170109791720876,0.46190476190476193
25_0_28,0.058782719198849205,0.09353059247589399,0.0,1.0,0.02166002490445865,0.3964285714285714
25_0_29,0.09136458580107332,0.13297115289331352,0.0,1.0,0.0119537226192507,0.4738095238095238
25_0_30,0.15113583875700223,0.21065782428496319,0.0,1.0,0.02766461281192415,0.4738095238095238
25_0_31,0.11187741618207285,0.16190381956529534,0.0,1.0,0.013531944537624501,0.48095238095238096
25_1_0,0.18532303211987267,0.14054306782481496,0.0,1.0,0.1551995671607471,0.02261904761904762
25_1_1,0.2150099619161738,0.17251614189905365,0.0,1.0,0.16545051803308924,0.023809523809523808
25_1_2,0.14304336860906605,0.1550320079049635,0.0,1.0,0.1003706976980879,0.1880952380952381
25_1_3,0.10123949445935448,0.1276941096944734,0.0,1.0,0.06231661698950975,0.19404761904761905
25_1_4,0.09604620286698168,0.1591791833358502,0.0,1.0,0.04236046597906955,0.23333333333333334
25_1_5,0.12993015633402652,0.1696251620855963,0.0,1.0,0.06708748280641524,0.3273809523809524
25_1_6,0.19215340504581763,0.15701838553868158,0.0,1.0,0.15318817251927708,0.05714285714285714
25_1_7,0.1291876814873019,0.13438173577540938,0.0,1.0,0.10253318408292514,0.19166666666666668
25_1_8,0.22953587064082723,0.16696561839740295,0.0,1.0,0.181387323158465,0.0011904761904761906
25_1_9,0.23190897686115328,0.181232939166994,0.0,1.0,0.18460914941695117,0.013095238095238096
25_1_10,0.23132702824918988,0.1710798978457736,0.0,1.0,0.18843455037876183,0.011904761904761904
25_1_11,0.28588650644861885,0.1789874619800484,0.0,1.0,0.24669301784420383,0.0035714285714285713
25_1_12,0.23861831774172432,0.17863396717103586,0.0,1.0,0.18655855534638927,0.007142857142857143
25_1_13,0.2280489612361399,0.1718625206340023,0.0,1.0,0.1687482205789696,0.0011904761904761906
25_1_14,0.31653679042229044,0.18374050778604836,0.0,1.0,0.2729574826768555,0.002380952380952381
25_1_15,0.15389758593356823,0.12183391870068969,0.0,1.0,0.12474688050426955,0.04285714285714286
25_1_16,0.26368556471352456,0.18333597956660186,0.0,1.0,0.2228542705531184,0.011904761904761904
25_1_17,0.15888091827856765,0.149762797904332,0.0,1.0,0.1149788336490816,0.05
25_1_18,0.17213231169049897,0.13661702841466403,0.0,1.0,0.1408070296478064,0.036904761904761905
25_1_19,0.1956306475335921,0.16020704556744897,0.0,1.0,0.14646410025964407,0.013095238095238096
25_1_20,0.16035484757591306,0.1441214238940455,0.0,1.0,0.1224964805416082,0.05238095238095238
25_1_21,0.22504311651189093,0.18407169143871213,0.0,1.0,0.184270011600455,0.034523809523809526
25_1_22,0.17520140068413598,0.14486018342921672,0.0,1.0,0.1475177092354015,0.08095238095238096
25_1_23,0.2492683777266105,0.1813723232053755,0.0,1.0,0.22248421480220842,0.05952380952380952
25_1_24,0.13465228376224317,0.15345669234978307,0.0,1.0,0.0921509172270483,0.2642857142857143
25_1_25,0.12387939072130613,0.15086742170454423,0.0,1.0,0.07266519481936859,0.3357142857142857
25_1_26,0.1524374850994679,0.13761333569044515,0.0,1.0,0.128842020715484,0.12380952380952381
25_1_27,0.09063501613683395,0.09741827824343033,0.0,1.0,0.06861042583781041,0.16904761904761906
25_1_28,0.1209818304147604,0.12446491465248971,0.0,1.0,0.09311189267709274,0.20476190476190476
25_1_29,0.13880712303450096,0.14541485537166604,0.0,1.0,0.0986118236199175,0.15
25_1_30,0.14440073903636771,0.1657097108060289,0.0,1.0,0.0982822535590185,0.20357142857142857
25_1_31,0.11705631394471538,0.17048960768408455,0.0,1.0,0.015071696830270799,0.4773809523809524
25_2_0,0.1497814687731131,0.1626690905419535,0.0,1.0,0.11137479846757556,0.2773809523809524
25_2_1,0.11003789978840112,0.12631386350691087,0.0,1.0,0.0802462696984767,0.2845238095238095
25_2_2,0.1578956759653602,0.16608364070053544,0.0,1.0,0.11378207120493394,0.20357142857142857
25_2_3,0.17492097250918814,0.14735032794021447,0.0,1.0,0.13975849080602515,0.055952380952380955
25_2_4,0.12079283791186947,0.14482027998010422,0.0,1.0,0.0730611845285196,0.1738095238095238
25_2_5,0.07649270645164079,0.11170241877555406,0.0,1.0,0.01731133637417445,0.46190476190476193
25_2_6,0.21186464127511165,0.15073490209562931,0.0,1.0,0.1825148907080975,0.01904761904761905
25_2_7,0.12332084491638946,0.14938283855260967,0.0,1.0,0.08036882667494305,0.2833333333333333
25_2_8,0.26463366147119316,0.19185094456482446,0.0,1.0,0.2216264754288506,0.02023809523809524
25_2_9,0.1996364552868385,0.1823516945687715,0.0,1.0,0.15456463980299517,0.10119047619047619
25_2_10,0.10974010397231236,0.1320354614183702,0.0,1.0,0.0681690735821075,0.20476190476190476
25_2_11,0.28437007139308285,0.19265689167875297,0.0,1.0,0.2483236531767431,0.01904761904761905
25_2_12,0.23670790698496982,0.17165314008266372,0.0,1.0,0.203500363715519,0.011904761904761904
25_2_13,0.19988177000637716,0.16098038526488812,0.0,1.0,0.1607541536381198,0.039285714285714285
25_2_14,0.3247839195259884,0.1984706649991632,0.0,1.0,0.2720002995924436,0.0035714285714285713
25_2_15,0.2264646273986623,0.1527694852505667,0.0,1.0,0.19991263488545796,0.01904761904761905
25_2_16,0.19244948199581557,0.15630324937183093,0.0,1.0,0.16490001326121728,0.09047619047619047
25_2_17,0.24449108798307553,0.20114264490479564,0.0,1.0,0.1820963260635244,0.030952380952380953
25_2_18,0.2232298656307445,0.15511908950379738,0.0,1.0,0.19270557217086176,0.02738095238095238
25_2_19,0.1580804375763727,0.1528529664306195,0.0,1.0,0.1156712385048776,0.08571428571428572
25_2_20,0.22591379277430337,0.182768979019904,0.0,1.0,0.1841123244150901,0.0630952380952381
25_2_21,0.2299369551834031,0.17605193249012863,0.0,1.0,0.1956086386268857,0.0380952380952381
25_2_22,0.2808005476279503,0.16332436425212926,0.0,1.0,0.25886673280265915,0.009523809523809525
25_2_23,0.0983161074359048,0.1001948005350463,0.0,1.0,0.0789222001302326,0.15
25_2_24,0.12121211267386303,0.14661554383888156,0.0,1.0,0.068756065979655,0.3464285714285714
25_2_25,0.18172451397960834,0.15199432086935585,0.0,1.0,0.15276116026972864,0.06428571428571428
25_2_26,0.1546990549274531,0.14222451505692735,0.0,1.0,0.12170890710043715,0.0880952380952381
25_2_27,0.1051818859049955,0.1200078068981104,0.0,1.0,0.0758722156800769,0.25595238095238093
25_2_28,0.12804067931263732,0.15712059626616778,0.0,1.0,0.0743012198374084,0.35119047619047616
25_2_29,0.11090626376072114,0.1465331191472911,0.0,1.0,0.061936495801003646,0.36666666666666664
25_2_30,0.2502901994646185,0.18133867337173792,0.0,1.0,0.22875412437696463,0.047619047619047616
25_2_31,0.11439156844609344,0.13706344401873924,0.0,1.0,0.07187894671984925,0.305952380952381
26_0_0,0.15871158514514672,0.15809541370993863,0.0,1.0,0.12301255031112315,0.17976190476190476
26_0_1,0.1327444270882482,0.11361833193565608,0.0,1.0,0.11589257964638724,0.13690476190476192
26_0_2,0.22012660556485814,0.16232471122447867,0.0,1.0,0.20709790010870444,0.10595238095238095
26_0_3,0.07167160592990274,0.09051952945956239,0.0,1.0,0.04893146969380795,0.20476190476190476
26_0_4,0.06841369054068583,0.11329876112319359,0.0,1.0,0.0086088235882311,0.4785714285714286
26_0_5,0.052602690257311666,0.079183454442482,0.0,1.0,0.01760894995031185,0.4357142857142857
26_0_6,0.05795016793145014,0.09348934381044936,0.0,1.0,0.01638068396264375,0.4297619047619048
26_0_7,0.12113275048229692,0.17057839757514692,0.0,1.0,0.02369973651365055,0.46785714285714286
26_0_8,0.04572299657025853,0.09643064597407792,0.0,1.0,0.015017119468127851,0.3761904761904762
26_0_9,0.22527484770606268,0.1817118878226498,0.0,1.0,0.20313637423659053,0.09642857142857143
26_0_10,0.06342154361646721,0.09991974567231449,0.0,1.0,0.026690837089651698,0.34404761904761905
26_0_11,0.08777429823502683,0.09462696310921963,0.0,1.0,0.06623079312263866,0.16547619047619047
26_0_12,0.04578480662752709,0.08375616578277364,0.0,1.0,0.01758254079563465,0.39285714285714285
26_0_13,0.05146030450586235,0.09506770763413315,0.0,1.0,0.01812997353914215,0.3404761904761905
26_0_14,0.06727723312459409,0.11876706170534068,0.0,1.0,0.011979261123699951,0.29404761904761906
26_0_15,0.0917315253905167,0.13983083181172876,0.0,1.0,0.0396701370935888,0.3880952380952381
26_0_16,0.04098756017321949,0.06477855874742204,0.0,1.0,0.0059554673868944,0.47619047619047616
26_0_17,0.07164135786534584,0.08987474150360804,0.0,1.0,0.042581736013365554,0.36666666666666664
26_0_18,0.066359496774935,0.11477926673575836,0.0,1.0,0.02028702218438095,0.3119047619047619
26_0_19,0.07577749078958236,0.10711348893093127,0.0,1.0,0.04095245569152495,0.275
26_0_20,0.039671698299507875,0.07600533150678909,0.0,1.0,0.011456096673615,0.4392857142857143
26_0_21,0.08302848226978714,0.1345913825446093,0.0,1.0,0.02955340847019975,0.35119047619047616
26_0_22,0.05101091760381334,0.08984607762156291,0.0,1.0,0.0236597212579734,0.3273809523809524
26_0_23,0.04171959643320927,0.07113058783794411,0.0,1.0,0.0088301296184716,0.4595238095238095
26_0_24,0.17724432815127605,0.16532388281438257,0.0,1.0,0.15733940826364626,0.22380952380952382
26_0_25,0.15703719576107508,0.16280486490006907,0.0,1.0,0.11900038961510015,0.26071428571428573
26_0_26,0.08284993413237797,0.11441376150470077,0.0,1.0,0.05241391490152915,0.2857142857142857
26_0_27,0.03210120386542541,0.06553985353859056,0.0,1.0,0.00890787959513735,0.4
26_0_28,0.08250721820770764,0.12898415522888487,0.0,1.0,8.94401638242e-05,0.5
26_0_29,0.06122941970851257,0.09965348687143229,0.0,1.0,0.015481502390169901,0.45714285714285713
26_0_30,0.054088676374681295,0.09775689465761654,0.0,1.0,0.0168383182405224,0.4261904761904762
26_0_31,0.04769273560166714,0.08227883357338397,0.0,1.0,0.0068893895864052,0.475
26_1_0,0.16668116357136853,0.21811202009881991,0.0,1.0,0.0636617441195445,0.42857142857142855
26_1_1,0.20396958012198574,0.1875745730442302,0.0,1.0,0.1633432290759173,0.06547619047619048
26_1_2,0.2782790137960202,0.15890773258724653,0.0,1.0,0.2636697987753231,0.007142857142857143
26_1_3,0.12643093187324242,0.13635737340387807,0.0,1.0,0.08053315791140081,0.13690476190476192
26_1_4,0.10271640590743085,0.13819522472215304,0.0,1.0,0.052741519750185345,0.20595238095238094
26_1_5,0.07547279709492075,0.10937717864240784,0.0,1.0,0.03690116493168895,0.20595238095238094
26_1_6,0.11819304909403386,0.1400975626623545,0.0,1.0,0.0796630734852739,0.23095238095238096
26_1_7,0.22398348423170403,0.1856544673028945,0.0,1.0,0.20140088383230553,0.039285714285714285
26_1_8,0.06164438508602642,0.09124686081933446,0.0,1.0,0.01590770871701725,0.4380952380952381
26_1_9,0.205797156538561,0.21181743841583037,0.0,1.0,0.129794469294609,0.12738095238095237
26_1_10,0.14387704044685407,0.14561373245063702,0.0,1.0,0.10123890491073584,0.09047619047619047
26_1_11,0.10595535117511823,0.10786119143143597,0.0,1.0,0.07804293190032954,0.11785714285714285
26_1_12,0.14418449368564726,0.1493010610568111,0.0,1.0,0.1052177080902801,0.1523809523809524
26_1_13,0.2166133016008505,0.1824295951738908,0.0,1.0,0.1926568580418416,0.04880952380952381
26_1_14,0.08319668602926814,0.1015675961541718,0.0,1.0,0.0527940933838654,0.2011904761904762
26_1_15,0.1463600847279771,0.14228263685302273,0.0,1.0,0.11259092200841506,0.04523809523809524
26_1_16,0.033073999395418635,0.05535974364720866,0.0,1.0,0.00718829834658475,0.45595238095238094
26_1_17,0.10739657129240159,0.1404235627068076,0.0,1.0,0.0660480714067678,0.23095238095238096
26_1_18,0.07360463127716257,0.10227331862921106,0.0,1.0,0.0399690636403434,0.26904761904761904
26_1_19,0.09854496211992006,0.11436030444786131,0.0,1.0,0.06628988067035554,0.15357142857142858
26_1_20,0.19502525705166499,0.17080167962694304,0.0,1.0,0.1643103944863791,0.09642857142857143
26_1_21,0.194464515287029,0.16914966488196392,0.0,1.0,0.16260154307937813,0.07142857142857142
26_1_22,0.08577676130109864,0.1250055094296279,0.0,1.0,0.045658874379276154,0.28214285714285714
26_1_23,0.14571946810253347,0.1582867883703938,0.0,1.0,0.0922645417894552,0.10476190476190476
26_1_24,0.09402710773322984,0.14838772478663373,0.0,1.0,0.0,0.525
26_1_25,0.19667566961648164,0.18787341118202783,0.0,1.0,0.14586206655901124,0.08571428571428572
26_1_26,0.12740341496395122,0.15457975175942343,0.0,1.0,0.0706419581560433,0.15
26_1_27,0.12236949058580959,0.13505203823930678,0.0,1.0,0.0880775021403655,0.12976190476190477
26_1_28,0.08824655443693716,0.0943909891994718,0.0,1.0,0.062466683132705994,0.14047619047619048
26_1_29,0.07336460802446801,0.0913443755638522,0.0,1.0,0.04561239902074695,0.23095238095238096
26_1_30,0.06253240571404736,0.09200084157919722,0.0,1.0,0.0300327165489258,0.3678571428571429
26_1_31,0.2825914867759241,0.19908500534306878,0.0,1.0,0.27869700402942277,0.004761904761904762
26_2_0,0.11881666811571945,0.16956703673001253,0.0,1.0,0.023516511233043297,0.47619047619047616
26_2_1,0.026827620335338073,0.06251712107773585,0.0,1.0,0.0049901950247295,0.4392857142857143
26_2_2,0.06113772732293727,0.14882197605883554,0.0,1.0,0.01678015088747835,0.25595238095238093
26_2_3,0.047754320502725246,0.08937092877790831,0.0,1.0,0.0180802550981154,0.3738095238095238
26_2_4,0.05029122765199455,0.07938438166034002,0.0,1.0,0.0163618425043701,0.41785714285714287
26_2_5,0.06530155920477382,0.11792010941632067,0.0,1.0,0.02524616883798255,0.2773809523809524
26_2_6,0.06811841191006886,0.11018761652376956,0.0,1.0,0.02839594329605805,0.22380952380952382
26_2_7,0.12040146622937632,0.17097748976499785,0.0,1.0,0.0272542517989517,0.4583333333333333
26_2_8,0.11446693706189902,0.164802362097439,0.0,1.0,0.013330217529578699,0.48095238095238096
26_2_9,0.05892176048096683,0.1180364761905725,0.0,1.0,0.02017584370680335,0.19285714285714287
26_2_10,0.06252051061467677,0.1317746749145062,0.0,1.0,0.01853350495023975,0.23333333333333334
26_2_11,0.06995572803090473,0.10948644220909862,0.0,1.0,0.02853039665753895,0.28809523809523807
26_2_12,0.09224993339613619,0.12251520101184371,0.0,1.0,0.04890800358284195,0.3107142857142857
26_2_13,0.05990900474881488,0.0934741181652163,0.0,1.0,0.02864227678541245,0.30357142857142855
26_2_14,0.14866203118204072,0.15196031603059146,0.0,1.0,0.1057477792609018,0.058333333333333334
26_2_15,0.06946702414760082,0.1090618838831074,0.0,1.0,0.0359529642068801,0.2833333333333333
26_2_16,0.13679054701108473,0.19214584232663515,0.0,1.0,0.022867915588174248,0.4726190476190476
26_2_17,0.08797448527590887,0.12253368349869348,0.0,1.0,0.02847164628307145,0.43452380952380953
26_2_18,0.06955305297167211,0.10313561199215983,0.0,1.0,0.03195538815357745,0.3761904761904762
26_2_19,0.06874848644189507,0.10221438905321967,0.0,1.0,0.03416781606022265,0.27976190476190477
26_2_20,0.09044274868917798,0.132978820339929,0.0,1.0,0.0427045457763634,0.2619047619047619
26_2_21,0.08594138381753841,0.13913608129285346,0.0,1.0,0.0361138387302588,0.2988095238095238
26_2_22,0.08317996873930351,0.10066524679017601,0.0,1.0,0.04890447484828815,0.17023809523809524
26_2_23,0.05710817365459786,0.08398473893193652,0.0,1.0,0.01416293111081715,0.45476190476190476
26_2_24,0.0759384680230542,0.11594009793540132,0.0,1.0,0.00388019270606505,0.4880952380952381
26_2_25,0.12728598863745105,0.18489490417226742,0.0,1.0,0.00736086378598115,0.48928571428571427
26_2_26,0.0474836642847464,0.09621234974246413,0.0,1.0,0.019163905303385,0.35714285714285715
26_2_27,0.06142046066892878,0.11503480321409179,0.0,1.0,0.023208937365605,0.33095238095238094
26_2_28,0.06905984928162048,0.13153882104465045,0.0,1.0,0.0263293939768641,0.3273809523809524
26_2_29,0.04689566362705107,0.10113090985887872,0.0,1.0,0.0145804623806913,0.3261904761904762
26_2_30,0.06980188783454168,0.10736012424203327,0.0,1.0,0.02880594649087145,0.38095238095238093
26_2_31,0.06292327819016591,0.10540876210769627,0.0,1.0,0.01822407922772085,0.43214285714285716
27_0_0,0.08248740660679021,0.11847280133582229,0.0,1.0,0.03526933132724945,0.38452380952380955
27_0_1,0.169531282268714,0.15744597671050045,0.0,1.0,0.13273613872763884,0.13452380952380952
27_0_2,0.17669255812950263,0.14588672600975017,0.0,1.0,0.1448438992708976,0.039285714285714285
27_0_3,0.18018768297347817,0.15888926875247203,0.0,1.0,0.15333319166503756,0.11785714285714285
27_0_4,0.18427427565332372,0.1638850606101124,0.0,1.0,0.13768236782510457,0.01904761904761905
27_0_5,0.10404271162607538,0.1287871234707249,0.0,1.0,0.0642313166310311,0.19523809523809524
27_0_6,0.10614818319982611,0.13146189387742882,0.0,1.0,0.065983187836265,0.3392857142857143
27_0_7,0.05411018110501922,0.08126127290945549,0.0,1.0,0.0303854444491813,0.34523809523809523
27_0_8,0.09744238685750897,0.14055641853634618,0.0,1.0,0.0133598875891645,0.48214285714285715
27_0_9,0.17082217518052725,0.16326252774451908,0.0,1.0,0.1368181573152534,0.18095238095238095
27_0_10,0.33686338206753114,0.22163817584388565,0.0,1.0,0.31313310300125696,0.016666666666666666
27_0_11,0.13968163585504428,0.14974676757487265,0.0,1.0,0.102009784481687,0.16071428571428573
27_0_12,0.19137120239369945,0.16097192018411496,0.0,1.0,0.17034454942017413,0.1523809523809524
27_0_13,0.12144405165283792,0.15329783298061853,0.0,1.0,0.0770553651612279,0.26904761904761904
27_0_14,0.06387689159881255,0.09865397961013068,0.0,1.0,0.02824565793542715,0.3892857142857143
27_0_15,0.12540467824736673,0.17401442281085103,0.0,1.0,0.0254242232535027,0.47023809523809523
27_0_16,0.11422468581680156,0.17488072393511678,0.0,1.0,0.0,0.5023809523809524
27_0_17,0.04574427816324934,0.06584747194923252,0.0,1.0,0.0185411220633909,0.4
27_0_18,0.12204192492321403,0.18053983446694122,0.0,1.0,0.012946412996924301,0.475
27_0_19,0.15184260176688943,0.1585854649479152,0.0,1.0,0.10192551929855839,0.1
27_0_20,0.09135279187603267,0.09916597957660367,0.0,1.0,0.06609259473887966,0.16428571428571428
27_0_21,0.08818422300965714,0.11886283844718996,0.0,1.0,0.0523432959606856,0.31547619047619047
27_0_22,0.09263431986461465,0.134508209453873,0.0,1.0,0.00037704283277065003,0.4988095238095238
27_0_23,0.1230812662189015,0.17992768429074274,0.0,1.0,0.0,0.5119047619047619
27_0_24,0.10531343176496544,0.1260567488910113,0.0,1.0,0.0690070310410774,0.26071428571428573
27_0_25,0.11396451874347427,0.16937834911048175,0.0,1.0,0.0,0.5011904761904762
27_0_26,0.12083079847676952,0.16166106430366986,0.0,1.0,0.0713185706188369,0.22142857142857142
27_0_27,0.11495181430373029,0.15485268523055315,0.0,1.0,0.03889746195747215,0.44047619047619047
27_0_28,0.05341062892287784,0.08320353176286552,0.0,1.0,0.00586242519232925,0.475
27_0_29,0.09182357103933719,0.13083124581548453,0.0,1.0,0.01984992740397975,0.45714285714285713
27_0_30,0.07658769550668615,0.11792543686623473,0.0,1.0,0.02649734182511595,0.40476190476190477
27_0_31,0.094688449596543,0.13422302419138926,0.0,1.0,0.0271586054933569,0.45357142857142857
27_1_0,0.12244958581729813,0.18028978775227136,0.0,1.0,0.0044493287732298,0.49047619047619045
27_1_1,0.04056100917448378,0.0789061856365753,0.0,1.0,0.01659072620157675,0.4011904761904762
27_1_2,0.08154661132897108,0.1083569550257832,0.0,1.0,0.0471869508451942,0.2357142857142857
27_1_3,0.13524009958625544,0.1477108242876811,0.0,1.0,0.07853787786147445,0.12023809523809524
27_1_4,0.14478219053557612,0.1258414399716768,0.0,1.0,0.12059754645979084,0.07857142857142857
27_1_5,0.18275215159297623,0.13893943845698442,0.0,1.0,0.1556441579808989,0.02857142857142857
27_1_6,0.21618938310127575,0.17289119624238794,0.0,1.0,0.1774242012322822,0.023809523809523808
27_1_7,0.14910970698672443,0.1255591411940387,0.0,1.0,0.12761832194346945,0.10595238095238095
27_1_8,0.1300209915970136,0.1368410196459542,0.0,1.0,0.09892321927132625,0.21428571428571427
27_1_9,0.07974212675614642,0.11485656995761043,0.0,1.0,0.02856188865407175,0.41309523809523807
27_1_10,0.12682032647581482,0.1494529152648065,0.0,1.0,0.06979885965468136,0.1392857142857143
27_1_11,0.28615764954214756,0.20199793103984523,0.0,1.0,0.26348829949686137,0.02023809523809524
27_1_12,0.21766762528262082,0.14617626606950967,0.0,1.0,0.1923234959439722,0.023809523809523808
27_1_13,0.2779374139259136,0.15129209098554725,0.0,1.0,0.2604153045510686,0.0011904761904761906
27_1_14,0.30093980641316537,0.1945550692784125,0.0,1.0,0.2644400666962055,0.005952380952380952
27_1_15,0.11811742173013849,0.1255922540871033,0.0,1.0,0.0790357657525988,0.1380952380952381
27_1_16,0.09238536669944912,0.1251717395226592,0.0,1.0,0.05529430496370295,0.2642857142857143
27_1_17,0.07140196112432033,0.09900346499960723,0.0,1.0,0.020316633655383852,0.4511904761904762
27_1_18,0.1925321840512681,0.17075216259188894,0.0,1.0,0.15464447454196426,0.12857142857142856
27_1_19,0.13791215459105027,0.15847355129339555,0.0,1.0,0.08523351115020991,0.21428571428571427
27_1_20,0.10898646909121412,0.10455549790111383,0.0,1.0,0.08393495844819955,0.08214285714285714
27_1_21,0.19248505865429835,0.15189532952992227,0.0,1.0,0.1721994916927204,0.07857142857142857
27_1_22,0.20358206640260582,0.16263435179932106,0.0,1.0,0.1767388876028205,0.10952380952380952
27_1_23,0.14851482581950423,0.16976099396527145,0.0,1.0,0.10248449852412875,0.3416666666666667
27_1_24,0.06240003276798988,0.09500840381889711,0.0,1.0,0.0250892692640248,0.38571428571428573
27_1_25,0.0676018844795952,0.09706734749298786,0.0,1.0,0.0236951014195805,0.43452380952380953
27_1_26,0.14021227289209695,0.1540048595636373,0.0,1.0,0.10620202769992984,0.28095238095238095
27_1_27,0.11593501732202598,0.14140469114368517,0.0,1.0,0.06942200174430105,0.33214285714285713
27_1_28,0.16925127251229166,0.15392651036789992,0.0,1.0,0.13434794254118196,0.1380952380952381
27_1_29,0.15345153272919632,0.13543046167180905,0.0,1.0,0.134474142665873,0.1523809523809524
27_1_30,0.12224682289433633,0.127430960802528,0.0,1.0,0.08719620256505894,0.09047619047619047
27_1_31,0.1381275269651638,0.1426646637482808,0.0,1.0,0.11230718606932594,0.17023809523809524
27_2_0,0.08545404228083105,0.11643988856719101,0.0,1.0,0.0253695508766226,0.430952380952381
27_2_1,0.08460417734267171,0.11459158247429345,0.0,1.0,0.052848704836239796,0.2702380952380952
27_2_2,0.1448635828326808,0.1505371871829328,0.0,1.0,0.10724970665308085,0.14523809523809525
27_2_3,0.15862972316986373,0.15426266462510804,0.0,1.0,0.11242918604965335,0.09404761904761905
27_2_4,0.1433268421667559,0.12075651025994169,0.0,1.0,0.11990196953487565,0.058333333333333334
27_2_5,0.3087810254711351,0.20340651133723767,0.0,1.0,0.31987184592223905,0.06666666666666667
27_2_6,0.2735700861231482,0.22817284037669644,0.0,1.0,0.2428545876232328,0.16666666666666666
27_2_7,0.11449016975441946,0.1732556957747746,0.0,1.0,0.0,0.5119047619047619
27_2_8,0.10219973677607132,0.1252586011589296,0.0,1.0,0.06579171008006579,0.30833333333333335
27_2_9,0.14879281415377962,0.13962451588807268,0.0,1.0,0.11316666070101164,0.06428571428571428
27_2_10,0.29432203793564493,0.16849239152710443,0.0,1.0,0.2687323911409327,0.007142857142857143
27_2_11,0.23682117415080292,0.16785473991703062,0.0,1.0,0.20111248203399465,0.013095238095238096
27_2_12,0.2577891824160809,0.1829019146819277,0.0,1.0,0.24856241785316524,0.08214285714285714
27_2_13,0.24615108745639389,0.18488276326342692,0.0,1.0,0.2480526414918359,0.07857142857142857
27_2_14,0.20943113427161353,0.17526873795126818,0.0,1.0,0.17772342862367996,0.10357142857142858
27_2_15,0.17454901649863833,0.23036437261751977,0.0,1.0,0.04168911439907935,0.45595238095238094
27_2_16,0.050068510601179894,0.07710958763768352,0.0,1.0,0.0112722239902212,0.44285714285714284
27_2_17,0.1588111851488212,0.15958727381076615,0.0,1.0,0.1151737696090363,0.14285714285714285
27_2_18,0.11191608341126275,0.12810220391386445,0.0,1.0,0.0657558666065168,0.07976190476190476
27_2_19,0.15256090920184145,0.16264586030351985,0.0,1.0,0.11172210742684846,0.28214285714285714
27_2_20,0.1351719062500161,0.1485822628523537,0.0,1.0,0.09911823034142316,0.3047619047619048
27_2_21,0.11565619024828824,0.11167572852383621,0.0,1.0,0.0902848348561528,0.11547619047619048
27_2_22,0.21234968979537042,0.14579897857084545,0.0,1.0,0.17678293666447445,0.013095238095238096
27_2_23,0.11705304752303353,0.1494476651182651,0.0,1.0,0.06589926976397589,0.375
27_2_24,0.13398396104295862,0.19340747516318652,0.0,1.0,0.015160504410133498,0.47619047619047616
27_2_25,0.07162629216575267,0.12781713101224199,0.0,1.0,0.0298584555766653,0.37976190476190474
27_2_26,0.08329637831170528,0.09378306514874321,0.0,1.0,0.06281438197086335,0.20833333333333334
27_2_27,0.20624462001533148,0.18102409048831933,0.0,1.0,0.17431648651665543,0.1130952380952381
27_2_28,0.23017386299261655,0.17624871702330897,0.0,1.0,0.21104585941830278,0.07976190476190476
27_2_29,0.1224798702143416,0.1455011402413818,0.0,1.0,0.0822169522553482,0.35595238095238096
27_2_30,0.1762439300693961,0.21535789121355778,0.0,1.0,0.07600233798712015,0.39404761904761904
27_2_31,0.12023431994002552,0.17324852391401263,0.0,1.0,0.0010267161116025,0.4976190476190476
28_0_0,0.13498641849105114,0.1845548522012917,0.0,1.0,0.03704376331059855,0.44761904761904764
28_0_1,0.06890847903039048,0.1331773334287524,0.0,1.0,0.02421900824182545,0.29404761904761906
28_0_2,0.06563697188351345,0.11518947709235809,0.0,1.0,0.03079823618291825,0.23333333333333334
28_0_3,0.03897918709431713,0.06710411335730598,0.0,1.0,0.017462093703109652,0.3392857142857143
28_0_4,0.06019081183018693,0.09152351893089238,0.0,1.0,0.0260624410558237,0.3773809523809524
28_0_5,0.10900892107746785,0.14325219398628244,0.0,1.0,0.052506164415992804,0.38571428571428573
28_0_6,0.22627681685390555,0.18851693926039362,0.0,1.0,0.1910545775965392,0.06190476190476191
28_0_7,0.11318812118837591,0.1479604028906127,0.0,1.0,0.050463934372296404,0.175
28_0_8,0.10182572559380437,0.1323260877276883,0.0,1.0,0.04652051603699075,0.3869047619047619
28_0_9,0.09400207976997674,0.11812260192656816,0.0,1.0,0.05755645536657665,0.325
28_0_10,0.08677084016045658,0.12101809036407203,0.0,1.0,0.0489313318296778,0.15357142857142858
28_0_11,0.09506546758048781,0.13133317587239912,0.0,1.0,0.050461491923398605,0.3202380952380952
28_0_12,0.04646993997954553,0.0835124656747733,0.0,1.0,0.020982797010089052,0.3416666666666667
28_0_13,0.0704060159267452,0.10367793442581621,0.0,1.0,0.011443840573788399,0.4738095238095238
28_0_14,0.10597190221014939,0.1132804997200812,0.0,1.0,0.06761943415077035,0.10119047619047619
28_0_15,0.1725096650157942,0.21036380402548974,0.0,1.0,0.051376711128687094,0.14285714285714285
28_0_16,0.1701073123707153,0.1963311277738449,0.0,1.0,0.10725871666908199,0.3535714285714286
28_0_17,0.1058967292639293,0.13654247982652531,0.0,1.0,0.0658054462574143,0.3
28_0_18,0.061037665943258476,0.09032371821766129,0.0,1.0,0.03523172796779775,0.25595238095238093
28_0_19,0.06340045047616845,0.09408515047899597,0.0,1.0,0.02428533012183335,0.42738095238095236
28_0_20,0.08709296535521749,0.12257163252006077,0.0,1.0,0.03767846525790305,0.42142857142857143
28_0_21,0.05493222319577051,0.09426014971405854,0.0,1.0,0.020320324385447452,0.41904761904761906
28_0_22,0.2874007630054806,0.17858545561815925,0.0,1.0,0.29143654371540206,0.008333333333333333
28_0_23,0.32395659605334814,0.19752515069430732,0.0,1.0,0.32212241106776707,0.014285714285714285
28_0_24,0.13323607245578184,0.19302834839226596,0.0,1.0,0.0110741076900935,0.4857142857142857
28_0_25,0.04604956207649309,0.07452652676531296,0.0,1.0,0.02190879400712495,0.3380952380952381
28_0_26,0.061026005851320834,0.10759752107949594,0.0,1.0,0.023278233092810748,0.3726190476190476
28_0_27,0.10777613608626926,0.1733279724981245,0.0,1.0,0.035023467284005905,0.3535714285714286
28_0_28,0.0934611748084065,0.14042436732098285,0.0,1.0,0.04098395013544415,0.37023809523809526
28_0_29,0.055194404779323795,0.09677698490634495,0.0,1.0,0.01589129045293635,0.41785714285714287
28_0_30,0.35382351033397874,0.1976226192299144,0.0,1.0,0.3614881981616688,0.0035714285714285713
28_0_31,0.3389724410675627,0.20222741804443248,0.0,1.0,0.34451949547429384,0.0011904761904761906
28_1_0,0.050532078937299205,0.07932710936789357,0.0,1.0,0.024625554574881102,0.26666666666666666
28_1_1,0.08475698848826196,0.1298401265258775,0.0,1.0,0.034531990138457105,0.29285714285714287
28_1_2,0.07998144136311124,0.11838956475131548,0.0,1.0,0.0159534962593148,0.4595238095238095
28_1_3,0.06393470802198804,0.10918406024998346,0.0,1.0,0.0164801725529855,0.4380952380952381
28_1_4,0.07706841338863622,0.1200099582691968,0.0,1.0,0.021816882443731353,0.44285714285714284
28_1_5,0.10348521027808398,0.14754251451458136,0.0,1.0,0.02984781959037515,0.44642857142857145
28_1_6,0.13601708771242788,0.19669634670727565,0.0,1.0,0.018683253098618152,0.4714285714285714
28_1_7,0.09666089506455422,0.13706262003517714,0.0,1.0,0.00271131737186965,0.4976190476190476
28_1_8,0.10768531298949659,0.13580322268864642,0.0,1.0,0.0615421155971891,0.36547619047619045
28_1_9,0.09260191286534955,0.12423308747061261,0.0,1.0,0.0480725917817459,0.34285714285714286
28_1_10,0.08693435111799498,0.12680357891941837,0.0,1.0,0.01997226201587425,0.45357142857142857
28_1_11,0.0548708821546974,0.10393154188113603,0.0,1.0,0.02558497606990895,0.2523809523809524
28_1_12,0.0734521031838229,0.09681640811710947,0.0,1.0,0.047040191197430595,0.17142857142857143
28_1_13,0.08485887921124008,0.1259404576168689,0.0,1.0,0.043490538866651496,0.3238095238095238
28_1_14,0.07622009753373599,0.10200181139510302,0.0,1.0,0.04569488286279555,0.3357142857142857
28_1_15,0.11916874751446085,0.15928397344647874,0.0,1.0,0.04512844117866825,0.40476190476190477
28_1_16,0.10437942535317622,0.15513531861598928,0.0,1.0,0.0107662119937015,0.4797619047619048
28_1_17,0.08895412349321064,0.12760351093460895,0.0,1.0,0.03970840538018455,0.3952380952380952
28_1_18,0.13154878463038447,0.17498540104733018,0.0,1.0,0.033361333389939796,0.44642857142857145
28_1_19,0.08550083149657856,0.11711519238016084,0.0,1.0,0.026676392964086,0.45476190476190476
28_1_20,0.051126647034153365,0.08329829542476276,0.0,1.0,0.01426443334823245,0.444047619047619
28_1_21,0.1262062325033932,0.16829276452761344,0.0,1.0,0.04564299828588145,0.4261904761904762
28_1_22,0.08575398304820217,0.11015364204128349,0.0,1.0,0.05499684322206315,0.29523809523809524
28_1_23,0.09179019598016161,0.1380459548596631,0.0,1.0,0.0283966749460751,0.4380952380952381
28_1_24,0.08775390674407632,0.13228742621927844,0.0,1.0,0.01248615914616545,0.46785714285714286
28_1_25,0.08093218755886523,0.11280266339079688,0.0,1.0,0.0466043725852656,0.2702380952380952
28_1_26,0.037790009779134034,0.08254286611541439,0.0,1.0,0.015572688793290199,0.3821428571428571
28_1_27,0.06754439662110095,0.11814328796080924,0.0,1.0,0.025207774015304,0.4011904761904762
28_1_28,0.037257782193197135,0.0635179091547589,0.0,1.0,0.00287805649576695,0.4857142857142857
28_1_29,0.08459841797955356,0.1235870961446279,0.0,1.0,0.0138086242153307,0.47619047619047616
28_1_30,0.07727797932416881,0.11219047935671898,0.0,1.0,0.0291253480517532,0.4011904761904762
28_1_31,0.10491811078268642,0.15056347875322837,0.0,1.0,0.00916133242433825,0.48214285714285715
28_2_0,0.10014672980204255,0.1259698506546822,0.0,1.0,0.045914390723993795,0.3880952380952381
28_2_1,0.14617531387194596,0.16125335454755602,0.0,1.0,0.0810110914668575,0.17023809523809524
28_2_2,0.27395526753857435,0.2235849563273526,0.0,1.0,0.2654241951227948,0.07142857142857142
28_2_3,0.07955038568819248,0.09618206724940609,0.0,1.0,0.05751148259541035,0.24523809523809523
28_2_4,0.13602056319065214,0.15604743871514268,0.0,1.0,0.0935952708789377,0.21428571428571427
28_2_5,0.10688152316726912,0.11869080962268803,0.0,1.0,0.0804978427877498,0.24047619047619048
28_2_6,0.08065302557707256,0.10873268147608868,0.0,1.0,0.04792283131493545,0.25476190476190474
28_2_7,0.10076688830441657,0.13479087749648605,0.0,1.0,0.0378575642089957,0.43452380952380953
28_2_8,0.13553140576785846,0.18221820023989135,0.0,1.0,0.035041610945234655,0.45
28_2_9,0.1118329211431217,0.1476382304703044,0.0,1.0,0.05397674466263715,0.2845238095238095
28_2_10,0.21556632190615152,0.2033817276827085,0.0,1.0,0.1926309563199079,0.14523809523809525
28_2_11,0.1485465914919262,0.15879903204371898,0.0,1.0,0.10755864539767185,0.24523809523809523
28_2_12,0.07650076230503007,0.07996176659560178,0.0,1.0,0.05847769124428155,0.1761904761904762
28_2_13,0.16788198278729485,0.17222426166796814,0.0,1.0,0.11762163908150575,0.16428571428571428
28_2_14,0.18068307036642384,0.1917893009916592,0.0,1.0,0.1199084279955066,0.15357142857142858
28_2_15,0.12876275499050674,0.18004921580110206,0.0,1.0,0.0374796084265323,0.45
28_2_16,0.13984908699208246,0.19838827073461981,0.0,1.0,0.00656237109901585,0.49047619047619045
28_2_17,0.13352740046232167,0.1628675785406729,0.0,1.0,0.06993802404072055,0.27380952380952384
28_2_18,0.1368234045106322,0.15512796541155824,0.0,1.0,0.08518919990791095,0.13452380952380952
28_2_19,0.1477097765818539,0.14179435038123925,0.0,1.0,0.1189043829233578,0.15119047619047618
28_2_20,0.23375737404361538,0.2026701142700169,0.0,1.0,0.19190892852065786,0.12976190476190477
28_2_21,0.09836092437415127,0.12238869823512763,0.0,1.0,0.06254428441661056,0.28095238095238095
28_2_22,0.08356150802316034,0.11823347369197389,0.0,1.0,0.0392529918508533,0.39404761904761904
28_2_23,0.15061140876675883,0.1940924039334855,0.0,1.0,0.0620939027212251,0.425
28_2_24,0.09526023451388722,0.10340024057171007,0.0,1.0,0.0752724908165455,0.225
28_2_25,0.17551274295500874,0.14083062150703463,0.0,1.0,0.1535813601205432,0.07142857142857142
28_2_26,0.16772982234615455,0.15172135528508812,0.0,1.0,0.1404283048292577,0.09761904761904762
28_2_27,0.08055179287193798,0.08950745963127783,0.0,1.0,0.061507671201812705,0.2392857142857143
28_2_28,0.09366144697945386,0.12230467235420704,0.0,1.0,0.06333281266760316,0.2619047619047619
28_2_29,0.07698676964590992,0.10263971374843439,0.0,1.0,0.0466690300948822,0.3202380952380952
28_2_30,0.1345819330757065,0.15460683503221256,0.0,1.0,0.0848459878884843,0.2761904761904762
28_2_31,0.10838132512126859,0.16682754602491937,0.0,1.0,0.0,0.5095238095238095
29_0_0,0.27620385141212966,0.18296017766694092,0.0,1.0,0.24828727277614565,0.02976190476190476
29_0_1,0.232386365487422,0.1872787949259949,0.0,1.0,0.19445066959481488,0.009523809523809525
29_0_2,0.14108024750670087,0.13369477750645314,0.0,1.0,0.11065445715275485,0.14285714285714285
29_0_3,0.15135525683028125,0.16270494245930012,0.0,1.0,0.10161861487215886,0.17261904761904762
29_0_4,0.21686574539410808,0.17641666387583496,0.0,1.0,0.18244431516922865,0.08928571428571429
29_0_5,0.1792726953969069,0.14534410916033688,0.0,1.0,0.14626304920182953,0.015476190476190477
29_0_6,0.1673880935765661,0.14108394272091454,0.0,1.0,0.13481325058118654,0.07738095238095238
29_0_7,0.12295482828923765,0.13127403100308804,0.0,1.0,0.08685709380714679,0.21785714285714286
29_0_8,0.34039789608830984,0.18575481547606967,0.0,1.0,0.3157806149474558,0.002380952380952381
29_0_9,0.1806624569708997,0.16774390416553217,0.0,1.0,0.1252263099079149,0.03214285714285714
29_0_10,0.12002633460536401,0.14053988010186463,0.0,1.0,0.0664198171983076,0.1630952380952381
29_0_11,0.3011880105370644,0.1978398362249944,0.0,1.0,0.27916202471311335,0.05238095238095238
29_0_12,0.21760226637271643,0.17881933020687032,0.0,1.0,0.18316302687035851,0.09761904761904762
29_0_13,0.12985104227948946,0.09842856019487126,0.0,1.0,0.11480628856048135,0.03571428571428571
29_0_14,0.21990474780950778,0.17787581079769124,0.0,1.0,0.18303997909876019,0.08928571428571429
29_0_15,0.17099189288981775,0.17486722400400817,0.0,1.0,0.13382591477413905,0.2726190476190476
29_0_16,0.11900068277950418,0.14345766612679606,0.0,1.0,0.07270749299487231,0.3547619047619048
29_0_17,0.2524546728558212,0.18885659863400164,0.0,1.0,0.22532612714796416,0.060714285714285714
29_0_18,0.2242480088835878,0.20092215049955822,0.0,1.0,0.1742079468135093,0.10714285714285714
29_0_19,0.21923927305520938,0.17471656392417756,0.0,1.0,0.19180672219195377,0.11904761904761904
29_0_20,0.14948412335222552,0.12831894348303433,0.0,1.0,0.12257230070121836,0.1357142857142857
29_0_21,0.2069077397799184,0.1536779096597016,0.0,1.0,0.19196076656699307,0.07380952380952381
29_0_22,0.14943621342236746,0.12892793410211997,0.0,1.0,0.12728481696585686,0.1261904761904762
29_0_23,0.11297550131823426,0.144782027651981,0.0,1.0,0.049373867459972146,0.42142857142857143
29_0_24,0.1895671880623881,0.16565076968586234,0.0,1.0,0.16023008437154318,0.11666666666666667
29_0_25,0.3141304067318956,0.20227939610517082,0.0,1.0,0.2736537088505421,0.008333333333333333
29_0_26,0.19209711101402696,0.17414900183860352,0.0,1.0,0.15046951317525575,0.11666666666666667
29_0_27,0.13963115196945092,0.1272698313362034,0.0,1.0,0.1068590565259288,0.12023809523809524
29_0_28,0.16025111723490804,0.14627185525864317,0.0,1.0,0.13724039938310315,0.16547619047619047
29_0_29,0.1978141674292907,0.16940833145240033,0.0,1.0,0.1675222969410636,0.06190476190476191
29_0_30,0.15020589754861227,0.13852782212315928,0.0,1.0,0.1252805138125817,0.18214285714285713
29_0_31,0.1607495304510184,0.2037700951975296,0.0,1.0,0.0766712711082376,0.3964285714285714
29_1_0,0.16041321479029463,0.18056449258083285,0.0,1.0,0.10921166528126765,0.30357142857142855
29_1_1,0.14245139883405195,0.16613988026733584,0.0,1.0,0.10085345339371996,0.075
29_1_2,0.15722169783427192,0.1425846087156591,0.0,1.0,0.13156672053266416,0.12857142857142856
29_1_3,0.2711934168879429,0.1853251015997709,0.0,1.0,0.2444434926641194,0.034523809523809526
29_1_4,0.34075015104562145,0.18343005124184816,0.0,1.0,0.3303750337257751,0.0035714285714285713
29_1_5,0.3023446057307189,0.18013438039083318,0.0,1.0,0.2894967651254239,0.02142857142857143
29_1_6,0.2617806408547226,0.15046300248778888,0.0,1.0,0.23905987654732314,0.005952380952380952
29_1_7,0.12952175286392092,0.15584967195945357,0.0,1.0,0.07433796822077926,0.35595238095238096
29_1_8,0.15169716810912093,0.14567614285353572,0.0,1.0,0.11868652671357395,0.15
29_1_9,0.3559101260370869,0.25723220219624143,0.0,1.0,0.3989872954179753,0.05357142857142857
29_1_10,0.3692251103457979,0.19025397024278573,0.0,1.0,0.37450503509201627,0.014285714285714285
29_1_11,0.2708698142045626,0.17888146999886562,0.0,1.0,0.24815707322856062,0.02976190476190476
29_1_12,0.24438622101975646,0.14998786592208932,0.0,1.0,0.22070288549329325,0.015476190476190477
29_1_13,0.38333749336622897,0.21777503441824042,0.0,1.0,0.37206053681847073,0.016666666666666666
29_1_14,0.37084371852065584,0.2469460964587076,0.0,1.0,0.32260630888366226,0.004761904761904762
29_1_15,0.16577256906341747,0.1938804752441793,0.0,1.0,0.0949147306508941,0.24166666666666667
29_1_16,0.18296205627616358,0.20959396402955321,0.0,1.0,0.10622469612613519,0.37023809523809526
29_1_17,0.2169008165536246,0.17957197578296152,0.0,1.0,0.18990889453450427,0.14523809523809525
29_1_18,0.218975747054721,0.19222872459118162,0.0,1.0,0.19066064901515506,0.1630952380952381
29_1_19,0.13123402494552228,0.16456212713214494,0.0,1.0,0.06447524862525356,0.39285714285714285
29_1_20,0.12441002998743304,0.15043186610963255,0.0,1.0,0.07372974167258944,0.36428571428571427
29_1_21,0.12656741917568112,0.12577705663952643,0.0,1.0,0.09801509013863344,0.16904761904761906
29_1_22,0.24788360180659516,0.17311830020531813,0.0,1.0,0.22804975634389735,0.04404761904761905
29_1_23,0.11443190559737851,0.16101692360785816,0.0,1.0,0.00943164353755355,0.4797619047619048
29_1_24,0.1347031065648769,0.1968060831673609,0.0,1.0,0.0,0.5035714285714286
29_1_25,0.14107907915820123,0.15944901653306964,0.0,1.0,0.0951755607454382,0.13690476190476192
29_1_26,0.19543768617697369,0.16582184832706134,0.0,1.0,0.16690842315263785,0.10714285714285714
29_1_27,0.1974807955328082,0.1573105637786689,0.0,1.0,0.1697641888909745,0.09166666666666666
29_1_28,0.2873936839467581,0.17948604056552223,0.0,1.0,0.2629276036040685,0.016666666666666666
29_1_29,0.2536093827030103,0.18241265314048755,0.0,1.0,0.2304753641837871,0.06190476190476191
29_1_30,0.17717321063943212,0.16914904041173226,0.0,1.0,0.15164191384004566,0.21071428571428572
29_1_31,0.1330207300551311,0.19459094887407677,0.0,1.0,0.0117854588258625,0.49047619047619045
29_2_0,0.08768738913032072,0.12391114632686286,0.0,1.0,0.04196267311273065,0.35595238095238096
29_2_1,0.12783994705454546,0.12978046783874578,0.0,1.0,0.09918006298544405,0.14285714285714285
29_2_2,0.048583535590773476,0.08120251111955712,0.0,1.0,0.028278401241037747,0.2857142857142857
29_2_3,0.05519951457133977,0.08985535078240012,0.0,1.0,0.005865991381882,0.4845238095238095
29_2_4,0.036127691461498704,0.058976017600012795,0.0,1.0,0.0098313870059037,0.44166666666666665
29_2_5,0.14041407659682648,0.17223494791212265,0.0,1.0,0.0808597513201247,0.32976190476190476
29_2_6,0.09249446169775555,0.0944492740044518,0.0,1.0,0.07165036280912579,0.10833333333333334
29_2_7,0.11512562905701326,0.12080294456815814,0.0,1.0,0.08769601753529896,0.22023809523809523
29_2_8,0.11079449016975468,0.13827178527578732,0.0,1.0,0.06163460554165895,0.38333333333333336
29_2_9,0.20106322201072538,0.15021737048282216,0.0,1.0,0.18797760550761655,0.055952380952380955
29_2_10,0.10176824436656767,0.10952672255153516,0.0,1.0,0.08662779308528334,0.12976190476190477
29_2_11,0.08762376609633461,0.12357615626526434,0.0,1.0,0.04438534882296785,0.3392857142857143
29_2_12,0.05529680861798317,0.0794080353731186,0.0,1.0,0.03040167183755115,0.29642857142857143
29_2_13,0.14537699361770823,0.15489523100375027,0.0,1.0,0.10508955152892241,0.1773809523809524
29_2_14,0.14205215843978242,0.13133916343491997,0.0,1.0,0.11876131254078935,0.15
29_2_15,0.20268518204096425,0.17279506227984662,0.0,1.0,0.1888877497121654,0.1738095238095238
29_2_16,0.140852089034766,0.19773012546212076,0.0,1.0,0.016241093712667548,0.4785714285714286
29_2_17,0.13430214902641072,0.1666882585066975,0.0,1.0,0.06667829153511665,0.40476190476190477
29_2_18,0.06998292465401097,0.0847604912881934,0.0,1.0,0.0491723706403321,0.2619047619047619
29_2_19,0.15920033508156348,0.1577991949627318,0.0,1.0,0.11568227661365935,0.1773809523809524
29_2_20,0.12010574172732814,0.1540515161079627,0.0,1.0,0.059102860452360045,0.3892857142857143
29_2_21,0.15721613750285934,0.18844882320288,0.0,1.0,0.0886487079034419,0.3619047619047619
29_2_22,0.11666816040598924,0.1377606632428424,0.0,1.0,0.0761248992038285,0.32261904761904764
29_2_23,0.1251779154001778,0.17867378784156987,0.0,1.0,0.0239336674225125,0.475
29_2_24,0.12943913325578432,0.16798541046622295,0.0,1.0,0.06625993986980065,0.37857142857142856
29_2_25,0.1375089077231155,0.16877234971101093,0.0,1.0,0.08027062670670196,0.3464285714285714
29_2_26,0.09302807706787125,0.11878367656921943,0.0,1.0,0.044411551558399154,0.38095238095238093
29_2_27,0.03837430199863117,0.08176796911154477,0.0,1.0,0.0043465511214196995,0.4714285714285714
29_2_28,0.13109033595538044,0.19198967094718292,0.0,1.0,0.0019732748964733,0.4976190476190476
29_2_29,0.1050372068302447,0.15636320788385366,0.0,1.0,0.010319731969744849,0.4797619047619048
29_2_30,0.08383819575694247,0.10545964869613066,0.0,1.0,0.051170751243146295,0.319047619047619
29_2_31,0.12674798847150265,0.15411003152939923,0.0,1.0,0.07185379651806739,0.3678571428571429
