kpi,normal_mean,anomaly_mean,mean_difference,abs_mean_difference,normal_std,anomaly_std,std_difference,correlation_with_anomaly,abs_correlation,contribution_score,rank
1_1_22,0.25733895074250923,0.43578541015958,0.17844645941707077,0.17844645941707077,0.17073200170553582,0.24937289536194096,0.07864089365640514,0.21188488480478254,0.21188488480478254,0.8886615464137879,1
4_0_23,0.24758863711022008,0.4216752483720307,0.1740866112618106,0.1740866112618106,0.16822297623305826,0.2531571350572171,0.08493415882415883,0.20929110732010908,0.20929110732010908,0.8798673943762001,2
25_2_17,0.23607578393904075,0.41279716886377005,0.1767213849247293,0.1767213849247293,0.19409324199021796,0.25578733562335065,0.06169409363313269,0.1872144280764331,0.1872144280764331,0.8297882681183304,3
13_0_22,0.15467906984527463,0.3097458678962347,0.15506679805096008,0.15506679805096008,0.15216670335227758,0.22422967037989064,0.07206296702761306,0.20664785711834777,0.20664785711834777,0.8083178366584236,4
12_0_14,0.2592616980483004,0.4263112749328338,0.16704957688453337,0.16704957688453337,0.17859219130644438,0.23476281046693823,0.056170619160493845,0.19217949541414073,0.19217949541414073,0.8034900389455518,5
16_2_9,0.20714480112972455,0.3526297341919872,0.14548493306226262,0.14548493306226262,0.15191987319764744,0.25808256884116315,0.10616269564351571,0.19173061283633375,0.19173061283633375,0.7987914440690806,6
8_0_20,0.3454816356789141,0.515056464968406,0.16957482928949186,0.16957482928949186,0.19262278806817748,0.22119900414671334,0.02857621607853586,0.1829311324964852,0.1829311324964852,0.7663594422895641,7
15_2_12,0.20943500610318036,0.3640646901362597,0.15462968403307933,0.15462968403307933,0.17664690590518856,0.24184466626972353,0.06519776036453498,0.17967927340953932,0.17967927340953932,0.7611658337703564,8
14_0_20,0.2693594378176168,0.43889348730114863,0.16953404948353185,0.16953404948353185,0.19899425687860528,0.22735655364208845,0.028362296763483175,0.17727342241290772,0.17727342241290772,0.7579927712139917,9
25_1_19,0.18855304543789483,0.337182689447533,0.14862964400963816,0.14862964400963816,0.1540529666482728,0.2065561152351695,0.0525031485868967,0.19768703685414876,0.19768703685414876,0.7555394347950426,10
22_1_21,0.15820386078010407,0.3061725229530903,0.1479686621729862,0.1479686621729862,0.1684579783921177,0.22399038457731715,0.055532406185199445,0.1807030696148849,0.1807030696148849,0.7330536046531563,11
23_1_29,0.17783760720644717,0.31990651785007856,0.1420689106436314,0.1420689106436314,0.17723026952086884,0.2608212189993804,0.08359094947851153,0.16391219174470342,0.16391219174470342,0.724380716943984,12
17_2_6,0.20332439577877978,0.3360402848605071,0.1327158890817273,0.1327158890817273,0.1430504316335895,0.21684825471421074,0.07379782308062124,0.188307316715419,0.188307316715419,0.7216746061963341,13
29_0_14,0.21280963310398485,0.3618070419199617,0.14899740881597687,0.14899740881597687,0.17265092616554467,0.2152555924013977,0.04260466623585302,0.17849094495229367,0.17849094495229367,0.7182286523379058,14
16_1_19,0.1471137610082826,0.28284078251209543,0.13572702150381283,0.13572702150381283,0.1504740416606621,0.21816540252405386,0.06769136086339175,0.1840395652286566,0.1840395652286566,0.71718433505936,15
22_2_13,0.33865784211692984,0.49164059870612753,0.1529827565891977,0.1529827565891977,0.2764713498618772,0.3789884651680376,0.10251711530616037,0.11468532979732556,0.11468532979732556,0.7065960468472552,16
0_1_17,0.07277418413535708,0.17106652699861866,0.09829234286326158,0.09829234286326158,0.08880143599306838,0.2082425815799991,0.11944114558693071,0.20918274354334537,0.20918274354334537,0.706236088642126,17
29_0_6,0.16139335320940476,0.287282900919791,0.1258895477103862,0.1258895477103862,0.13419128763927338,0.205575054809468,0.07138376717019462,0.19013691845341865,0.19013691845341865,0.7024155542613755,18
17_0_23,0.1256242525855768,0.2387978475793099,0.11317359499373311,0.11317359499373311,0.130546882435213,0.24937749476510762,0.11883061232989461,0.17139664189727782,0.17139664189727782,0.6937418993039568,19
9_0_14,0.34700805615264807,0.4951711394735597,0.1481630833209116,0.1481630833209116,0.188349753543727,0.21894440572816465,0.03059465218443766,0.16389139950329745,0.16389139950329745,0.6816775072213705,20
13_2_23,0.12808896522229152,0.26846190644015777,0.14037294121786625,0.14037294121786625,0.16939812306724641,0.20814044282132663,0.03874231975408021,0.17177466411044776,0.17177466411044776,0.6801974006540377,21
29_0_17,0.24581449127075697,0.3852583045571069,0.13944381328634994,0.13944381328634994,0.18320851813593236,0.24142405483819065,0.05821553670225829,0.15733359011773249,0.15733359011773249,0.6791004873832946,22
0_1_9,0.11345934833285146,0.23933519293142674,0.1258758445985753,0.1258758445985753,0.15641757943356568,0.2367091461403138,0.08029156670674811,0.16408884985899727,0.16408884985899727,0.6755365542366576,23
12_0_13,0.10579529286142493,0.21120628699240704,0.10541099413098211,0.10541099413098211,0.12475210000657722,0.24819517870747335,0.12344307870089613,0.16612682180514493,0.16612682180514493,0.6697286916809818,24
19_1_29,0.05726492631124169,0.14625769576791636,0.08899276945667467,0.08899276945667467,0.09216708425713772,0.23984031389502672,0.14767322963788898,0.17916856807523643,0.17916856807523643,0.6695082830596044,25
17_1_1,0.2165121790373986,0.33894156180635443,0.12242938276895582,0.12242938276895582,0.15500357754721977,0.23741103136723035,0.08240745382001058,0.16093541483822937,0.16093541483822937,0.6637995813824356,26
19_1_7,0.07118559378759017,0.17383805609327035,0.10265246230568019,0.10265246230568019,0.13254957569261308,0.2752301213911267,0.1426805456985136,0.15151198299830115,0.15151198299830115,0.6629937796457224,27
4_0_15,0.17441517938267329,0.2850542210407553,0.110639041658082,0.110639041658082,0.15118308040767023,0.27743765511386437,0.12625457470619414,0.14615524597583598,0.14615524597583598,0.6592685429350967,28
19_2_15,0.3157180476927286,0.45754157694871306,0.14182352925598446,0.14182352925598446,0.23083391627901728,0.29747042293220405,0.06663650665318677,0.12777427405442177,0.12777427405442177,0.6534073278539099,29
23_1_11,0.10259654834523045,0.21234876228492777,0.10975221393969732,0.10975221393969732,0.13284228963683017,0.2274517151115213,0.09460942547469112,0.1660331794710888,0.1660331794710888,0.6492523481317021,30
20_1_9,0.2311120340721424,0.3552680137650206,0.1241559796928782,0.1241559796928782,0.16031438219473812,0.22730486041702172,0.0669904782222836,0.15904625010061,0.15904625010061,0.6485809087428445,31
13_2_4,0.0896526739071424,0.19538573795271189,0.10573306404556948,0.10573306404556948,0.1094053527405343,0.17430998105316348,0.06490462831262918,0.19485445753416522,0.19485445753416522,0.6453103565376566,32
2_2_27,0.10043739819926852,0.2068652207151545,0.10642782251588599,0.10642782251588599,0.14634311737352784,0.2630382953361129,0.11669517796258505,0.1456797781642718,0.1456797781642718,0.6360174130100967,33
21_2_20,0.1196034513762063,0.22708783049616227,0.10748437911995597,0.10748437911995597,0.12513681662298476,0.20250520430220428,0.07736838767921952,0.17357531122923067,0.17357531122923067,0.6341389458292002,34
25_0_22,0.16821001900546353,0.28881619079767307,0.12060617179220953,0.12060617179220953,0.15771583218799645,0.217835618196087,0.06011978600809054,0.1574526941274208,0.1574526941274208,0.6286312753005535,35
16_2_25,0.020710172277479143,0.0721156780453667,0.051405505767887556,0.051405505767887556,0.029887712341193244,0.20728185159704904,0.1773941392558558,0.19931897943332924,0.19931897943332924,0.6262265505975975,36
8_0_22,0.20730613990811744,0.33347327674646615,0.1261671368383487,0.1261671368383487,0.162476753040864,0.19656219259525096,0.03408543955438695,0.16142680843695623,0.16142680843695623,0.6204886962839762,37
7_1_18,0.25499622661783816,0.38198362367489863,0.12698739705706047,0.12698739705706047,0.18124468387116835,0.2322050251101012,0.05096034123893284,0.1454176034871315,0.1454176034871315,0.6191438344808666,38
24_0_16,0.14987614327667678,0.25923096572167126,0.10935482244499448,0.10935482244499448,0.14664032264215807,0.23216550339762623,0.08552518075546817,0.15162957059081442,0.15162957059081442,0.6175016069545658,39
14_0_4,0.2074571497107327,0.3286686941156741,0.12121154440494142,0.12121154440494142,0.1938501154231571,0.27435510569410887,0.08050499027095176,0.12900235650192066,0.12900235650192066,0.6130255061267073,40
29_1_29,0.24740488278955294,0.3776993809721615,0.13029449818260855,0.13029449818260855,0.17870558798786862,0.20748023887683248,0.02877465088896386,0.15220379572947007,0.15220379572947007,0.6130067100297836,41
27_1_20,0.10453806318951665,0.19795458712516598,0.09341652393564932,0.09341652393564932,0.09845140393622537,0.16471468543122614,0.06626328149500077,0.19038432747394737,0.19038432747394737,0.6060004608873005,42
10_0_4,0.06561693875537668,0.15033744485020145,0.08472050609482477,0.08472050609482477,0.0948000356161251,0.20246440981577765,0.10766437419965255,0.17331564708732433,0.17331564708732433,0.6041417529109818,43
14_2_9,0.1460331141651571,0.26221266028809787,0.11617954612294076,0.11617954612294076,0.15831586284605434,0.21408623727468737,0.05577037442863303,0.151514485658402,0.151514485658402,0.6029153597263205,44
18_0_21,0.1305431164506599,0.23708718119142524,0.10654406474076533,0.10654406474076533,0.12772925977821314,0.17895002198338644,0.0512207622051733,0.1711375271449348,0.1711375271449348,0.5985723346369677,45
19_2_18,0.16121501347923523,0.2783744447310958,0.11715943125186057,0.11715943125186057,0.15638045232955483,0.19989002386074686,0.04350957153119203,0.15528611782724552,0.15528611782724552,0.5971783227119608,46
1_0_15,0.1161590825189087,0.22451827205226166,0.10835918953335295,0.10835918953335295,0.15451063817928243,0.23416971709846732,0.07965907891918489,0.14344182571183658,0.14344182571183658,0.5965043622038795,47
19_0_18,0.16031265834832997,0.28596489162242483,0.12565223327409486,0.12565223327409486,0.19497308996418783,0.24278440698676412,0.047811317022576294,0.13425237563396078,0.13425237563396078,0.596042472754965,48
25_2_30,0.24450315937867814,0.366031001183421,0.12152784180474288,0.12152784180474288,0.17689771871666013,0.22319077762834266,0.04629305891168253,0.1428037844651742,0.1428037844651742,0.5948824542169615,49
5_2_13,0.10684822204176571,0.2025878822360146,0.09573966019424889,0.09573966019424889,0.12508030466020337,0.22017684582288796,0.0950965411626846,0.15357918252901387,0.15357918252901387,0.5929024412076455,50
17_2_7,0.1306100702183031,0.2228542451462548,0.0922441749279517,0.0922441749279517,0.11937559991877815,0.21850511891592983,0.09912951899715168,0.1541902606468376,0.1541902606468376,0.5885199931773668,51
0_2_1,0.20812220145678922,0.31723126386882994,0.10910906241204071,0.10910906241204071,0.18140441931073795,0.27721337868611506,0.09580895937537712,0.12325338562078154,0.12325338562078154,0.588227124375639,52
28_1_26,0.03449118025273247,0.10376660030716622,0.06927542005443375,0.06927542005443375,0.07086632782909462,0.19467460578263568,0.12380827795354106,0.17883560523733996,0.17883560523733996,0.5868806776326446,53
18_2_19,0.270219468112944,0.39382145825899917,0.12360199014605516,0.12360199014605516,0.18249515013258408,0.2162984382333831,0.03380328810079902,0.1414284665177907,0.1414284665177907,0.5846655012046864,54
1_0_19,0.28126949532574747,0.40971424905043713,0.12844475372468966,0.12844475372468966,0.1807346878486263,0.16994296831742092,-0.01079171953120539,0.15004693034038272,0.15004693034038272,0.5844947794072709,55
0_2_25,0.22896361611280752,0.3535213929759029,0.12455777686309538,0.12455777686309538,0.21794535035603108,0.27488379033756977,0.05693843998153869,0.11917590377656176,0.11917590377656176,0.5819179713735854,56
27_0_24,0.1009110364927963,0.1933613372083502,0.09245030071555389,0.09245030071555389,0.11866636773104426,0.20862630039540261,0.08995993266435835,0.15627754916090333,0.15627754916090333,0.5817149741822021,57
25_0_9,0.33668990478395755,0.46891250156897774,0.13222259678502019,0.13222259678502019,0.1956033790234276,0.20354374237697132,0.007940363353543728,0.14221112085840518,0.14221112085840518,0.5807705320476597,58
1_0_11,0.16021615916261667,0.267845719596183,0.10762956043356631,0.10762956043356631,0.15386939214939394,0.22086285647230913,0.0669934643229152,0.14382667528343246,0.14382667528343246,0.5807250827069645,59
25_2_9,0.1940623670255704,0.31111822051219973,0.11705585348662934,0.11705585348662934,0.177768891910974,0.2288634427766681,0.05109455086569409,0.13678475537732124,0.13678475537732124,0.5792420911693636,60
29_0_18,0.21820632735425588,0.34508163947022574,0.12687531211596986,0.12687531211596986,0.19752434377026215,0.22606757129769003,0.028543227527427883,0.1345561869235853,0.1345561869235853,0.5781762096182722,61
1_0_20,0.19656623964988149,0.30832635412258136,0.11176011447269987,0.11176011447269987,0.18257067330758953,0.2590005129114583,0.07642983960386879,0.12630892734863777,0.12630892734863777,0.5781333957364554,62
29_1_26,0.19017440810761832,0.30070324756408223,0.11052883945646391,0.11052883945646391,0.16079499936573785,0.2191156182126086,0.05832061884687076,0.1420326611099034,0.1420326611099034,0.576530712374268,63
21_0_6,0.12743714781402468,0.23349887985839218,0.1060617320443675,0.1060617320443675,0.14012072899036437,0.19161940289048562,0.05149867390012125,0.15602153199631094,0.15602153199631094,0.5761301322369587,64
27_1_11,0.28002347878857775,0.4088410646135441,0.12881758582496633,0.12881758582496633,0.1990014437888027,0.21911433996320545,0.02011289617440276,0.13588846731550253,0.13588846731550253,0.5760004232063981,65
18_1_10,0.22874165654219325,0.3437038450973139,0.11496218855512064,0.11496218855512064,0.16422457177910985,0.2065532120745494,0.04232864029543956,0.1454893979518971,0.1454893979518971,0.5758180298007805,66
12_2_9,0.3241797714856911,0.44819852938681104,0.12401875790111994,0.12401875790111994,0.18843692368506454,0.21635424273822218,0.02791731905315764,0.13778091133783452,0.13778091133783452,0.5740323640102319,67
12_2_2,0.20589213354938674,0.31460458211273956,0.10871244856335283,0.10871244856335283,0.17066599436919486,0.24447000676718564,0.07380401239799078,0.1312327663989386,0.1312327663989386,0.5736051647728633,68
4_2_18,0.18182284215617014,0.29579868429330136,0.11397584213713122,0.11397584213713122,0.17839892313140196,0.23568476068688862,0.05728583755548666,0.1325242385924177,0.1325242385924177,0.5715591094958118,69
28_0_26,0.05714888569355986,0.1385684090065409,0.08141952331298105,0.08141952331298105,0.09906352853438842,0.20061706685331757,0.10155353831892915,0.1612429203560633,0.1612429203560633,0.5709077163125991,70
25_1_11,0.2806749453622235,0.3901177281765191,0.10944278281429559,0.10944278281429559,0.1734413078565666,0.24273592502271185,0.06929461716614524,0.13029233979955215,0.13029233979955215,0.5692359230831192,71
21_1_3,0.13116196414186432,0.24063428256970093,0.10947231842783661,0.10947231842783661,0.18930456137078963,0.2691631904790902,0.07985862910830058,0.11940031911134429,0.11940031911134429,0.5658060688394019,72
29_0_4,0.21141142642247931,0.3259521248266823,0.11454069840420297,0.11454069840420297,0.17235270224454544,0.21493637352902412,0.04258367128447868,0.13834854226596538,0.13834854226596538,0.5648131785198631,73
15_2_9,0.14043162944708065,0.23956375453336176,0.09913212508628111,0.09913212508628111,0.14056720617726942,0.21328793955300818,0.07272073337573876,0.14421061322560946,0.14421061322560946,0.5639153009295009,74
8_2_9,0.09627326537501682,0.1846324808437423,0.0883592154687255,0.0883592154687255,0.12366735257790998,0.22411168398786527,0.10044433140995529,0.14301603820956468,0.14301603820956468,0.5632938474112101,75
1_2_19,0.3097638241131931,0.4289673790909784,0.11920355497778529,0.11920355497778529,0.1745439094997207,0.1974522581681714,0.022908348668450706,0.14299496760660754,0.14299496760660754,0.5622754224913332,76
0_1_1,0.12190212871905494,0.22551412626305867,0.10361199754400373,0.10361199754400373,0.1485207415358969,0.20856866465890472,0.06004792312300783,0.14373402731256454,0.14373402731256454,0.5615056294231147,77
20_1_15,0.14679087891211257,0.24026637879610518,0.09347549988399262,0.09347549988399262,0.13096047031542568,0.21455507319973427,0.08359460288430859,0.14471265192300747,0.14471265192300747,0.5610354451296218,78
12_2_19,0.31464558748025895,0.4413565245730974,0.12671093709283843,0.12671093709283843,0.1889831061168509,0.1930639511957078,0.004080845078856893,0.14120895414669557,0.14120895414669557,0.559555928837217,79
1_2_20,0.31299481995928713,0.4343527187983014,0.12135789883901427,0.12135789883901427,0.19653058475701804,0.22856753001047792,0.032036945253459875,0.1293170685320761,0.1293170685320761,0.5592363724773466,80
20_1_2,0.17986292384565852,0.277819192557891,0.09795626871223248,0.09795626871223248,0.14027938650075408,0.21291781084655823,0.07263842434580414,0.14281698368626755,0.14281698368626755,0.5585542898786313,81
12_0_15,0.28532558617519527,0.41037092259821917,0.1250453364230239,0.1250453364230239,0.19669566926399468,0.21280259421064024,0.016106924946645562,0.13362881905813137,0.13362881905813137,0.5577141168420996,82
6_2_0,0.21799996607661926,0.3361982975696863,0.11819833149306702,0.11819833149306702,0.17965286665100846,0.20432008578484195,0.02466721913383349,0.13781467981553164,0.13781467981553164,0.5541065180589563,83
10_1_19,0.14622319592795477,0.23845335765407089,0.09223016172611612,0.09223016172611612,0.13012161047354245,0.20992554455390094,0.07980393408035849,0.1439791218485946,0.1439791218485946,0.5522334726737045,84
17_0_11,0.2973033542030031,0.40184154670497385,0.10453819250197077,0.10453819250197077,0.1454341698319116,0.18797627807802594,0.042542108246114346,0.14900567350830246,0.14900567350830246,0.5518287006011707,85
7_1_26,0.10254807003338123,0.18766584800040975,0.08511777796702852,0.08511777796702852,0.11321373685465733,0.19985756605165053,0.0866438291969932,0.15085792522107816,0.15085792522107816,0.5497557706231279,86
10_0_17,0.27899037716345304,0.3844956913690843,0.10550531420563125,0.10550531420563125,0.1643310814452189,0.22197487694289558,0.057643795497676675,0.1329277199669436,0.1329277199669436,0.5487988166693962,87
19_1_5,0.16294693536507598,0.253011772800067,0.090064837434991,0.090064837434991,0.13755637733709428,0.23385597981844758,0.0962996024813533,0.13237793730217973,0.13237793730217973,0.5483368492479035,88
27_0_19,0.14727059775924956,0.24328268191968777,0.09601208416043822,0.09601208416043822,0.15250106371219657,0.23150975890242817,0.0790086951902316,0.1290080714668685,0.1290080714668685,0.540735427564697,89
23_0_30,0.13394050010474826,0.23542535276132112,0.10148485265657287,0.10148485265657287,0.1481715652009885,0.1974138476127994,0.04924228241181089,0.14179186197799165,0.14179186197799165,0.5406123805293617,90
1_1_19,0.4038696578556958,0.5176334863075794,0.11376382845188365,0.11376382845188365,0.1781148924955008,0.2054193449404264,0.027304452444925603,0.13374982408406913,0.13374982408406913,0.5388981944735061,91
25_2_8,0.25931491075981067,0.371008675698843,0.11169376493903233,0.11169376493903233,0.18791187698291978,0.2322141637714044,0.044302286788484635,0.12405645142027118,0.12405645142027118,0.5385360919622135,92
19_1_0,0.14926635198723012,0.257409421441534,0.10814306945430388,0.10814306945430388,0.16560217475306618,0.2027516455893802,0.03714947083631401,0.13616489531760345,0.13616489531760345,0.5376676915940042,93
27_0_4,0.1795324765030286,0.2791102586592273,0.0995777821561987,0.0995777821561987,0.15863893298097975,0.22490740113277288,0.06626846815179313,0.12947247464333922,0.12947247464333922,0.5370205718672216,94
13_2_20,0.10047202274402452,0.18479717302991086,0.08432515028588634,0.08432515028588634,0.1121002501129858,0.18726269831593093,0.07516244820294513,0.15198601424695596,0.15198601424695596,0.5361875312036812,95
28_0_25,0.04325589416870637,0.10192292023222674,0.05866702606352037,0.05866702606352037,0.06339457487505393,0.18122926285501198,0.11783468797995805,0.1677403548752821,0.1677403548752821,0.5347094347036059,96
9_2_18,0.13366326821987307,0.22350988136857386,0.0898466131487008,0.0898466131487008,0.12781879361094203,0.19847676131106112,0.07065796770011909,0.14340612798562366,0.14340612798562366,0.534431665505009,97
25_1_20,0.15590505031076893,0.24935079287879672,0.09344574256802779,0.09344574256802779,0.13867106626022402,0.20678931829337435,0.06811825203315033,0.13816095960751718,0.13816095960751718,0.5342263060943294,98
13_0_10,0.21909755407152068,0.32410892033047817,0.10501136625895749,0.10501136625895749,0.16578179833222592,0.2132517554608416,0.04746995712861568,0.13168325577690926,0.13168325577690926,0.5341821873490904,99
29_0_8,0.33493828211871024,0.449590175480305,0.11465189336159476,0.11465189336159476,0.18289833597991767,0.2053877600527648,0.022489424072847125,0.1315211251705512,0.1315211251705512,0.5328021735440934,100
0_2_26,0.18983161233845766,0.2970041791513419,0.10717256681288426,0.10717256681288426,0.1686911407118988,0.20813021830429368,0.03943907759239487,0.13246728757374263,0.13246728757374263,0.5322939016110106,101
16_2_10,0.11784688814286502,0.18921712709161326,0.07137023894874824,0.07137023894874824,0.08563758613868014,0.17529551742453497,0.08965793128585484,0.16314811733670728,0.16314811733670728,0.5320348366047314,102
17_2_5,0.31454384230415877,0.4198484321744063,0.10530458987024754,0.10530458987024754,0.151691267916236,0.17691926061813862,0.025227992701902624,0.14503477281614083,0.14503477281614083,0.5288328453440982,103
17_2_21,0.26485439000301997,0.3745135995994302,0.10965920959641023,0.10965920959641023,0.1717734401426247,0.146130796505222,-0.02564264363740268,0.13559109862930802,0.13559109862930802,0.5281303000134852,104
25_2_14,0.31948599704959785,0.4307423690538017,0.11125637200420385,0.11125637200420385,0.19473504145995238,0.23663190174179463,0.04189686028184225,0.11944911451693137,0.11944911451693137,0.5280745902560182,105
12_1_13,0.3128536601547374,0.42314284193730745,0.11028918178257002,0.11028918178257002,0.1792361613546134,0.21159779370280232,0.03236163234818892,0.12874786136472463,0.12874786136472463,0.5277808954008971,106
22_2_9,0.2761097709155156,0.38980345564270846,0.11369368472719288,0.11369368472719288,0.17573783238085736,0.19014135536212057,0.014403522981263212,0.13594363593108055,0.13594363593108055,0.5272630092581725,107
1_1_15,0.16839360243154775,0.25712907320862677,0.08873547077707902,0.08873547077707902,0.15204990741599952,0.25013557156626015,0.09808566415026063,0.11867604394163074,0.11867604394163074,0.5272238744658001,108
2_2_11,0.21339563624258456,0.3193957755853295,0.10600013934274494,0.10600013934274494,0.18747282481472027,0.24330686543107308,0.055834040616352804,0.11767182645205343,0.11767182645205343,0.5265428851636732,109
21_2_7,0.12333064049779184,0.2087021581974446,0.08537151769965275,0.08537151769965275,0.13363525199252674,0.22515503417563232,0.09151978218310558,0.12935912693081797,0.12935912693081797,0.5255221900466037,110
18_2_13,0.2660144628720755,0.38057935661582404,0.11456489374374856,0.11456489374374856,0.18962978181724438,0.20844213088562968,0.018812349068385303,0.12698943330715715,0.12698943330715715,0.5219959093660251,111
22_1_15,0.16991392468780098,0.26938728820960434,0.09947336352180336,0.09947336352180336,0.15447279919357484,0.20225704525401872,0.047784246060443875,0.13365114658322066,0.13365114658322066,0.5218050404768277,112
25_1_17,0.1546036485443986,0.24442631296194803,0.08982266441754944,0.08982266441754944,0.143729582697849,0.2227067844472593,0.07897720174941031,0.12780161857448816,0.12780161857448816,0.5216482850921156,113
10_1_11,0.19594767708777053,0.3019391966808792,0.10599151959310868,0.10599151959310868,0.14760440212852338,0.15451989801392105,0.006915495885397666,0.1508277350149541,0.1508277350149541,0.5183141618141176,114
6_1_19,0.26434813444266786,0.368468109000784,0.10411997455811617,0.10411997455811617,0.16946468665046147,0.20949774731121876,0.04003306066075729,0.12816199206093168,0.12816199206093168,0.5183137154839423,115
13_0_4,0.17998399876219748,0.2729059763708312,0.09292197760863372,0.09292197760863372,0.1605941139747935,0.23982426228982245,0.07923014831502895,0.11891341855032886,0.11891341855032886,0.5180324861383253,116
29_0_11,0.295505713505382,0.41483395117070954,0.11932823766532752,0.11932823766532752,0.196146802624448,0.19478595513725408,-0.0013608474871939225,0.1285238860881843,0.1285238860881843,0.5178404549209246,117
27_2_4,0.1393570808993403,0.2227220675150665,0.08336498661572622,0.08336498661572622,0.11546653148591182,0.18053004469571626,0.06506351320980444,0.14710502109412443,0.14710502109412443,0.5151997090660092,118
12_0_0,0.2274635446582187,0.3205799005784041,0.09311635592018538,0.09311635592018538,0.17491783667311678,0.26263973577454747,0.08772189910143069,0.10946380440224177,0.10946380440224177,0.5147706071243479,119
4_2_1,0.09613319503547871,0.1748869043482793,0.0787537093128006,0.0787537093128006,0.11097199888369252,0.18980571062290186,0.07883371173920933,0.14315540618957323,0.14315540618957323,0.5122109878612666,120
20_1_8,0.35979577344083924,0.47069661353161873,0.1109008400907795,0.1109008400907795,0.1839257907244032,0.20179946615900976,0.01787367543460655,0.12675741063577375,0.12675741063577375,0.5103420575240663,121
25_2_3,0.1703595632824652,0.266149157043651,0.09578959376118579,0.09578959376118579,0.1437131625853428,0.18331264633274008,0.039599483747397274,0.138522904915787,0.138522904915787,0.5091532719745939,122
17_2_19,0.2549187055185087,0.3583891679412098,0.10347046242270108,0.10347046242270108,0.17705686043312766,0.21684729366776354,0.03979043323463588,0.12207582392720871,0.12207582392720871,0.5076022648993648,123
8_2_14,0.08232671699282026,0.15141182678170056,0.0690851097888803,0.0690851097888803,0.10206585585045432,0.2138516999001819,0.11178584404972759,0.13257237415193604,0.13257237415193604,0.5072848807007349,124
29_0_1,0.2273859815119855,0.33239404499614933,0.10500806348416383,0.10500806348416383,0.1837977237266566,0.22255286165561247,0.03875513792895588,0.11947812789669744,0.11947812789669744,0.5070652357616975,125
27_1_14,0.2954024707907751,0.4116865188609731,0.11628404807019804,0.11628404807019804,0.19287321449364853,0.19250784225527504,-0.0003653722383734903,0.12735967922052335,0.12735967922052335,0.5065395213345266,126
8_0_29,0.14463066230442836,0.23754141369525636,0.092910751390828,0.092910751390828,0.14207659823733662,0.19025511660049885,0.048178518363162226,0.13544644022749489,0.13544644022749489,0.5064026265017552,127
12_2_10,0.16996074675858597,0.25468685513975287,0.0847261083811669,0.0847261083811669,0.13753524206304305,0.21754360213729637,0.08000836007425333,0.12573008710203532,0.12573008710203532,0.5055965870382474,128
0_0_4,0.16110950062051932,0.24874818107273308,0.08763868045221376,0.08763868045221376,0.16145470323749028,0.2520056201105253,0.09055091687303501,0.11114156108803577,0.11114156108803577,0.5049868860858755,129
6_0_27,0.08508385321749742,0.17317415131211278,0.08809029809461535,0.08809029809461535,0.14597223968203646,0.218962737090367,0.07299049740833055,0.1238906297941534,0.1238906297941534,0.5045064875713761,130
13_2_2,0.23136534080747215,0.33310602070752804,0.10174067990005589,0.10174067990005589,0.16892830710109555,0.20557249299004535,0.0366441858889498,0.12580761812790928,0.12580761812790928,0.5044922052659018,131
9_1_14,0.15326165348713977,0.25054158155313766,0.09727992806599789,0.09727992806599789,0.16042797478378973,0.20744689619084963,0.047018921407059905,0.1261007386370911,0.1261007386370911,0.5041047270478751,132
21_0_23,0.12639905152653305,0.21042624782083208,0.08402719629429903,0.08402719629429903,0.14340386290789203,0.23175256854327897,0.08834870563538694,0.11939327716024639,0.11939327716024639,0.5040686040260216,133
0_1_4,0.12233062428374825,0.2112510510191929,0.08892042673544465,0.08892042673544465,0.15059101188389593,0.2238537466121414,0.07326273472824549,0.12137075806550453,0.12137075806550453,0.5035714198862656,134
17_2_4,0.2548691248455657,0.3525583053568165,0.0976891805112508,0.0976891805112508,0.16013642891690458,0.20312782197409185,0.04299139305718727,0.1270315394578833,0.1270315394578833,0.5020286874034591,135
0_0_18,0.2918750380450447,0.40495165845211467,0.11307662040706995,0.11307662040706995,0.19914520410737557,0.21307086156206695,0.013925657454691376,0.11964001378847516,0.11964001378847516,0.5019095228051088,136
6_0_8,0.24295269068154035,0.35568403347784466,0.11273134279630431,0.11273134279630431,0.18500139942426147,0.18823094878883218,0.003229549364570705,0.1285823346315267,0.1285823346315267,0.5015449668474035,137
11_0_4,0.14525825283083468,0.2499358448662486,0.10467759203541391,0.10467759203541391,0.17313184254860617,0.1985554750462846,0.025423632497678428,0.12677066979267493,0.12677066979267493,0.5014348542847962,138
13_0_30,0.07475618989671672,0.14491553682363048,0.07015934692691377,0.07015934692691377,0.10233289127523275,0.20251889021553376,0.10018599894030102,0.1355500546704483,0.1355500546704483,0.5014331955137319,139
22_2_17,0.20527176766638117,0.3107551354807089,0.10548336781432771,0.10548336781432771,0.2002380278323633,0.24412518977094008,0.04388716193857678,0.11023166157422791,0.11023166157422791,0.5010902973672378,140
20_2_15,0.20263951114589954,0.3085982153968453,0.10595870425094575,0.10595870425094575,0.18337046311854954,0.2118482777619342,0.02847781464338467,0.1211870914564952,0.1211870914564952,0.5005618059701941,141
6_2_8,0.1642022889012519,0.26670378456333543,0.10250149566208352,0.10250149566208352,0.1581273520860359,0.17559538365765942,0.01746803157162352,0.13600878367874944,0.13600878367874944,0.4994487750503341,142
0_0_5,0.15778224835860016,0.24646321714684669,0.08868096878824652,0.08868096878824652,0.16017995079328937,0.2387188631781638,0.07853891238487443,0.11387052965358588,0.11387052965358588,0.4982288201955541,143
0_2_6,0.11551340041683571,0.20287794188326996,0.08736454146643426,0.08736454146643426,0.1395034050572727,0.20242434429343706,0.06292093923616435,0.12890419407432002,0.12890419407432002,0.498219140477288,144
27_1_6,0.21135461503444883,0.3128847444378097,0.1015301294033609,0.1015301294033609,0.1697495877643123,0.20212731850214238,0.032377730737830096,0.1251343166216657,0.1251343166216657,0.49813866384908256,145
25_1_10,0.22660461946221575,0.32577520398867643,0.09917058452646069,0.09917058452646069,0.16757698691294767,0.20711311027350607,0.039536123360558395,0.12352027687861615,0.12352027687861615,0.4973122161305732,146
26_1_31,0.27718571778616874,0.3907068665710432,0.11352114878487446,0.11352114878487446,0.19776344194932324,0.19198904622168206,-0.005774395727641185,0.12150456415615357,0.12150456415615357,0.49660523706851006,147
18_2_20,0.24307548618203825,0.34072487120755335,0.0976493850255151,0.0976493850255151,0.15739143059897223,0.19203933805737053,0.0346479074583983,0.12951350562333316,0.12951350562333316,0.4960248111865352,148
12_0_22,0.2865175821808939,0.3803601989952272,0.09384261681433331,0.09384261681433331,0.15544154503514437,0.20406315809374376,0.04862161305859938,0.12540987878479662,0.12540987878479662,0.49530176178626006,149
12_1_14,0.32414160723938146,0.4296449990772258,0.10550339183784435,0.10550339183784435,0.19347045290629214,0.22607429736122175,0.032603844454929615,0.11437778002266788,0.11437778002266788,0.49429596524054586,150
24_1_7,0.15333884853015953,0.24955012984198638,0.09621128131182685,0.09621128131182685,0.16752416928639546,0.2147625433946274,0.04723837410823192,0.11960833367196944,0.11960833367196944,0.4921645666633151,151
1_2_17,0.25558549366175876,0.35076419085415933,0.09517869719240057,0.09517869719240057,0.18355020401974123,0.24657306808478455,0.06302286406504332,0.10774093386122727,0.10774093386122727,0.4902632165595163,152
13_1_18,0.38030720819096525,0.48463024134066546,0.1043230331497002,0.1043230331497002,0.19362994601430775,0.226922793933299,0.03329284791899126,0.11300172584346042,0.11300172584346042,0.4898168340001989,153
25_1_28,0.1175701471074761,0.18921549656044662,0.07164534945297052,0.07164534945297052,0.11671847495661115,0.218132652105523,0.10141417714891184,0.12265787187647681,0.12265787187647681,0.4887266977101271,154
27_1_3,0.13126230290402635,0.21479603323083712,0.08353373032681077,0.08353373032681077,0.14214322804215934,0.21657153133435025,0.07442830329219091,0.12050468170939369,0.12050468170939369,0.48856516552517804,155
10_0_30,0.11269521305680236,0.19240724278573157,0.07971202972892921,0.07971202972892921,0.13445131771347674,0.2175324780058005,0.08308116029232376,0.12076738868152521,0.12076738868152521,0.48798398575898627,156
27_1_10,0.12298129288577311,0.2036009982766474,0.08061970539087429,0.08061970539087429,0.1430034919945105,0.23089226397679904,0.08788877198228853,0.1149452903349609,0.1149452903349609,0.4877036821694471,157
23_0_19,0.11931353331360643,0.2166993308038348,0.09738579749022837,0.09738579749022837,0.15457434721103055,0.17835745117185922,0.023783103960828667,0.13195910570693378,0.13195910570693378,0.4864997184181501,158
26_0_12,0.043205464908739,0.09737164100328867,0.05416617609454967,0.05416617609454967,0.07291565408307477,0.19497053699055325,0.12205488290747848,0.1378052474141892,0.1378052474141892,0.4844680617007746,159
25_2_19,0.15384134791796508,0.24286223074452873,0.08902088282656365,0.08902088282656365,0.14871349458931843,0.2004971222012498,0.051783627611931365,0.12410017418798776,0.12410017418798776,0.4835012886235389,160
10_0_24,0.09216497491640528,0.16123266800287034,0.06906769308646506,0.06906769308646506,0.1167927906026894,0.22589450940477213,0.10910171880208272,0.11762244675410856,0.11762244675410856,0.48304104266968034,161
20_0_10,0.11179949057944416,0.18534324325550905,0.07354375267606489,0.07354375267606489,0.11399306995749069,0.19474284279351406,0.08074977283602337,0.13039333932045294,0.13039333932045294,0.48170159089540976,162
27_1_28,0.16502675409411155,0.25374164087589246,0.08871488678178091,0.08871488678178091,0.1497788691080971,0.20198688601103784,0.052208016902940746,0.12281105004964381,0.12281105004964381,0.4812969558746331,163
18_1_9,0.2477696725582744,0.3446306771587476,0.09686100460047323,0.09686100460047323,0.17362093610130858,0.21270148497899583,0.03908054887768725,0.11661413892411955,0.11661413892411955,0.48054795564389985,164
28_0_1,0.065335887246114,0.14036031471591956,0.07502442746980556,0.07502442746980556,0.1267527321665435,0.21291102501263434,0.08615829284609083,0.12004020839943126,0.12004020839943126,0.4772885069839338,165
17_1_25,0.19450897857613955,0.27772023151585273,0.08321125293971318,0.08321125293971318,0.14895398310462085,0.22104674941446806,0.0720927663098472,0.11493421213119737,0.11493421213119737,0.47714068454542363,166
4_1_24,0.19338858636234396,0.30061761266865916,0.1072290263063152,0.1072290263063152,0.18853426914007115,0.1936045484639222,0.00507027932385104,0.12008825269569699,0.12008825269569699,0.47617481333347933,167
2_0_18,0.14206944794607884,0.24161829127406037,0.09954884332798153,0.09954884332798153,0.19706771204375517,0.2382024447804461,0.04113473273669094,0.10581702995917128,0.10581702995917128,0.47510697391166434,168
12_0_7,0.09819065484544996,0.16807535925450162,0.06988470440905166,0.06988470440905166,0.11455204213432364,0.20810517422938657,0.09355313209506293,0.12241225371022704,0.12241225371022704,0.47458255439717467,169
25_0_18,0.22806452863629878,0.32540719645119276,0.09734266781489398,0.09734266781489398,0.17717273387421714,0.21150977464557127,0.03433704077135413,0.11506816133176884,0.11506816133176884,0.4743605167075052,170
29_0_12,0.21306588741054772,0.3083298456160878,0.09526395820554007,0.09526395820554007,0.17537431543290208,0.21665161563811763,0.041277300205215556,0.11351899152767568,0.11351899152767568,0.4741669174644736,171
27_1_21,0.1885161158567733,0.27186391460479997,0.08334779874802667,0.08334779874802667,0.14704404578339347,0.21185874562350954,0.06481469984011606,0.11692411185174346,0.11692411185174346,0.47213537219268376,172
22_1_1,0.20786454697458093,0.2974933901640323,0.08962884318945138,0.08962884318945138,0.16139713318008553,0.21014989621904276,0.04875276303895723,0.1155722948402324,0.1155722948402324,0.4697123965258699,173
1_1_11,0.1958870307322254,0.28068896603182647,0.08480193529960106,0.08480193529960106,0.14110077158500547,0.1903539866370872,0.04925321505208172,0.12458273787229254,0.12458273787229254,0.4695098239558013,174
9_2_13,0.2464859940229421,0.3518380867387645,0.10535209271582238,0.10535209271582238,0.20161615965094207,0.21743913488657265,0.015822975235630587,0.1101745714348092,0.1101745714348092,0.4690009004277603,175
5_0_13,0.2538969196456289,0.3526644139821653,0.09876749433653642,0.09876749433653642,0.18363575699390236,0.21184734367976044,0.028211586685858075,0.11292012272163168,0.11292012272163168,0.4684053367770976,176
26_1_23,0.14147800950796596,0.23054863999388314,0.08907063048591718,0.08907063048591718,0.15470604298494542,0.198210758021402,0.04350471503645659,0.1199069137157721,0.1199069137157721,0.46836911571814727,177
22_2_15,0.17944032559893885,0.27661575063686866,0.09717542503792981,0.09717542503792981,0.18350201376357206,0.21745665365318065,0.03395463988960859,0.11101394940908148,0.11101394940908148,0.4677200578673452,178
4_0_21,0.20734543872988864,0.28883637407246604,0.0814909353425774,0.0814909353425774,0.12373771013231262,0.16412823251052913,0.04039052237821651,0.136491501617155,0.136491501617155,0.46710254358929837,179
29_0_25,0.30911101820446624,0.41451817728048185,0.10540715907601561,0.10540715907601561,0.2002976798550234,0.21276351003942742,0.012465830184404031,0.11103830553342893,0.11103830553342893,0.46659325131393636,180
9_0_25,0.1548568776683573,0.07081876555429456,-0.08403811211406273,0.08403811211406273,0.21210097707681294,0.11458739717373931,-0.09751357990307363,-0.08552318035349843,0.08552318035349843,0.4664725665909967,181
15_1_20,0.13783054744289625,0.21829273381761521,0.08046218637471897,0.08046218637471897,0.13984805075067103,0.20377053749348323,0.0639224867428122,0.11853460083220606,0.11853460083220606,0.4653241304041751,182
19_2_19,0.223929970110925,0.323111489501098,0.09918151939017303,0.09918151939017303,0.1617600999263268,0.1583263322028729,-0.003433767723453912,0.129601939605997,0.129601939605997,0.4652511129295748,183
7_2_8,0.22060017451810165,0.3105138404916075,0.08991366597350586,0.08991366597350586,0.15803174687341157,0.19755266186587286,0.0395209149924613,0.11872777864828857,0.11872777864828857,0.46457024359803334,184
3_2_30,0.0671500570070984,0.12446627893461723,0.057316221927518826,0.057316221927518826,0.08770019167140485,0.1979588169056313,0.11025862523422646,0.12629804644941864,0.12629804644941864,0.4637011932521671,185
4_0_30,0.16838628941606004,0.2627328844353698,0.09434659501930975,0.09434659501930975,0.1433889590428311,0.1417157358935353,-0.0016732231492957994,0.13884155140183674,0.13884155140183674,0.4628014363546844,186
21_2_14,0.11602545329772189,0.19819667472784858,0.08217122143012669,0.08217122143012669,0.1539575350633489,0.22063081996352535,0.06667328490017646,0.11023733870468944,0.11023733870468944,0.46146558344616523,187
22_2_6,0.10503518596614204,0.17334621537825232,0.06831102941211027,0.06831102941211027,0.11499897475014047,0.20396753482123064,0.08896856007109018,0.11962882833913967,0.11962882833913967,0.461062856396525,188
0_0_19,0.17803750679864397,0.25801136434873034,0.07997385755008637,0.07997385755008637,0.15568863395081614,0.23220377524378535,0.07651514129296921,0.10573999481117712,0.10573999481117712,0.4600363191536565,189
29_1_14,0.3655006142892756,0.4777058031482618,0.11220518885898617,0.11220518885898617,0.2459328920350772,0.23969788950658477,-0.006235002528492434,0.09682001402849529,0.09682001402849529,0.4584842024820987,190
8_0_19,0.2860765467886818,0.3834815591044526,0.09740501231577081,0.09740501231577081,0.1684353662049337,0.1797654814831306,0.011330115278196884,0.1218325230554012,0.1218325230554012,0.4581744824051267,191
27_2_22,0.20829387593101234,0.2934659670825294,0.08517209115151708,0.08517209115151708,0.14251992225141583,0.18090147570035367,0.038381553448937844,0.12447931635228916,0.12447931635228916,0.4581434347670553,192
27_1_18,0.18825629378080586,0.27804998946051473,0.08979369567970888,0.08979369567970888,0.16734693193471056,0.20922366440456117,0.0418767324698506,0.11205571197076382,0.11205571197076382,0.45744258842676633,193
24_1_29,0.1152006915108704,0.18894086533243776,0.07374017382156736,0.07374017382156736,0.13259966076686525,0.2119366083098392,0.07933694754297396,0.11353558288643209,0.11353558288643209,0.45678880829548485,194
10_2_7,0.0888387179064946,0.150405417212274,0.06156669930577939,0.06156669930577939,0.08088302335695662,0.1394200792771619,0.05853705592020529,0.15316063807170927,0.15316063807170927,0.45533537448267253,195
1_1_20,0.3039012494789606,0.4032044075562398,0.09930315807727924,0.09930315807727924,0.18982104102380357,0.20755553799031004,0.017734496966506474,0.11021669244070251,0.11021669244070251,0.4542660042514241,196
0_2_11,0.13970918161689683,0.05831670931997655,-0.08139247229692029,0.08139247229692029,0.17894948905381516,0.10184948745510049,-0.07710000159871468,-0.09798516194069132,0.09798516194069132,0.45369009152800793,197
6_1_29,0.15557983464654476,0.23696872330496258,0.08138888865841781,0.08138888865841781,0.14291332490390202,0.19465623138872837,0.05174290648482635,0.11805185966062254,0.11805185966062254,0.45350552387741805,198
13_1_12,0.09489789924606297,0.16390802648325747,0.0690101272371945,0.0690101272371945,0.10593432035864063,0.16956080744839733,0.0636264870897567,0.13265917800451693,0.13265917800451693,0.4529008540930216,199
17_2_18,0.16895569336187533,0.24481355761708862,0.07585786425521329,0.07585786425521329,0.14483355912749157,0.2229384582043738,0.07810489907688223,0.10744556681859006,0.10744556681859006,0.45271034934368515,200
0_0_31,0.15270948622131927,0.24458245364953002,0.09187296742821074,0.09187296742821074,0.202835948021725,0.2564910583542074,0.05365511033248238,0.0946837850226528,0.0946837850226528,0.45194997100142076,201
23_0_16,0.17174023399896385,0.24506977416151093,0.07332954016254709,0.07332954016254709,0.11695301287973525,0.17376039535182192,0.056807382472086665,0.12876375944287596,0.12876375944287596,0.45180025911788657,202
15_2_19,0.250268919116049,0.3536119766528623,0.10334305753681333,0.10334305753681333,0.1919593583142261,0.1927237690878625,0.0007644107736364258,0.11388083657689707,0.11388083657689707,0.4516417664712347,203
25_1_12,0.2345503834313442,0.31997700394931955,0.08542662051797534,0.08542662051797534,0.17430727437478535,0.23388781670921666,0.0595805423344313,0.10190219722135355,0.10190219722135355,0.45078844209785546,204
15_1_21,0.2181087503520972,0.30119395323407583,0.08308520288197863,0.08308520288197863,0.13760514694416742,0.17286409693435087,0.03525894999018345,0.12584075266065406,0.12584075266065406,0.4507030030086308,205
29_0_5,0.17520847981897814,0.26055700695547823,0.0853485271365001,0.0853485271365001,0.1425439238017196,0.17257487691295695,0.030030953111237352,0.12512755606676287,0.12512755606676287,0.45014091204329826,206
22_1_17,0.18518994332728977,0.2740997386640659,0.08890979533677612,0.08890979533677612,0.163250641037238,0.19830360217696333,0.035052961139725336,0.11394369130267422,0.11394369130267422,0.4499457662801188,207
27_0_6,0.10277968863382096,0.1735180745199282,0.07073838588610724,0.07073838588610724,0.12566035255813449,0.20474042876310763,0.07908007620497315,0.11465939000792723,0.11465939000792723,0.4496792090954576,208
22_2_8,0.21558682843849794,0.30638124756070895,0.090794419122211,0.090794419122211,0.155072903434488,0.1734710546892028,0.01839815125471478,0.12300551960843079,0.12300551960843079,0.44928073354616926,209
28_1_27,0.06475703173781336,0.12329169428685283,0.05853466254903947,0.05853466254903947,0.10889136003036244,0.22881412836541418,0.11992276833505174,0.1055743537062296,0.1055743537062296,0.4486667304416443,210
15_2_28,0.05935529060050695,0.12009179472264819,0.060736504122141245,0.060736504122141245,0.11462341077902857,0.22951790489218596,0.11489449411315739,0.10495073764672427,0.10495073764672427,0.4482843794055531,211
18_2_11,0.2955289071030775,0.393095692767914,0.09756678566483651,0.09756678566483651,0.1862850777945593,0.20214450120144942,0.015859423406890116,0.1103899024362058,0.1103899024362058,0.4475317580184644,212
4_1_27,0.1140327008051021,0.18649609469788883,0.07246339389278673,0.07246339389278673,0.13674353921128174,0.2174061962948611,0.08066265708357936,0.10831678642827904,0.10831678642827904,0.4473160869508469,213
12_1_11,0.3391954780331223,0.44084939865989636,0.10165392062677409,0.10165392062677409,0.19251442816684622,0.19585491365642824,0.003340485489582018,0.11165311112685751,0.11165311112685751,0.4466586016662416,214
15_0_18,0.3878194244986417,0.48944678627785143,0.10162736177920972,0.10162736177920972,0.19737382106734092,0.1908763643319917,-0.006497456735349211,0.1091651809344327,0.1091651809344327,0.4466206133291082,215
7_0_19,0.10898384583638725,0.1857692208372323,0.07678537500084505,0.07678537500084505,0.1343578969832475,0.19106989482690181,0.05671199784365433,0.11801659513733917,0.11801659513733917,0.4461584817867159,216
29_0_9,0.17646114429224294,0.2646887105440353,0.08822756625179237,0.08822756625179237,0.16477712708931141,0.19937765811100203,0.03460053102169061,0.11207581826381394,0.11207581826381394,0.4448791335491425,217
13_2_10,0.22967171412214304,0.32223332589679604,0.092561611774653,0.092561611774653,0.18054307989592008,0.20947862229746367,0.028935542401543585,0.10766218310465477,0.10766218310465477,0.4443869522303693,218
6_0_19,0.14344533598224815,0.22155532813068146,0.07810999214843331,0.07810999214843331,0.12895004985190667,0.17048576230749218,0.041535712455585516,0.1257533921202492,0.1257533921202492,0.4437149866925578,219
27_1_13,0.27362609338168986,0.36416382481038767,0.09053773142869781,0.09053773142869781,0.1495822635411133,0.15747757084141142,0.007895307300298138,0.12751690074786137,0.12751690074786137,0.4431081735041784,220
4_1_5,0.13493629818610361,0.21357582890535914,0.07863953071925553,0.07863953071925553,0.1481585709862198,0.2075027976892905,0.05934422670307071,0.1098629682681809,0.1098629682681809,0.4427762813579301,221
4_1_16,0.15652968632202163,0.24571978117378537,0.08919009485176374,0.08919009485176374,0.1625012203567874,0.18892883445843048,0.02642761410164307,0.11514648304874028,0.11514648304874028,0.44270975417479463,222
19_2_10,0.1844166714697977,0.26803378148133156,0.08361711001153385,0.08361711001153385,0.16303691800190218,0.21354312849051552,0.05050621048861334,0.10679197069375446,0.10679197069375446,0.44241109101710563,223
17_2_27,0.12477798584050002,0.21172897022958695,0.08695098438908692,0.08695098438908692,0.15107188305335095,0.17574229959993065,0.0246704165465797,0.12066438519622324,0.12066438519622324,0.4422676811884013,224
25_1_1,0.21088436425467832,0.2975219151460856,0.08663755089140729,0.08663755089140729,0.16920142646064473,0.21100490557469098,0.04180347911404625,0.10701158472413054,0.10701158472413054,0.44137379585362635,225
13_0_16,0.06822383905279394,0.12648256703122193,0.05825872797842799,0.05825872797842799,0.0921233508014732,0.18051923000929648,0.08839587920782328,0.12540172326250448,0.12540172326250448,0.44042404757895626,226
16_1_11,0.23415884420686692,0.3239836174504323,0.08982477324356539,0.08982477324356539,0.16448538537588267,0.14326073500601608,-0.021224650369866593,0.11617816097878395,0.11617816097878395,0.4400829848729941,227
20_2_18,0.10110576569823186,0.15963003067341736,0.058524264975185494,0.058524264975185494,0.11196196398002738,0.22622499560505618,0.11426303162502881,0.10339155859666031,0.10339155859666031,0.4391657758958449,228
25_2_12,0.23232759653536686,0.3243141159770335,0.09198651944166666,0.09198651944166666,0.1695550755905659,0.18704846183648596,0.017493386245920062,0.114189665224636,0.114189665224636,0.4391179388836137,229
8_1_12,0.09965710743876655,0.1763731317344708,0.07671602429570426,0.07671602429570426,0.12417826734562473,0.16148783040055928,0.03730956305493455,0.12837948282557737,0.12837948282557737,0.43876272731201565,230
3_2_14,0.1217850109267683,0.1883673098042819,0.0665822988775136,0.0665822988775136,0.11500291263973858,0.19071516887977383,0.07571225624003525,0.11763525584827264,0.11763525584827264,0.43845023124007876,231
13_2_13,0.24822690877122444,0.33528155844486685,0.0870546496736424,0.0870546496736424,0.17299031056425287,0.21330243644254815,0.040312125878295274,0.10527630163623207,0.10527630163623207,0.4384040007315676,232
18_0_19,0.23127666926131007,0.31883759440166776,0.08756092514035768,0.08756092514035768,0.16309428097257134,0.192766886975176,0.029672606002604657,0.11254668052867042,0.11254668052867042,0.43812193277884814,233
20_0_26,0.18324735341380535,0.26573479376395015,0.0824874403501448,0.0824874403501448,0.13787894748137108,0.16415619906596263,0.026277251584591543,0.12516478859628583,0.12516478859628583,0.4379445296472745,234
15_0_19,0.26133189081777775,0.34905539350708176,0.08772350268930401,0.08772350268930401,0.1498078240578545,0.16524780668796646,0.015439982630111954,0.12312053460198796,0.12312053460198796,0.4375034443553563,235
4_2_4,0.18134615948799926,0.27292535086898073,0.09157919138098147,0.09157919138098147,0.15619871667105792,0.16127566787379338,0.0050769512027354635,0.1237041800217195,0.1237041800217195,0.4374501617162967,236
9_2_10,0.162086010024158,0.2385411258009181,0.07645511577676009,0.07645511577676009,0.12101049673723806,0.15231683466930138,0.03130633793206332,0.13156126793228043,0.13156126793228043,0.43576870939161044,237
29_0_10,0.1164857798828442,0.19083742905575735,0.07435164917291315,0.07435164917291315,0.13616368156226258,0.19547619867541455,0.05931251711315197,0.11273152782818106,0.11273152782818106,0.43478732679157817,238
9_0_22,0.3448663879763162,0.44123997494969264,0.09637358697337645,0.09637358697337645,0.2045434983081785,0.2258936156988542,0.021350117390675688,0.09932433891984768,0.09932433891984768,0.4347100905741077,239
29_1_30,0.17292046500032918,0.26222812342149127,0.08930765842116209,0.08930765842116209,0.1668668175109823,0.1887784933379638,0.021911675826981475,0.11250544194427912,0.11250544194427912,0.4342080551171692,240
12_2_15,0.1755456213579322,0.25642423028726957,0.08087860892933738,0.08087860892933738,0.15703287383220987,0.2064806542730396,0.04944778044082973,0.10720600542184558,0.10720600542184558,0.43413050988295043,241
25_2_18,0.2193143446615147,0.30154028501534236,0.08222594035382766,0.08222594035382766,0.15201448272956417,0.18997845966286991,0.03796397693330575,0.11295305137118179,0.11295305137118179,0.4330962640519074,242
8_1_22,0.22337348504295634,0.30668795036313756,0.08331446532018122,0.08331446532018122,0.1524105315671174,0.18402083281865098,0.03161030125153358,0.11440814047390911,0.11440814047390911,0.4310433974709095,243
4_2_21,0.17522250179935078,0.2497004884814667,0.07447798668211592,0.07447798668211592,0.13673971810383256,0.19183324773035554,0.055093529626522975,0.1126851961972071,0.1126851961972071,0.43031907193541385,244
8_1_23,0.279785340109184,0.3733379439620858,0.09355260385290182,0.09355260385290182,0.17456540042735805,0.18128401625105864,0.006718615823700591,0.11318370579847623,0.11318370579847623,0.42993391143044973,245
24_1_1,0.12494383299303458,0.19898961837223073,0.07404578537919615,0.07404578537919615,0.17320494355489913,0.25942784241051825,0.08622289885561912,0.08811542625664376,0.08811542625664376,0.4294141552393182,246
12_0_21,0.20000046940316119,0.28283540999120377,0.08283494058804258,0.08283494058804258,0.14904880972393905,0.17782719619328077,0.02877838646934172,0.11638164777476064,0.11638164777476064,0.4293013613817025,247
20_2_3,0.26895243692264237,0.3641328002544849,0.09518036333184254,0.09518036333184254,0.18512664478742216,0.1928662551993844,0.00773961041196225,0.10862154379668888,0.10862154379668888,0.42918620955045544,248
10_0_19,0.056874695950934015,0.10587967938594281,0.049004983435008795,0.049004983435008795,0.0762100780115359,0.18042773878925453,0.10421766077771863,0.1230710606805096,0.1230710606805096,0.4290321572523029,249
25_1_8,0.22523806277531322,0.3154920279511017,0.09025396517578849,0.09025396517578849,0.1652020289805201,0.17646201490989977,0.011259985929379657,0.11518438463991307,0.11518438463991307,0.4286438786832095,250
12_0_18,0.300965412576796,0.389391324178081,0.08842591160128499,0.08842591160128499,0.15852159334273283,0.1703835438885282,0.011861950545795363,0.11753484497637004,0.11753484497637004,0.42752839709131985,251
17_0_12,0.36359025669505607,0.45287578763139835,0.08928553093634228,0.08928553093634228,0.16860455559222925,0.18541624021562522,0.016811684623395967,0.1115156939604518,0.1115156939604518,0.4269946466727525,252
8_1_27,0.1858915424075549,0.28313584233630107,0.09724429992874617,0.09724429992874617,0.20008862656500562,0.19288404976225715,-0.007204576802748469,0.10312130959189166,0.10312130959189166,0.42657809159530025,253
4_0_6,0.18765789516409548,0.2600221238401067,0.07236422867601122,0.07236422867601122,0.12328250612042782,0.16910074123536015,0.045818235114932326,0.12155078900508531,0.12155078900508531,0.4264923104052778,254
16_0_20,0.3056901212811791,0.3944606356960303,0.08877051441485118,0.08877051441485118,0.15028730431596274,0.15097019286635088,0.0006828885503881443,0.12477870156922512,0.12477870156922512,0.4261474506087186,255
5_1_13,0.20998240662515016,0.2942592807269497,0.08427687410179951,0.08427687410179951,0.17176582671863602,0.21008557884647425,0.038319752127838225,0.10272941463041786,0.10272941463041786,0.42476778786025654,256
29_1_6,0.2579130183479173,0.33913309099082684,0.08122007264290954,0.08122007264290954,0.1478145984417606,0.17773507735775304,0.02992047891599245,0.11502388058354134,0.11502388058354134,0.4241414207023624,257
3_2_19,0.309828401305783,0.40195850437332165,0.09213010306753866,0.09213010306753866,0.18713562767568478,0.17198426554663918,-0.015151362129045609,0.10465546014710364,0.10465546014710364,0.4233795076841398,258
26_1_15,0.14316125599641624,0.21033665935919293,0.06717540336277669,0.06717540336277669,0.1364957403882058,0.2184166201070228,0.08192087971881701,0.10060341969783204,0.10060341969783204,0.4229952311248806,259
22_1_13,0.1432526299724531,0.21883931922917693,0.07558668925672382,0.07558668925672382,0.18761759530242586,0.26975355968025716,0.0821359643778313,0.08340411203340009,0.08340411203340009,0.4224529906125698,260
6_2_3,0.017499873402985575,0.04989628274292287,0.032396409339937295,0.032396409339937295,0.03667941563759463,0.1584280891464951,0.12174867350890045,0.13732109395885475,0.13732109395885475,0.4224364031953199,261
27_0_13,0.11824520887153421,0.18542090727891264,0.06717569840737843,0.06717569840737843,0.1470407549304619,0.2370651170432278,0.0900243621127659,0.09337498399369325,0.09337498399369325,0.4218969141808183,262
28_0_10,0.08349895745634126,0.15220849424276223,0.06870953678642097,0.06870953678642097,0.11719340536554004,0.16734614284170293,0.05015273747616289,0.12098209223714955,0.12098209223714955,0.42033316088504635,263
1_2_24,0.10623723940209855,0.17823734064112548,0.07200010123902693,0.07200010123902693,0.13066670076230516,0.1808807894755707,0.05021408871326555,0.11411531995605005,0.11411531995605005,0.41989956018620245,264
25_0_4,0.1103167163333982,0.17471981893000105,0.06440310259660285,0.06440310259660285,0.14566708873482784,0.2446700969783306,0.09900300824350275,0.08995326603235965,0.08995326603235965,0.41940564690524207,265
20_2_19,0.19273125850257208,0.27269494769542674,0.07996368919285465,0.07996368919285465,0.17169749939924275,0.2226273999914017,0.05092990059215893,0.09714781981084102,0.09714781981084102,0.41899560507033645,266
28_0_30,0.34940196790935035,0.4422543588265554,0.09285239091720504,0.09285239091720504,0.19579117728956166,0.21042244881266745,0.014631271523105782,0.10011768659340571,0.10011768659340571,0.41839164275699786,267
14_0_14,0.21507121435070697,0.29426305896472804,0.07919184461402107,0.07919184461402107,0.13061387065789481,0.14436157283364637,0.013747702175751553,0.12739560380280965,0.12739560380280965,0.417742438854242,268
0_1_15,0.17070833766399227,0.25550128708877085,0.08479294942477858,0.08479294942477858,0.14639654205441152,0.15181858926323147,0.005422047208819947,0.12220210933754269,0.12220210933754269,0.41669666157193,269
0_2_22,0.29315550906521115,0.37886448733169126,0.08570897826648011,0.08570897826648011,0.18320455615730008,0.21632178695380935,0.03311723079650927,0.09822947965235392,0.09822947965235392,0.41654330760879565,270
28_1_11,0.052006427994014726,0.1121599653683509,0.06015353737433618,0.06015353737433618,0.09909700420002593,0.1634520216516718,0.06435501745164587,0.12332983964572704,0.12332983964572704,0.41569507236496894,271
28_0_2,0.06240755398314803,0.13022532989082106,0.06781777590767302,0.06781777590767302,0.11182055944598737,0.15444165180530978,0.042621092359322404,0.1254541701044617,0.1254541701044617,0.4156752663356149,272
19_2_22,0.15376331966102227,0.2251350496720863,0.07137173001106403,0.07137173001106403,0.14873988322480924,0.2155480676031793,0.06680818437837005,0.09912046691087721,0.09912046691087721,0.41561521369631044,273
23_2_30,0.08495759679717892,0.14707002058494165,0.06211242378776273,0.06211242378776273,0.11877619116456013,0.1984437936736694,0.07966760250910927,0.10629234301616297,0.10629234301616297,0.4143232818099807,274
10_1_2,0.07810007102973654,0.1302605683196239,0.052160497289887364,0.052160497289887364,0.08385839110509852,0.16601481139731822,0.0821564202922197,0.12317068913110117,0.12317068913110117,0.41314252107624666,275
11_0_28,0.179858596060784,0.26266309225955486,0.08280449619877087,0.08280449619877087,0.16502151310018454,0.19206108272871297,0.027039569628528437,0.10537767717754011,0.10537767717754011,0.4116742054977448,276
15_2_24,0.09615379641744931,0.15988903143630467,0.06373523501885536,0.06373523501885536,0.12401302980925016,0.19822525421309878,0.07421222440384861,0.10502391201870331,0.10502391201870331,0.4109238535716506,277
6_2_6,0.1023168146507175,0.1734252034996237,0.0711083888489062,0.0711083888489062,0.1260437356599114,0.16648774832962,0.040444012669708596,0.11725249103921669,0.11725249103921669,0.41082789757417204,278
9_2_2,0.23173172579850818,0.31163056810902723,0.07989884231051905,0.07989884231051905,0.19757050603196827,0.25734023602731704,0.05976972999534877,0.08442574545310275,0.08442574545310275,0.4107660436832769,279
17_0_10,0.16836842869939606,0.2414661190762907,0.07309769037689465,0.07309769037689465,0.14767798854587577,0.2010813781384567,0.053403389592580924,0.10278303579207652,0.10278303579207652,0.41052453249649384,280
17_1_27,0.13041689464794842,0.20520853090359187,0.07479163625564345,0.07479163625564345,0.16796793511563257,0.2299157654785853,0.06194783036295273,0.09251348165645247,0.09251348165645247,0.4103629624222068,281
2_0_15,0.1247494588742894,0.19353490608895146,0.06878544721466207,0.06878544721466207,0.1769814667386021,0.26924526888848205,0.09226380214987995,0.0800361031772412,0.0800361031772412,0.4100447859706865,282
29_0_22,0.14601227144421886,0.21791505298533753,0.07190278154111868,0.07190278154111868,0.126008149145254,0.16177207318421513,0.03576392403896114,0.11883737039274753,0.11883737039274753,0.4100214968925816,283
6_1_31,0.12630079366388047,0.19621459714516157,0.0699138034812811,0.0699138034812811,0.1701055456695961,0.25347768571371854,0.08337214004412244,0.08478261259867279,0.08478261259867279,0.4099026954981031,284
7_1_20,0.19184219446510373,0.2688036550150048,0.07696146054990108,0.07696146054990108,0.153212129634642,0.19374537549756016,0.04053324586291815,0.10489747344023728,0.10489747344023728,0.40983484949138616,285
4_1_2,0.16390911509337724,0.23620314616086344,0.07229403106748619,0.07229403106748619,0.15035858546845612,0.20851384698089256,0.05815526151243644,0.09971446873576856,0.09971446873576856,0.40928502222011176,286
20_2_13,0.3084811396024085,0.37754107618882116,0.06905993658641263,0.06905993658641263,0.15653298677560412,0.2332259180760443,0.07669293130044016,0.09095992513432291,0.09095992513432291,0.40872663822193145,287
25_1_7,0.12572213731639403,0.19849856490545723,0.07277642758906319,0.07277642758906319,0.13143525327030772,0.16800980121614076,0.036574547945833036,0.11539974591671799,0.11539974591671799,0.4085158458094157,288
18_0_14,0.3117325824352819,0.39915175577211814,0.08741917333683624,0.08741917333683624,0.17301075129434185,0.183738333217268,0.010727581922926166,0.10666611014805992,0.10666611014805992,0.40803854792158645,289
13_0_14,0.04627790670818306,0.09022777069916012,0.043949863990977056,0.043949863990977056,0.07378835008605729,0.18460420682445583,0.11081585673839854,0.11270923637172861,0.11270923637172861,0.40763416134160085,290
10_2_18,0.1770260091505587,0.24743442621890357,0.07040841706834489,0.07040841706834489,0.1238365460000748,0.1618591735788733,0.03802262757879851,0.11825234284391968,0.11825234284391968,0.4075523171625294,291
10_2_25,0.080910177070884,0.14775615464970024,0.06684597757881623,0.06684597757881623,0.11711842761528674,0.16422153916888685,0.04710311155360011,0.11801391094145952,0.11801391094145952,0.407470130743153,292
19_0_1,0.01924150042030652,0.047725693613652795,0.028484193193346274,0.028484193193346274,0.0323798482723207,0.16226320105245806,0.12988335278013735,0.12678474764860237,0.12678474764860237,0.4057261006243772,293
4_1_8,0.1422457733272239,0.2163326798513568,0.07408690652413288,0.07408690652413288,0.16722250484627524,0.2272677488851421,0.06004524403886685,0.09210966226979875,0.09210966226979875,0.40567139031895727,294
8_1_3,0.16973181654193836,0.2601463965376437,0.09041457999570535,0.09041457999570535,0.1886128466528228,0.19623637798163054,0.007623531328807748,0.10136062576319663,0.10136062576319663,0.4054198415137911,295
22_2_14,0.29905172749395637,0.39201754651444565,0.09296581902048928,0.09296581902048928,0.2228753842162849,0.2396088124511094,0.016733428234824516,0.08815717460843789,0.08815717460843789,0.40414365533104313,296
26_2_22,0.08060114330836411,0.13475647735809346,0.054155334049729345,0.054155334049729345,0.09468102826383958,0.1745477227716123,0.07986669450777271,0.11463468506844401,0.11463468506844401,0.4040638689309706,297
27_1_2,0.07897685176042145,0.13294180269996342,0.05396495093954197,0.05396495093954197,0.10168887744582236,0.19153641456495024,0.08984753711912788,0.10612296124850641,0.10612296124850641,0.40273075312402085,298
15_0_12,0.20464936101583628,0.27083167313192735,0.06618231211609107,0.06618231211609107,0.12620481409989415,0.18304636235633642,0.056841548256442276,0.10821355825626768,0.10821355825626768,0.4027128597730997,299
12_1_19,0.17309643324123566,0.24416515590755727,0.07106872266632161,0.07106872266632161,0.1547878945269423,0.21542460391323742,0.06063670938629512,0.09523147778948088,0.09523147778948088,0.40230144357225583,300
17_2_13,0.27820864769486314,0.3567688765263718,0.07856022883150865,0.07856022883150865,0.16413548384785892,0.19964166699347383,0.035506183145614906,0.10027659480132829,0.10027659480132829,0.40210394236731695,301
5_0_11,0.3071969486829667,0.38751521938881356,0.08031827070584685,0.08031827070584685,0.17963557021358056,0.21856752893065629,0.03893195871707572,0.09373238920902774,0.09373238920902774,0.40162601230932304,302
12_1_16,0.12969021770577527,0.19951439938364454,0.06982418167786927,0.06982418167786927,0.17557260395700247,0.2546290653671321,0.07905646141012962,0.08227180896062498,0.08227180896062498,0.40123063907564344,303
11_0_13,0.18278977065986496,0.25656720878389844,0.07377743812403348,0.07377743812403348,0.1471932306781193,0.18836366660256998,0.04117043592445069,0.10457987555971157,0.10457987555971157,0.4011816091745385,304
2_2_20,0.2298187042630985,0.31548645544277415,0.08566775117967565,0.08566775117967565,0.1896499621236588,0.2128320752106902,0.023182113087031386,0.09517401830817157,0.09517401830817157,0.40090004581756955,305
13_0_5,0.06597811834908987,0.12517014768253876,0.05919202933344889,0.05919202933344889,0.10051481862832369,0.1577975588229293,0.05728274019460562,0.12037053702350389,0.12037053702350389,0.4008369420700487,306
29_1_22,0.24377099423022197,0.3301357533340595,0.08636475910383751,0.08636475910383751,0.1723774443578801,0.16503412016725189,-0.00734332419062822,0.10630359514981702,0.10630359514981702,0.40075511722505786,307
24_0_18,0.28536695820565966,0.3806987461201262,0.09533178791446656,0.09533178791446656,0.21632928748038657,0.21551810923707904,-0.0008111782433075365,0.09345246934049904,0.09345246934049904,0.4003199662568989,308
22_2_7,0.15709227035040002,0.23830177958917004,0.08120950923877002,0.08120950923877002,0.1535913945019624,0.16600326137785973,0.01241186687589732,0.11145245960092501,0.11145245960092501,0.39931482361777193,309
17_0_5,0.16645953896027393,0.24478580289421586,0.07832626393394193,0.07832626393394193,0.1391127966326705,0.14910189238349913,0.009989095750828625,0.11863834404672056,0.11863834404672056,0.39867926561279404,310
7_0_5,0.1407818805645082,0.22674189131854425,0.08596001075403606,0.08596001075403606,0.19541199790470812,0.21866791114890147,0.02325591324419335,0.09272010774951009,0.09272010774951009,0.398327493646364,311
13_0_13,0.049410350174132554,0.08741913276278385,0.03800878258865129,0.03800878258865129,0.05505996047372045,0.1551325847935745,0.10007262431985406,0.12643094188990336,0.12643094188990336,0.39830404991892804,312
22_0_9,0.14419719335911976,0.2069810072862742,0.06278381392715443,0.06278381392715443,0.13489561709692735,0.2120543060856085,0.07715868898868114,0.09538016689055268,0.09538016689055268,0.3979244711714048,313
23_1_10,0.12123369188124096,0.18983262825702682,0.06859893637578586,0.06859893637578586,0.14558591113049232,0.2053079492955275,0.059722038165035185,0.09759448446358324,0.09759448446358324,0.39769561640802875,314
4_0_20,0.21576888563574875,0.2898239868134343,0.07405510117768555,0.07405510117768555,0.15129102431074892,0.1915950551247097,0.04030403081396078,0.1022352842010283,0.1022352842010283,0.397662924417165,315
13_2_21,0.0927604269122682,0.15179595651643812,0.059035529604169926,0.059035529604169926,0.1162423626208741,0.19156811857352812,0.07532575595265402,0.10343168526077655,0.10343168526077655,0.3967557254074639,316
23_1_18,0.16247833413558743,0.24078021305718122,0.07830187892159379,0.07830187892159379,0.16589669042000815,0.198797624020169,0.03290093360016086,0.09899869897754833,0.09899869897754833,0.3966332786319311,317
17_2_29,0.24323141227562547,0.3161930365698592,0.07296162429423372,0.07296162429423372,0.16657090060157834,0.22194713119213352,0.05537623059055519,0.09122269196860452,0.09122269196860452,0.39599827505750385,318
4_1_0,0.16008270299588237,0.23606559760385415,0.07598289460797178,0.07598289460797178,0.17879956246709874,0.22963473088781305,0.05083516842071431,0.08877953957573508,0.08877953957573508,0.39588490852731,319
15_0_7,0.13790913374459907,0.07096929880838602,-0.06693983493621304,0.06693983493621304,0.17082303096126863,0.09251834530264416,-0.07830468565862447,-0.08458776808255701,0.08458776808255701,0.39558021220086365,320
29_1_13,0.3790130331919373,0.46982669685206024,0.09081366366012295,0.09081366366012295,0.21740244256255667,0.20403133757802133,-0.013371104984535337,0.0888581917696147,0.0888581917696147,0.3953149270752708,321
7_0_3,0.14427083335728247,0.20866593519957988,0.06439510184229741,0.06439510184229741,0.11168415051664812,0.1520133643828869,0.04032921386623878,0.11950649787815018,0.11950649787815018,0.39507886129410796,322
4_2_13,0.248864646121198,0.33524290084634,0.08637825472514202,0.08637825472514202,0.20041087552774833,0.2215492255798631,0.021138350052114757,0.09092677755593219,0.09092677755593219,0.39457269898523617,323
25_1_9,0.22784317190963904,0.3132250758914394,0.08538190398180034,0.08538190398180034,0.17963992526034073,0.1912559286790404,0.011616003418699672,0.10038829244279544,0.10038829244279544,0.39444229335953246,324
1_0_18,0.3073728489023713,0.3896117934714239,0.08223894456905256,0.08223894456905256,0.17900133433211546,0.20288381328979907,0.02388247895768361,0.09672799170139745,0.09672799170139745,0.3942822378678983,325
13_1_17,0.38904001812030303,0.4672392711751817,0.07819925305487868,0.07819925305487868,0.16699412845264458,0.19888447890879715,0.03189035045615257,0.09826665731699469,0.09826665731699469,0.39416978026479677,326
10_2_16,0.11546095375578773,0.17859927093436545,0.06313831717857772,0.06313831717857772,0.15240579967742549,0.2381377287282688,0.08573192905084331,0.08503451324991165,0.08503451324991165,0.39393437456122116,327
25_1_13,0.22429187097458483,0.3031907664672423,0.07889889549265747,0.07889889549265747,0.16937165253204348,0.1996724536720069,0.030300801139963418,0.09782370607611521,0.09782370607611521,0.39371090780326806,328
27_1_27,0.11275301821380111,0.17957499948652383,0.06682198127272272,0.06682198127272272,0.13739159110882154,0.19395773306228023,0.05656614195345869,0.10069546145880336,0.10069546145880336,0.39354926997473916,329
12_2_21,0.19406932507364563,0.2669915997674264,0.07292227469378079,0.07292227469378079,0.13295322675535348,0.15602655745218957,0.023073330696836092,0.11500063257993749,0.11500063257993749,0.3931375597504355,330
20_2_28,0.06149341329915035,0.1087472832465796,0.04725386994742926,0.04725386994742926,0.09564120559773596,0.2052114448304936,0.10957023923275765,0.09675082649238868,0.09675082649238868,0.3928910911641132,331
28_2_26,0.16418606008215167,0.2386050676262171,0.07441900754406544,0.07441900754406544,0.14910831171216357,0.18135887227528763,0.03225056056312406,0.10451810480160656,0.10451810480160656,0.392835246077897,332
12_0_9,0.2865442088573244,0.3763989583052172,0.08985474944789279,0.08985474944789279,0.2097743607067033,0.22077402780058564,0.010999667093882337,0.09061166229282802,0.09061166229282802,0.3924371901130756,333
19_1_3,0.11966915902784946,0.1878485462309537,0.06817938720310425,0.06817938720310425,0.13192761801863687,0.17485226634818749,0.04292464832955062,0.1074987269830011,0.1074987269830011,0.39160617451754975,334
27_2_26,0.08061370174520284,0.13694990964175438,0.05633620789655154,0.05633620789655154,0.09021141113510779,0.13673345393392675,0.046522042798818955,0.12800223514469636,0.12800223514469636,0.39150897324007905,335
21_2_19,0.15969524266434254,0.23171951179653544,0.0720242691321929,0.0720242691321929,0.16482030382680377,0.2185484105276351,0.053728106700831335,0.09104462872386943,0.09104462872386943,0.39126142349106263,336
6_2_21,0.06583704224483405,0.11276866989021897,0.046931627645384916,0.046931627645384916,0.09521695483149403,0.20428788133353704,0.109070926502043,0.09652251394215369,0.09652251394215369,0.39110190653855403,337
1_0_7,0.15152296181683622,0.07834051964498581,-0.07318244217185041,0.07318244217185041,0.2076816075997088,0.13799965739738704,-0.06968195020232176,-0.07584114913484016,0.07584114913484016,0.3909658788842309,338
28_1_22,0.0831047724465705,0.13873819508083468,0.055633422634264185,0.055633422634264185,0.1048540192034353,0.17796622266465753,0.07311220346122223,0.10761957778036815,0.10761957778036815,0.3906570459251054,339
17_2_3,0.22279595833817567,0.306121449926062,0.08332549158788632,0.08332549158788632,0.1605106263322643,0.15946641385781307,-0.0010442124744512171,0.10991689495432994,0.10991689495432994,0.3902533067169037,340
19_0_19,0.07165670217228966,0.12583389287806593,0.05417719070577627,0.05417719070577627,0.10022015410745233,0.17434076799858933,0.074120613891137,0.10928168660097047,0.10928168660097047,0.3900669921609764,341
1_2_27,0.14582077463807425,0.21531326446428603,0.06949248982621178,0.06949248982621178,0.15816971947874855,0.21666438806313432,0.05849466858438576,0.09128819858619547,0.09128819858619547,0.38988605476071037,342
12_2_3,0.2827771141753115,0.3606363675041818,0.07785925332887034,0.07785925332887034,0.16592511007795444,0.1944387118938338,0.028513601815879364,0.09857080266253337,0.09857080266253337,0.38984064992099643,343
7_0_28,0.1074967212647346,0.17818988500004196,0.07069316373530736,0.07069316373530736,0.12393610268908414,0.14374525488092085,0.01980915219183671,0.11962034941485584,0.11962034941485584,0.38975265916775775,344
25_1_14,0.3127816205186821,0.39164018849445736,0.07885856797577528,0.07885856797577528,0.18105918818013209,0.21577049141363167,0.03471130323349958,0.09145308069580958,0.09145308069580958,0.38954979027905734,345
18_0_31,0.06583455769703743,0.10441978218546366,0.03858522448842623,0.03858522448842623,0.06325498091911734,0.17020816599334668,0.10695318507422934,0.11332274151978568,0.11332274151978568,0.3891157306399594,346
18_1_18,0.23841419231002806,0.3128859104425442,0.07447171813251616,0.07447171813251616,0.14885285501816395,0.17700148716973585,0.0281486321515719,0.10492693997796843,0.10492693997796843,0.3889371675011928,347
9_2_11,0.2774678937385005,0.36477669248722344,0.08730879874872294,0.08730879874872294,0.18953982913206457,0.18438868083960336,-0.005151148292461216,0.0977515040599545,0.0977515040599545,0.3888192384826199,348
12_0_8,0.27785605511918754,0.358934975191619,0.08107892007243145,0.08107892007243145,0.1666204541170057,0.18077437825648862,0.01415392413948291,0.10264823770836835,0.10264823770836835,0.388446339590981,349
16_0_24,0.14346262331517098,0.07274817558865618,-0.0707144477265148,0.0707144477265148,0.19391603115201264,0.1242674759733773,-0.06964855517863534,-0.07852862210641269,0.07852862210641269,0.3878180982529693,350
25_2_10,0.10644839750012401,0.1755742334160773,0.0691258359159533,0.0691258359159533,0.12942616610732857,0.16152802153176152,0.032101855424432946,0.11155888741002601,0.11155888741002601,0.38780526806540583,351
3_2_18,0.2784655342304635,0.36202893545321735,0.08356340122275385,0.08356340122275385,0.20510233646755274,0.17933105211550468,-0.025771284352048063,0.08692471589571361,0.08692471589571361,0.3862417315281035,352
4_0_14,0.2655809921842559,0.34411108642852206,0.07853009424426616,0.07853009424426616,0.14524193231400628,0.14891100087391876,0.003669068559912475,0.11425054795559726,0.11425054795559726,0.38591191484486476,353
0_0_29,0.08301561087167235,0.13453724450195437,0.05152163363028202,0.05152163363028202,0.10060872671320303,0.18568218304668277,0.08507345633347974,0.10275172637985677,0.10275172637985677,0.38572824987036836,354
3_1_7,0.04785141604149995,0.09276735337952909,0.044915937338029135,0.044915937338029135,0.08842810088430848,0.1934358654377207,0.10500776455341222,0.0990781296050173,0.0990781296050173,0.38449149139273275,355
15_1_27,0.13382762432264983,0.2015722558962795,0.06774463157362967,0.06774463157362967,0.133978514580117,0.17429513855374237,0.04031662397362537,0.10535799682775811,0.10535799682775811,0.3844163187368713,356
8_1_21,0.2312706499597922,0.31571815212497917,0.08444750216518696,0.08444750216518696,0.17332900350370564,0.1718679970374766,-0.0014610064662290423,0.10324236210726798,0.10324236210726798,0.3844161687042592,357
6_1_9,0.1652349242371785,0.23047954671519463,0.06524462247801613,0.06524462247801613,0.14032906050898872,0.19786908129925854,0.05754002079026982,0.09631277567479829,0.09631277567479829,0.38402154932991683,358
29_1_8,0.14853568220713068,0.21492688614892613,0.06639120394179546,0.06639120394179546,0.14189894528134087,0.19549337973634348,0.053594434455002615,0.09711279999743826,0.09711279999743826,0.3839187803536757,359
25_0_8,0.14192530763284233,0.21007972536476024,0.06815441773191791,0.06815441773191791,0.13792111436978582,0.17964872675870436,0.041727612388918534,0.10298104921093319,0.10298104921093319,0.38378966579552487,360
4_0_28,0.21040798045025344,0.2905170672809088,0.08010908683065537,0.08010908683065537,0.17480699466896973,0.19452746404385954,0.019720469374889804,0.09659007395507296,0.09659007395507296,0.3834264729457053,361
13_0_17,0.1261198400803824,0.19142904098087626,0.06530920090049386,0.06530920090049386,0.13412617797509474,0.18484888266121868,0.05072270468612394,0.10102362531252393,0.10102362531252393,0.38318686528482726,362
14_0_29,0.13548326438833402,0.2062759489975874,0.07079268460925336,0.07079268460925336,0.15482014200643543,0.19760614850818425,0.042786006501748824,0.09551181434144601,0.09551181434144601,0.38179929801013696,363
28_1_0,0.04855406495444172,0.09009235859444928,0.04153829364000756,0.04153829364000756,0.07162063958300095,0.16660639044923173,0.09498575086623078,0.11157872351116276,0.11157872351116276,0.3814284246031998,364
21_0_0,0.12961986820828436,0.209558089116181,0.07993822090789665,0.07993822090789665,0.19425430024704468,0.22510509726119238,0.030850797014147696,0.08660205516254604,0.08660205516254604,0.38135361408526014,365
17_0_1,0.02327040847046797,0.05950345803014835,0.03623304955968038,0.03623304955968038,0.05695696691061812,0.1580360877838743,0.10107912087325617,0.11714744714049916,0.11714744714049916,0.38131777924845556,366
12_0_10,0.20121240652689143,0.2817343849748152,0.08052197844792375,0.08052197844792375,0.1658149857131593,0.17490840734163296,0.009093421628473652,0.10259506778906942,0.10259506778906942,0.3811050328652139,367
10_0_14,0.12106813194896204,0.17475998201728857,0.053691850068326524,0.053691850068326524,0.11433783226417031,0.19943311560380886,0.08509528333963855,0.09503637321152088,0.09503637321152088,0.3809091945338398,368
20_1_26,0.13170432695743617,0.18824142035376018,0.05653709339632401,0.05653709339632401,0.13089034372394648,0.21758362570738246,0.08669328198343598,0.08800849452584748,0.08800849452584748,0.3807321187187831,369
7_0_6,0.08243902599030901,0.146170517761648,0.06373149177133898,0.06373149177133898,0.10786213262865225,0.1317303407189906,0.023868208090338336,0.12343064068095318,0.12343064068095318,0.3802170725055255,370
4_0_7,0.2876692786031742,0.36742206108782977,0.07975278248465556,0.07975278248465556,0.16567099327462714,0.17695895931508243,0.011287966040455288,0.10164538617621512,0.10164538617621512,0.3800791618933389,371
8_2_4,0.09548816667139348,0.16170960270061924,0.06622143602922576,0.06622143602922576,0.13226394210046216,0.17310358561138686,0.0408396435109247,0.10428674368765822,0.10428674368765822,0.37922098334261345,372
1_1_13,0.21979603795775365,0.29440687963887,0.07461084168111637,0.07461084168111637,0.18392687447300649,0.22693841404520915,0.04301153957220266,0.08502397104697158,0.08502397104697158,0.37790179051533845,373
20_1_13,0.17644704743860198,0.24394042885943082,0.06749338142082884,0.06749338142082884,0.1469080629213248,0.19410116440128655,0.04719310147996175,0.09570536076268105,0.09570536076268105,0.37779714729127145,374
19_2_13,0.34713520288608335,0.42708791231878285,0.0799527094326995,0.0799527094326995,0.19281985951347888,0.21912324426370108,0.026303384750222203,0.08736161361674902,0.08736161361674902,0.37734279523618186,375
21_2_30,0.18070901033435327,0.2622677332036888,0.08155872286933552,0.08155872286933552,0.17036245415922224,0.17515991190221383,0.00479745774299159,0.10128919739797156,0.10128919739797156,0.3773175494938074,376
28_2_20,0.22968167331152148,0.31527138868550125,0.08558971537397977,0.08558971537397977,0.20212168245046375,0.19367898326326194,-0.008442699187201808,0.0899883389574121,0.0899883389574121,0.3767207300003885,377
12_0_19,0.29580074982023175,0.3831426801660603,0.08734193034582854,0.08734193034582854,0.2008370808971354,0.1998367828192708,-0.0010002980778645865,0.0922405527702228,0.0922405527702228,0.3764288247137199,378
14_1_10,0.15047155384384311,0.2250441981634727,0.0745726443196296,0.0745726443196296,0.1448268223072819,0.15651573210122202,0.011688909793940133,0.10857296704140178,0.10857296704140178,0.3758253188915752,379
10_2_14,0.12234270519006415,0.18777133000903617,0.06542862481897202,0.06542862481897202,0.13683403396353452,0.18217352939629736,0.04533949543276283,0.09950939579979569,0.09950939579979569,0.3753081282614049,380
20_2_12,0.24155035731865113,0.3119334641101734,0.07038310679152229,0.07038310679152229,0.15134510459745065,0.18701902419055938,0.03567391959310873,0.09735224730780931,0.09735224730780931,0.3752391872168644,381
25_2_13,0.19645185878876564,0.26847999435860354,0.07202813556983789,0.07202813556983789,0.15837127064724937,0.19232866816387256,0.03395739751662319,0.09534185042648359,0.09534185042648359,0.3750667429550602,382
11_2_13,0.21208436762382749,0.1410464570010432,-0.07103791062278428,0.07103791062278428,0.26455111158030775,0.18108115852350984,-0.08346995305679791,-0.05782497179630602,0.05782497179630602,0.3749912652513997,383
25_2_11,0.2806046799006436,0.3596779012418746,0.07907322134123101,0.07907322134123101,0.19048217811302826,0.21656011386652305,0.02607793575349479,0.08745794094256046,0.08745794094256046,0.37476060678745504,384
27_1_30,0.11932980505063878,0.18058717976828728,0.0612573747176485,0.0612573747176485,0.12376983940809348,0.17507837931507517,0.051308539906981684,0.10243250382555875,0.10243250382555875,0.3744887212371393,385
25_1_21,0.2210709525508694,0.3044863957323217,0.08341544318145233,0.08341544318145233,0.1829308102766748,0.18650108945519137,0.003570279178516572,0.09656368355302679,0.09656368355302679,0.37444543084566584,386
13_1_10,0.21321669156763182,0.2769467445393929,0.06373005297176107,0.06373005297176107,0.15709595282108826,0.2250202154689222,0.06792426264783394,0.08400897385231425,0.08400897385231425,0.37406323352187687,387
20_0_29,0.16490614258009617,0.23806655198673393,0.07316040940663776,0.07316040940663776,0.16352488883127458,0.19553837224695872,0.032013483415684135,0.09389981580617505,0.09389981580617505,0.3740059327519787,388
4_2_12,0.20132036669273323,0.26838462382109635,0.06706425712836311,0.06706425712836311,0.14582865044272034,0.18966873522953928,0.043840084786818945,0.09591807200158105,0.09591807200158105,0.3731155690158806,389
16_2_21,0.10990932295392525,0.1738145479341325,0.06390522498020726,0.06390522498020726,0.1297359791345834,0.173139075163707,0.043403096029123595,0.10245909698378197,0.10245909698378197,0.3730329734889557,390
18_0_1,0.06721158338682814,0.11194718914101862,0.04473560575419047,0.04473560575419047,0.08528295451498183,0.17428157360574742,0.08899861909076559,0.10355273597391891,0.10355273597391891,0.3722727858540666,391
23_0_21,0.0843662015690601,0.1351916141438453,0.050825412574785206,0.050825412574785206,0.09592444779392918,0.16509118279267082,0.06916673499874164,0.10728474464808904,0.10728474464808904,0.37226216237802423,392
14_0_21,0.31843685226977064,0.3995859344691774,0.08114908219940675,0.08114908219940675,0.18963788081443297,0.1757241890037071,-0.013913691810725881,0.09105690538989512,0.09105690538989512,0.3719589637227092,393
4_0_5,0.2833586890228561,0.3547783351711439,0.07141964614828777,0.07141964614828777,0.14987324788308515,0.1766194754610037,0.026746227577918558,0.100050997962333,0.100050997962333,0.37189960431761965,394
16_2_15,0.10578628314758382,0.16282493940241022,0.0570386562548264,0.0570386562548264,0.1453319226353977,0.23230281001717087,0.08697088738177317,0.08038678546620324,0.08038678546620324,0.37165831731957194,395
14_1_22,0.14366052634908313,0.20803348954441447,0.06437296319533134,0.06437296319533134,0.11687633452061719,0.14172583708599507,0.02484950256537788,0.11522835928946666,0.11522835928946666,0.371506595039753,396
15_1_9,0.1009290562595609,0.16478456191363816,0.06385550565407726,0.06385550565407726,0.135118657752254,0.1825773988348491,0.047458741082595096,0.09824193184239191,0.09824193184239191,0.3714947218523566,397
4_2_11,0.2683011302060639,0.35035759040982,0.08205646020375612,0.08205646020375612,0.198492739890113,0.21436397331150858,0.01587123342139557,0.08735495322783907,0.08735495322783907,0.37146663115739187,398
16_0_0,0.09144341122759299,0.14591289431521812,0.05446948308762513,0.05446948308762513,0.11349795740428718,0.18457007196303735,0.07107211455875016,0.09794802718232803,0.09794802718232803,0.3714007507267586,399
18_1_17,0.17119310173219682,0.244900645543975,0.07370754381177819,0.07370754381177819,0.16533536133776727,0.19286564019705382,0.02753027885928655,0.09371899270912404,0.09371899270912404,0.37022846241986473,400
25_1_22,0.17193629479575365,0.24050351845178222,0.06856722365602858,0.06856722365602858,0.1423939303285884,0.17364072962542182,0.03124679929683341,0.10086068184995692,0.10086068184995692,0.37012748372264725,401
17_2_24,0.07070184014523502,0.11913372982394783,0.048431889678712814,0.048431889678712814,0.10252091541740882,0.19152153644304423,0.08900062102563541,0.09469519109351623,0.09469519109351623,0.37009023526196827,402
8_1_8,0.1069928350012188,0.15410423859746153,0.04711140359624273,0.04711140359624273,0.08780127436478942,0.1638651133489167,0.07606383898412729,0.10743150811489426,0.10743150811489426,0.3698390624717537,403
13_2_14,0.3859131802046248,0.4575744888808414,0.07166130867621662,0.07166130867621662,0.16739507796550063,0.2045565260078441,0.037161448042343476,0.08975110214293376,0.08975110214293376,0.36973483414500774,404
17_2_22,0.1695053220310695,0.24323051071416896,0.07372518868309946,0.07372518868309946,0.15233530407731677,0.1689584578694503,0.016623153792133527,0.10197046876790676,0.10197046876790676,0.3696647147566098,405
25_2_25,0.178211583627542,0.2519831210209336,0.07377153739339162,0.07377153739339162,0.15036125093023792,0.1649757169561059,0.014614466025867995,0.10342269219679881,0.10342269219679881,0.3695862348127946,406
11_0_30,0.12025107666711098,0.18824727631315932,0.06799619964604835,0.06799619964604835,0.16467237470740567,0.21510336069417071,0.05043098598676504,0.08617038490928067,0.08617038490928067,0.3693552503166952,407
28_2_4,0.1329553233203926,0.1973253605958439,0.06437003727545132,0.06437003727545132,0.15215317411587553,0.20928481951060715,0.05713164539473162,0.0878985035877604,0.0878985035877604,0.36919599695526584,408
4_1_30,0.052564013592595486,0.09909560568830006,0.04653159209570457,0.04653159209570457,0.09452993967075732,0.1831447943127106,0.08861485464195329,0.09808883849062988,0.09808883849062988,0.36913584606317207,409
6_0_5,0.1312637868515513,0.1914631333379021,0.06019934648635081,0.06019934648635081,0.13365501198781693,0.19449637033994635,0.06084135835212942,0.09305802420122868,0.09305802420122868,0.3689976163553107,410
21_2_21,0.20874187496481075,0.29296222630383456,0.08422035133902381,0.08422035133902381,0.1907935559759527,0.1909013760978106,0.00010782012185789336,0.09358947058665516,0.09358947058665516,0.36858570397372725,411
25_0_0,0.15326448493091827,0.22650412334978584,0.07323963841886758,0.07323963841886758,0.16558290625772348,0.19374984025936717,0.02816693400164369,0.09297307965483892,0.09297307965483892,0.368578939747467,412
12_1_3,0.1732576664285884,0.23941141547627912,0.06615374904769072,0.06615374904769072,0.1595773569643339,0.2135608096505962,0.05398345268626231,0.08634254662297706,0.08634254662297706,0.36844151015659443,413
8_1_20,0.11081634308500656,0.16452057319321578,0.053704230108209225,0.053704230108209225,0.11584662976793357,0.19047231583982807,0.0746256860718945,0.09452288124379912,0.09452288124379912,0.36841293592212443,414
12_1_12,0.3527567532724947,0.43436103196063025,0.08160427868813552,0.08160427868813552,0.1777499308575733,0.17958561295229272,0.0018356820947194319,0.0972569990195598,0.0972569990195598,0.3683964497836354,415
13_1_21,0.35869611724130296,0.4425636521839255,0.08386753494262256,0.08386753494262256,0.19160420517314408,0.1929682524348385,0.0013640472616944233,0.09278109122867147,0.09278109122867147,0.3678687507935842,416
15_2_11,0.22342205283397384,0.29937450347572175,0.07595245064174791,0.07595245064174791,0.14954712962819264,0.14717743901793973,-0.0023696906102529114,0.10761071308051105,0.10761071308051105,0.36782225751130915,417
13_0_27,0.18172660637300453,0.25452534982305197,0.07279874345004744,0.07279874345004744,0.16554693582746258,0.19439774248687522,0.028850806659412642,0.09241714897381911,0.09241714897381911,0.36732734950708634,418
4_1_31,0.14157355473169467,0.21944122333858637,0.0778676686068917,0.0778676686068917,0.19986258330647308,0.22862612404736168,0.028763540740888605,0.08208917635738966,0.08208917635738966,0.36680832005259617,419
25_2_21,0.2263146142212242,0.3023837744269761,0.07606916020575191,0.07606916020575191,0.176116779270154,0.1557296279487864,-0.02038715132136762,0.09207085810866857,0.09207085810866857,0.3664587419913875,420
3_0_5,0.04322454732805726,0.08511776926467562,0.04189322193661837,0.04189322193661837,0.09422828477319234,0.205960550387607,0.11173226561441466,0.08683504922468581,0.08683504922468581,0.3662670520665925,421
23_2_8,0.11969293878796966,0.18935770224321108,0.06966476345524142,0.06966476345524142,0.13930773238745836,0.15819433199885363,0.01888659961139527,0.10518274057268737,0.10518274057268737,0.36538745642668835,422
11_2_19,0.261399718499583,0.33811741802589895,0.07671769952631596,0.07671769952631596,0.1800010180732269,0.16090648364029328,-0.01909453443293363,0.09082492588458015,0.09082492588458015,0.36505444034235723,423
23_1_30,0.06314806855383062,0.11162197810708467,0.04847390955325405,0.04847390955325405,0.10629449793096847,0.19394861477180986,0.08765411684084139,0.09175210983502781,0.09175210983502781,0.36452252197416285,424
0_0_0,0.1744071890602804,0.23907217128478328,0.06466498222450287,0.06466498222450287,0.13289566385233492,0.16778815102175915,0.034892487169424224,0.10165785509412907,0.10165785509412907,0.3644321287687826,425
23_1_0,0.13367706901377593,0.2015368045499779,0.06785973553620198,0.06785973553620198,0.19949993281496237,0.2648345400701914,0.06533460725522905,0.07097841159194604,0.07097841159194604,0.3642642434363169,426
16_2_2,0.14751266480017897,0.21597400386763366,0.06846133906745469,0.06846133906745469,0.14471733590645403,0.17285997281218488,0.02814263690573085,0.09924363962314946,0.09924363962314946,0.3640413214313942,427
0_0_12,0.18809712467508038,0.2619748076900068,0.07387768301492642,0.07387768301492642,0.18501345475611478,0.21797960059219454,0.03296614583607976,0.08396393110009112,0.08396393110009112,0.36302082625746823,428
8_2_24,0.04613726739498037,0.08465068212638911,0.03851341473140874,0.03851341473140874,0.07927345636390545,0.18814853629553085,0.1088750799316254,0.09323804950803072,0.09323804950803072,0.36264175493651907,429
21_0_5,0.29564210552298836,0.3751749995994898,0.07953289407650144,0.07953289407650144,0.1733936846115823,0.17503375207547014,0.0016400674638878399,0.09717454719112127,0.09717454719112127,0.3622549468052231,430
4_2_19,0.1703185458108578,0.23946134626565244,0.06914280045479462,0.06914280045479462,0.14717686762096552,0.17275253963279066,0.025575672011825146,0.09867499531438645,0.09867499531438645,0.36225154641551893,431
20_0_20,0.0798735980506348,0.12360379080330393,0.04373019275266912,0.04373019275266912,0.10157314042428084,0.20647243438152302,0.10489929395724218,0.08521734644475434,0.08521734644475434,0.36142000024763576,432
10_1_30,0.0734494519461517,0.13247905833897083,0.05902960639281914,0.05902960639281914,0.11450273648684255,0.15302927897109533,0.03852654248425279,0.10716694183038002,0.10716694183038002,0.36053924719980424,433
10_0_5,0.09356036208252362,0.15553188432913564,0.061971522246612024,0.061971522246612024,0.1368929195772688,0.18392666286561574,0.047033743288346946,0.09418925503224478,0.09418925503224478,0.3599979473402979,434
15_2_29,0.11155953595872868,0.17383890452362766,0.062279368564898976,0.062279368564898976,0.16031188322918946,0.22280634120987425,0.06249445798068479,0.08069188933532598,0.08069188933532598,0.3591795642310032,435
21_0_22,0.28236324490625114,0.3476577999315485,0.06529455502529735,0.06529455502529735,0.1576079898896865,0.2051990372396143,0.047591047349927806,0.08647555733454704,0.08647555733454704,0.35901525144050933,436
6_1_23,0.12436181363275768,0.18592777717649037,0.061565963543732685,0.061565963543732685,0.12791403036720952,0.16720379399252644,0.039289763625316915,0.10030338696651082,0.10030338696651082,0.3587881615199835,437
26_0_8,0.0436000178149526,0.08818257167637608,0.04458255386142348,0.04458255386142348,0.09029948509948565,0.17340960448232953,0.08311011938284388,0.09851542439908972,0.09851542439908972,0.35807223751086625,438
11_2_17,0.1939674231432283,0.2664375189481957,0.07247009580496738,0.07247009580496738,0.16147057116275715,0.17989287958533326,0.01842230842257611,0.0946082312337469,0.0946082312337469,0.35775146790031526,439
10_1_13,0.2673042249429758,0.3486147960139608,0.081310571070985,0.081310571070985,0.19412724954793187,0.19068847697032668,-0.0034387725776051925,0.0889192687497263,0.0889192687497263,0.3575747603148145,440
11_1_10,0.11562538252051055,0.17078675086275108,0.05516136834224053,0.05516136834224053,0.11881789382816824,0.17879441826780088,0.05997652443963264,0.09557860178226918,0.09557860178226918,0.3574747876652314,441
18_2_16,0.08418899156034765,0.13887697091426957,0.05468797935392192,0.05468797935392192,0.10278052065062324,0.14490296291328827,0.04212244226266504,0.11006535900931559,0.11006535900931559,0.35653188611191955,442
25_0_12,0.034710131760489406,0.06630801939810582,0.031597887637616416,0.031597887637616416,0.054847411484599304,0.1609372621885396,0.1060898507039403,0.10453523646480015,0.10453523646480015,0.3561202595978973,443
6_2_16,0.08005380764076715,0.13827621417590522,0.05822240653513806,0.05822240653513806,0.11622608750059613,0.156206298678414,0.03998021117781789,0.10411995118024212,0.10411995118024212,0.3556018384099713,444
22_2_0,0.14248769105919448,0.202797370125402,0.06030967906620752,0.06030967906620752,0.1658663144190888,0.23662443605851355,0.07075812163942474,0.07537695561699531,0.07537695561699531,0.35545125195952687,445
9_1_19,0.16547621523106165,0.2312476541751447,0.06577143894408305,0.06577143894408305,0.14411245447232227,0.1757180626372127,0.03160560816489044,0.09564461312062406,0.09564461312062406,0.35531211139919694,446
21_0_28,0.35128429241483466,0.4248458553900595,0.07356156297522481,0.07356156297522481,0.1652381051891745,0.17934321583787158,0.014105110648697072,0.09398893296981628,0.09398893296981628,0.35506555712522486,447
24_2_17,0.28441816488928123,0.36072035370211347,0.07630218881283224,0.07630218881283224,0.18169709822869765,0.19492023961488822,0.013223141386190573,0.08875911551062393,0.08875911551062393,0.3543453401887038,448
13_0_28,0.10584405107457656,0.16257199625498522,0.05672794518040866,0.05672794518040866,0.11470614162103003,0.15925349942305383,0.044547357802023804,0.1025241465985995,0.1025241465985995,0.35430377745301483,449
28_1_4,0.0748022903246104,0.12239087466915435,0.04758858434454395,0.04758858434454395,0.11368550298475603,0.20358150323120422,0.08989600024644818,0.08449672308783943,0.08449672308783943,0.35429584730523805,450
5_2_23,0.16180148177370843,0.09645786794162646,-0.06534361383208197,0.06534361383208197,0.20296609490815817,0.13814525433934702,-0.06482084056881116,-0.06928713767441122,0.06928713767441122,0.3542397842675812,451
14_0_15,0.12204797790786173,0.17601831989205702,0.053970341984195286,0.053970341984195286,0.09096482803882984,0.11575239405063138,0.024787566011801543,0.12357346858782833,0.12357346858782833,0.3541042039652418,452
19_1_26,0.08822659536141074,0.1454613933518822,0.05723479799047147,0.05723479799047147,0.12746283192974586,0.18224444567720877,0.054781613747462904,0.09292884803990552,0.09292884803990552,0.35367576553224905,453
12_0_17,0.17384027522161588,0.2293614028103439,0.055521127588728014,0.055521127588728014,0.10951122747075177,0.1531575944596051,0.04364636698885334,0.10500768320836595,0.10500768320836595,0.3534229959856684,454
17_0_0,0.1629737688046314,0.22787559287159773,0.06490182406696632,0.06490182406696632,0.1570321292309659,0.20053066132250735,0.04349853209154145,0.08639945381777855,0.08639945381777855,0.3531929528723551,455
6_1_13,0.22905363487662972,0.3046547836037764,0.07560114872714668,0.07560114872714668,0.18852071192060035,0.2075472190667678,0.019026507146167437,0.08466837289885601,0.08466837289885601,0.35313149241346786,456
27_2_12,0.2543097234165519,0.32737836240665985,0.07306863899010796,0.07306863899010796,0.18089865155089055,0.20520175728244067,0.024303105731550118,0.08512696146987085,0.08512696146987085,0.35263357603783596,457
14_0_13,0.3352514234837627,0.41316653759786454,0.07791511411410185,0.07791511411410185,0.1822337143335145,0.17729747164972703,-0.0049362426837874784,0.0907913788862967,0.0907913788862967,0.3523995652986279,458
23_2_18,0.07276000893633447,0.12206114147410807,0.0493011325377736,0.0493011325377736,0.11067713706453909,0.18685613934973744,0.07617900228519835,0.09056687697612983,0.09056687697612983,0.3522246926176762,459
23_2_22,0.19977142256478644,0.26039158798321327,0.060620165418426825,0.060620165418426825,0.14402202703558703,0.1954847994558666,0.05146277242027958,0.08755340875830114,0.08755340875830114,0.35180854596524147,460
7_2_28,0.03776063020237228,0.07556452988450986,0.03780389968213758,0.03780389968213758,0.0709068686564147,0.1586977746005314,0.08779090594411669,0.10348232938430917,0.10348232938430917,0.3513881932814199,461
17_1_9,0.30383851527482936,0.3784909883552424,0.07465247308041306,0.07465247308041306,0.16243079920372105,0.16638637105433968,0.003955571850618622,0.09729643465403401,0.09729643465403401,0.35136274698976344,462
15_2_25,0.0623063332932879,0.1019179378343025,0.0396116045410146,0.0396116045410146,0.08147358118980078,0.1747477434181319,0.09327416222833113,0.09522748775206294,0.09522748775206294,0.3509468800133063,463
2_2_12,0.2051075240251943,0.2690147777991401,0.06390725377394582,0.06390725377394582,0.1664521076889804,0.2182199552849751,0.051767847595994704,0.08014008101497101,0.08014008101497101,0.3508660760667339,464
28_2_1,0.14309638685716355,0.20775385416759068,0.06465746731042712,0.06465746731042712,0.15825927928733616,0.2012559644673504,0.04299668518001423,0.08544060140087183,0.08544060140087183,0.3505847215252403,465
29_0_29,0.19447951861964577,0.2645071436221915,0.07002762500254575,0.07002762500254575,0.16730541365471252,0.19357938685574647,0.026273973201033946,0.08808237134477058,0.08808237134477058,0.35051922407779235,466
7_2_9,0.2611133268904082,0.33384845970776833,0.0727351328173601,0.0727351328173601,0.19037669245349162,0.21896540947075846,0.02858871701726684,0.0804825357450213,0.0804825357450213,0.3499544074204468,467
5_1_10,0.1963729872491022,0.26655882213923304,0.07018583489013083,0.07018583489013083,0.17775343977067934,0.2093549781738465,0.03160153840316715,0.0830343456360803,0.0830343456360803,0.3498211395483126,468
17_0_3,0.26142209886453366,0.3381847519216727,0.07676265305713903,0.07676265305713903,0.17933735662584174,0.18468107295426536,0.00534371632842362,0.0906481037195646,0.0906481037195646,0.3494267915642708,469
12_1_17,0.10709554677388144,0.16388459073233638,0.05678904395845494,0.05678904395845494,0.14298225138419834,0.2086078986983997,0.06562564731420137,0.0821185687652688,0.0821185687652688,0.34934555863688393,470
15_2_10,0.1969286856608844,0.2626436976532761,0.06571501199239171,0.06571501199239171,0.14051946335250565,0.16352277721263017,0.023003313860124525,0.09828426361450858,0.09828426361450858,0.349193119081159,471
26_0_30,0.05213674960188921,0.09312721183052211,0.0409904622286329,0.0409904622286329,0.09059546081274422,0.18626527116788616,0.09566981035514194,0.08934901806923626,0.08934901806923626,0.34918770408987065,472
7_2_14,0.0647916855548317,0.10927886911226319,0.04448718355743149,0.04448718355743149,0.10137533461907762,0.18912068349881508,0.08774534887973746,0.08803731910303833,0.08803731910303833,0.3481941304784898,473
28_1_21,0.12285334691581755,0.1932639442549076,0.07041059733909004,0.07041059733909004,0.16849324323131967,0.14677346913418124,-0.021719774097138433,0.08915115003142791,0.08915115003142791,0.34797112929687657,474
19_0_0,0.1336556593941651,0.19554438609629932,0.06188872670213422,0.06188872670213422,0.1718352828854508,0.23164870629892373,0.05981342341347293,0.07503736526688233,0.07503736526688233,0.34705553232070285,475
9_1_10,0.23899233634152042,0.3142545165549818,0.0752621802134614,0.0752621802134614,0.1815937308882666,0.19225641665159432,0.010662685763327712,0.0876697622100985,0.0876697622100985,0.34700187299513097,476
15_0_13,0.16069102187528356,0.218448677142623,0.05775765526733945,0.05775765526733945,0.14874606396797516,0.21194217704018856,0.0631961130722134,0.08047281269820254,0.08047281269820254,0.3469901769715624,477
1_0_10,0.08679785527388187,0.13783104154203926,0.05103318626815739,0.05103318626815739,0.11241256984879607,0.17613585104924356,0.0637232812004475,0.09308848585165448,0.09308848585165448,0.34660553024157026,478
8_2_8,0.06446252729120447,0.10312932310785874,0.038666795816654276,0.038666795816654276,0.07455772924220218,0.15798104372911384,0.08342331448691166,0.10174169662462748,0.10174169662462748,0.3464171991967513,479
29_0_0,0.27281508245542974,0.3439792305461297,0.07116414809069999,0.07116414809069999,0.1809264840320686,0.20643417494026922,0.025507690908200625,0.0828817757208516,0.0828817757208516,0.3454759727461394,480
24_0_10,0.1210329099448876,0.17674920818580153,0.055716298240913925,0.055716298240913925,0.1490725416838937,0.21988743018948598,0.07081488850559228,0.0772239689380187,0.0772239689380187,0.3452595204797263,481
11_2_25,0.20056236363097513,0.27001691872120936,0.06945455509023424,0.06945455509023424,0.17897296094866447,0.20909750748610598,0.03012454653744151,0.0816609870894997,0.0816609870894997,0.34416215344675083,482
9_0_11,0.10536240225921588,0.1511429262351744,0.04578052397595851,0.04578052397595851,0.11168179263928595,0.19902166059448873,0.08733986795520278,0.08281199686117025,0.08281199686117025,0.34396206538300056,483
23_1_7,0.11429455510982224,0.17788838716692473,0.06359383205710249,0.06359383205710249,0.12122921202289715,0.11398361737856201,-0.007245594644335135,0.11132630615340193,0.11132630615340193,0.34395079108255977,484
12_0_23,0.2534252206053483,0.31699062227077895,0.06356540166543068,0.06356540166543068,0.15574691198479876,0.19530589299493048,0.03955898101013172,0.08544081894638565,0.08544081894638565,0.343649153527502,485
22_0_19,0.21855884309645476,0.29504549198806473,0.07648664889160997,0.07648664889160997,0.18055046588231405,0.17886228000801016,-0.001688185874303888,0.08989044555495827,0.08989044555495827,0.34345917693147426,486
1_2_21,0.33220033732084026,0.3980274482362042,0.06582711091536392,0.06582711091536392,0.18801912788482295,0.14154746000499988,-0.04647166787982307,0.07512700807128686,0.07512700807128686,0.3431761352501171,487
4_0_10,0.10083240237800874,0.14823350421578396,0.047401101837775225,0.047401101837775225,0.09432990624599064,0.15190637448421487,0.05757646823822424,0.10262552746730223,0.10262552746730223,0.3430022178394364,488
24_2_5,0.12706925796338697,0.18900024445508543,0.06193098649169845,0.06193098649169845,0.15438346939456848,0.1994235089541868,0.04504003955961833,0.08380438153636376,0.08380438153636376,0.3429317755446926,489
3_1_6,0.050609000626826585,0.09030220638401006,0.03969320575718347,0.03969320575718347,0.09862556600129982,0.20418962109981226,0.10556405509851244,0.0794467074871513,0.0794467074871513,0.342686347035975,490
6_2_15,0.08561951787894824,0.14104619949278033,0.05542668161383209,0.05542668161383209,0.12559133660446473,0.17661810050009835,0.051026763895633626,0.09148476842440965,0.09148476842440965,0.3423310948936674,491
22_0_18,0.19366257448587,0.2637417302221087,0.07007915573623869,0.07007915573623869,0.16555496659528435,0.1494160852942458,-0.01613888130103855,0.09017696105566707,0.09017696105566707,0.34220280348901033,492
29_1_10,0.36565012819904025,0.4407247532809507,0.07507462508191043,0.07507462508191043,0.18999202979020946,0.1786501781785998,-0.011341851611609666,0.08408408630447424,0.08408408630447424,0.3421647898985196,493
24_0_9,0.2666328527649415,0.3419771091578022,0.07534425639286074,0.07534425639286074,0.22053462810058033,0.19588530229461615,-0.024649325805964184,0.07292969348072714,0.07292969348072714,0.342129282938492,494
25_0_19,0.1903389653601987,0.26488124904255955,0.07454228368236085,0.07454228368236085,0.18860986840096,0.20129991457644938,0.012690046175489383,0.08359450280869568,0.08359450280869568,0.3414998886236464,495
27_2_27,0.20271147224163497,0.27690757548926764,0.07419610324763268,0.07419610324763268,0.18062934050895235,0.1719384077280371,-0.008690932780915261,0.08733716460092525,0.08733716460092525,0.34132064047468025,496
23_1_1,0.036539840288609834,0.06869132741247581,0.03215148712386598,0.03215148712386598,0.061963428796452974,0.16258134882448572,0.10061792002803274,0.09719836786933389,0.09719836786933389,0.34111333636818697,497
11_2_10,0.3227672199759286,0.398091039307389,0.07532381933146037,0.07532381933146037,0.18218838174571936,0.18740981651192531,0.005221434766205957,0.08758601558580574,0.08758601558580574,0.34092131841212703,498
6_0_14,0.10571326845299575,0.16003973712100275,0.054326468668007,0.054326468668007,0.1313527578663035,0.19116113524337014,0.05980837737706665,0.08550891299477177,0.08550891299477177,0.3406872392208531,499
23_1_21,0.3336772439553207,0.4120642163645362,0.0783869724092155,0.0783869724092155,0.20370477664018638,0.2082410919883668,0.004536315348180414,0.08158737106693707,0.08158737106693707,0.3402381428045874,500
20_2_4,0.12347891449997446,0.1819058157495759,0.05842690124960144,0.05842690124960144,0.09984589643863373,0.10107262539395927,0.0012267289553255373,0.12358918749691197,0.12358918749691197,0.340050694651113,501
0_0_25,0.11778709355165384,0.061444480237269374,-0.05634261331438447,0.05634261331438447,0.154915576259583,0.09184041861100055,-0.06307515764858244,-0.078434914453864,0.078434914453864,0.340003101087903,502
27_2_2,0.142088633692705,0.20036256563219662,0.058273931939491624,0.058273931939491624,0.1469956295160828,0.1998383277123121,0.052842698196229304,0.08248688268606616,0.08248688268606616,0.3396158560815449,503
24_1_9,0.30413714729917424,0.38221117405736255,0.07807402675818831,0.07807402675818831,0.24017528157799312,0.26062627939567684,0.020450997817683725,0.06877273180599883,0.06877273180599883,0.3391587948123459,504
20_1_19,0.2884242290665225,0.3648308073937065,0.076406578327184,0.076406578327184,0.20405811606908467,0.19320445539797498,-0.010853660671109683,0.07968247866715124,0.07968247866715124,0.33911403663187256,505
16_0_16,0.11772532148622507,0.16855447956547007,0.050829158079245,0.050829158079245,0.10740054798805192,0.15936055108265995,0.051960003094608034,0.09755346696177414,0.09755346696177414,0.3390937602015593,506
14_0_22,0.29183059914339726,0.3639820050927792,0.07215140594938196,0.07215140594938196,0.17084550243620839,0.16219869425579397,-0.008646808180414411,0.08978462591814863,0.08978462591814863,0.339007027694438,507
20_1_0,0.2658941734358376,0.3317686228863046,0.065874449450467,0.065874449450467,0.17365099665741265,0.210623289974189,0.036972293316776345,0.07964081486857712,0.07964081486857712,0.33899027161603856,508
13_0_19,0.1286564697506397,0.1923200327229248,0.06366356297228509,0.06366356297228509,0.12758105712297926,0.13783095431372205,0.01024989719074279,0.10525912302183352,0.10525912302183352,0.3389423294108722,509
10_1_20,0.35858444000201295,0.43697464424209853,0.07839020424008558,0.07839020424008558,0.21602215887125759,0.20725196826041678,-0.008770190610840806,0.07719434349148493,0.07719434349148493,0.3388001909719605,510
7_0_2,0.1342411039947858,0.07330736450677532,-0.060933739488010494,0.060933739488010494,0.1873185247452936,0.12624384467659178,-0.061074680068701814,-0.07002027567466054,0.07002027567466054,0.3386974501768083,511
23_0_8,0.0644744295844647,0.11168478471837621,0.047210355133911516,0.047210355133911516,0.10436494376083016,0.17135940809123998,0.06699446433040981,0.09226935281572103,0.09226935281572103,0.3384217960862804,512
7_2_25,0.21884104049999414,0.2874347431339467,0.06859370263395254,0.06859370263395254,0.18427011987342878,0.21550973394722756,0.03123961407379877,0.07834616568896616,0.07834616568896616,0.3383134085961576,513
12_0_28,0.16233052934412462,0.22862924817340483,0.0662987188292802,0.0662987188292802,0.15311586831935667,0.17371306137136347,0.0205971930520068,0.09120482397231892,0.09120482397231892,0.3380915940069502,514
9_2_9,0.09971062591306211,0.15432536604587488,0.05461474013281277,0.05461474013281277,0.11372034531115432,0.15241106755973816,0.03869072224858383,0.09988703651525443,0.09988703651525443,0.33804527045989496,515
27_2_11,0.23344979694892332,0.30424871818839255,0.07079892123946924,0.07079892123946924,0.16653603804840514,0.17752822554510272,0.010992187496697586,0.08987675765761807,0.08987675765761807,0.3379919758215424,516
5_0_2,0.17920801531399552,0.23645397490346354,0.057245959589468015,0.057245959589468015,0.1274987897233394,0.16665583192239325,0.03915704219905386,0.09363034562400514,0.09363034562400514,0.3370845680832514,517
14_1_21,0.2476607014958912,0.32061779436492605,0.07295709286903485,0.07295709286903485,0.1855690927673813,0.19857701102997619,0.013007918262594897,0.08314875653127177,0.08314875653127177,0.3367852522375444,518
19_1_16,0.1072569966978526,0.16683055183300677,0.059573555135154166,0.059573555135154166,0.12052467006006876,0.14071924074769826,0.020194570687629504,0.1038000518230106,0.1038000518230106,0.3366277665970069,519
29_1_11,0.2675384397473029,0.33749730334975575,0.06995886360245285,0.06995886360245285,0.17717712650763145,0.19665796552651038,0.019480839018878926,0.0833358283945314,0.0833358283945314,0.3359466668397173,520
27_1_19,0.1347742320188115,0.2006706060358276,0.06589637401701609,0.06589637401701609,0.1565981553555026,0.1793548142225477,0.022756658867045115,0.08860517616488413,0.08860517616488413,0.33571780040189286,521
7_0_18,0.09404595541153117,0.14036100802199453,0.046315052610463356,0.046315052610463356,0.10420116152092787,0.17316421312296368,0.06896305160203581,0.09054517741613678,0.09054517741613678,0.3356911397071125,522
11_2_16,0.18362518591784607,0.24631630080710537,0.0626911148892593,0.0626911148892593,0.15069296730755408,0.18306214738211068,0.03236918007455661,0.08727381599893104,0.08727381599893104,0.3356887387343732,523
17_1_3,0.1970059530194253,0.262277873931801,0.06527192091237571,0.06527192091237571,0.16445641435010988,0.19477408545192668,0.030317671101816795,0.08343148478470766,0.08343148478470766,0.33516676197760653,524
21_2_9,0.07911949537434575,0.125131687038715,0.04601219166436925,0.04601219166436925,0.09966866272625895,0.1641015665587901,0.06443290383253115,0.09411756831722184,0.09411756831722184,0.3347934661375585,525
17_1_6,0.2083788631447777,0.27837349408873224,0.06999463094395456,0.06999463094395456,0.167815931495562,0.15625747655628205,-0.011558454939279955,0.08875435013099126,0.08875435013099126,0.33478740424007014,526
7_2_19,0.15925457941515814,0.22483080062139815,0.06557622120624002,0.06557622120624002,0.1462424735876347,0.16146529428883102,0.015222820701196321,0.0945724514680562,0.0945724514680562,0.3347763053291986,527
10_2_22,0.04850540000623222,0.08702217222298061,0.038516772216748395,0.038516772216748395,0.08117985176745042,0.16423881032955145,0.08305895856210103,0.0939153655741437,0.0939153655741437,0.33450407836298046,528
19_2_20,0.13247471182638412,0.19374229092513762,0.061267579098753494,0.061267579098753494,0.1327048194455374,0.15519231540499392,0.022487495959456538,0.0970103335683859,0.0970103335683859,0.3343455889478231,529
25_1_16,0.26037825660038866,0.3298317269762422,0.06945347037585353,0.06945347037585353,0.18363719611208335,0.16114257973024315,-0.022494616381840193,0.0807236170302768,0.0807236170302768,0.3342295182226751,530
5_0_5,0.24719551569501305,0.3203707693526506,0.07317525365763752,0.07317525365763752,0.18579224985997672,0.17669928173206526,-0.009092968127911466,0.08377081904511707,0.08377081904511707,0.3338635134541129,531
4_2_22,0.061846363986070886,0.09907652882198127,0.037230164835910386,0.037230164835910386,0.08020914782688203,0.16843893439200983,0.0882297865651278,0.09130087772769833,0.09130087772769833,0.33302662019217755,532
17_1_23,0.09867271878244649,0.15499222984271493,0.056319511060268446,0.056319511060268446,0.13291482261651305,0.17750554211085343,0.044590719494340375,0.08825288945070343,0.08825288945070343,0.3330003389216367,533
1_2_16,0.2071544751239057,0.2695603385063355,0.06240586338242979,0.06240586338242979,0.16627640442671893,0.20760620092595325,0.04132979649923432,0.07863931878215813,0.07863931878215813,0.3327657032034992,534
8_2_17,0.0773203537036437,0.13017172965508206,0.052851375951438365,0.052851375951438365,0.10212923276189205,0.13035090234378516,0.028221669581893108,0.10795617474292722,0.10795617474292722,0.33272668646138637,535
10_0_31,0.10964825073296977,0.16612307187281114,0.05647482113984137,0.05647482113984137,0.1186367403421205,0.14841890532999719,0.029782164987876683,0.09954123412004602,0.09954123412004602,0.3327238645306959,536
24_2_2,0.13830403773637678,0.1955079713629732,0.057203933626596426,0.057203933626596426,0.14794436993849053,0.19975831625138973,0.051813946312899206,0.08051231254676186,0.08051231254676186,0.3326618085631138,537
1_1_9,0.22067972319082152,0.2832970714811035,0.06261734829028198,0.06261734829028198,0.18079938579447205,0.2291945713443966,0.04839518554992456,0.07252050808330979,0.07252050808330979,0.33265998064595437,538
28_0_18,0.05898062643673483,0.10217845607373159,0.04319782963699676,0.04319782963699676,0.08606950320983786,0.1455524499112374,0.05948294670139953,0.10190945660024178,0.10190945660024178,0.33235976344785484,539
22_2_12,0.1790981802174898,0.24562535994648044,0.06652717972899064,0.06652717972899064,0.1564341734851092,0.1728837500151303,0.016449576530021076,0.08972858293277328,0.08972858293277328,0.3319652374317753,540
25_1_6,0.18913530304567894,0.2525154450485891,0.06338014200291014,0.06338014200291014,0.1549072458436384,0.18271021055632147,0.027802964712683065,0.08601160780718625,0.08601160780718625,0.3306840520915898,541
16_2_20,0.03672335582314172,0.06753197214869618,0.030808616325554455,0.030808616325554455,0.06431373227400013,0.16758790037444368,0.10327416810044356,0.08995435388662795,0.08995435388662795,0.33008785255263084,542
22_2_3,0.20061589531253154,0.2621931726079897,0.061577277295458144,0.061577277295458144,0.18454460549717092,0.236399314607379,0.05185470911020809,0.06982728619193043,0.06982728619193043,0.32983245913932746,543
22_0_6,0.12411770086601791,0.1846615912286848,0.0605438903626669,0.0605438903626669,0.1517754721439684,0.18822639102088318,0.03645091887691479,0.08358893359315434,0.08358893359315434,0.32905620860764123,544
10_0_3,0.06351579442538918,0.10050145873228152,0.03698566430689233,0.03698566430689233,0.08944743678914002,0.18682817188737516,0.09738073509823514,0.08148210129495163,0.08148210129495163,0.32875544167025217,545
25_2_4,0.11874091326540961,0.16183133084106566,0.04309041757565604,0.04309041757565604,0.1377271296030488,0.24241132431385767,0.10468419471080886,0.06340239823792035,0.06340239823792035,0.3284951856993225,546
20_0_4,0.20427329442558415,0.2703931588613806,0.06611986443579645,0.06611986443579645,0.1589116762442928,0.17567651628043213,0.016764840036139317,0.08780242785994961,0.08780242785994961,0.3284519410927812,547
23_1_3,0.06192725133148962,0.11120501823423634,0.04927776690274672,0.04927776690274672,0.12434622572183289,0.19082840458790848,0.06648217886607559,0.08152425277370809,0.08152425277370809,0.3284224225366514,548
9_1_23,0.031953945402019845,0.058001646536990914,0.02604770113497107,0.02604770113497107,0.0485932236691395,0.15630918409040903,0.10771596042126953,0.09453471034633816,0.09453471034633816,0.3282408990322866,549
0_2_5,0.17854005778308957,0.23721172056862913,0.05867166278553956,0.05867166278553956,0.1655571715078606,0.21763724407431795,0.05208007256645736,0.07399165044089472,0.07399165044089472,0.3278414149207286,550
4_2_20,0.2308833284898483,0.306459865282635,0.07557653679278672,0.07557653679278672,0.20958824953667843,0.20370195667846255,-0.005886292858215875,0.07666710319732989,0.07666710319732989,0.3269180504012501,551
6_0_28,0.058935045470507756,0.10247201738292522,0.04353697191241746,0.04353697191241746,0.09499169690926826,0.1583664422356787,0.06337474532641044,0.09330561797562674,0.09330561797562674,0.32551495551659515,552
25_1_27,0.08839045159361225,0.13552630700126958,0.04713585540765733,0.04713585540765733,0.09442036986397707,0.1365260683186584,0.04210569845468133,0.1031015772088301,0.1031015772088301,0.32549067198717246,553
15_2_0,0.11692140047202647,0.1660977218664676,0.04917632139444113,0.04917632139444113,0.14047771363470782,0.21626025462967088,0.07578254099496307,0.07204295454809172,0.07204295454809172,0.32519841562355467,554
14_0_10,0.2808390876448753,0.3550768464284849,0.07423775878360961,0.07423775878360961,0.1983207954722311,0.20249839714692403,0.004177601674692916,0.07938523328729659,0.07938523328729659,0.3250890496933697,555
16_2_30,0.05320610939765154,0.08919675862906737,0.03599064923141583,0.03599064923141583,0.08411527424944726,0.17735085486164223,0.09323558061219497,0.08415457680564177,0.08415457680564177,0.32507808144406525,556
3_0_14,0.16983199509935254,0.1087859679526165,-0.06104602714673604,0.06104602714673604,0.221976072918711,0.15984813484022578,-0.06212793807848521,-0.05914556013337558,0.05914556013337558,0.3248011650038727,557
3_2_22,0.307200149128568,0.379687333059869,0.07248718393130099,0.07248718393130099,0.18037899215560485,0.18105434413781707,0.0006753519822122189,0.08525294894714945,0.08525294894714945,0.3245437847706697,558
25_0_16,0.1981709142875568,0.1395999993993134,-0.0585709148882434,0.0585709148882434,0.2329980671739838,0.15868245128819433,-0.07431561588578947,-0.05415068677087068,0.05415068677087068,0.3245339063149021,559
24_2_0,0.1604043991302589,0.22071566134960566,0.06031126221934677,0.06031126221934677,0.1525888525021286,0.18620657884356695,0.033617726341438336,0.08292258645021057,0.08292258645021057,0.32426656984364416,560
9_1_9,0.0971395122614731,0.14990065730115004,0.05276114503967694,0.05276114503967694,0.12646434185876368,0.17335358159597744,0.04688923973721376,0.08671586994669939,0.08671586994669939,0.3234445251768774,561
0_1_13,0.26491860757916735,0.3317923155053065,0.06687370792613917,0.06687370792613917,0.19357991486616866,0.22275187005613023,0.029171955189961574,0.07281330331096292,0.07281330331096292,0.3233282244843233,562
19_2_17,0.2385581727584634,0.30213578831049615,0.06357761555203276,0.06357761555203276,0.14558330100339759,0.15851714079328277,0.012933839789885188,0.09219855639654656,0.09219855639654656,0.32323394421552887,563
16_0_28,0.14930209722447793,0.20913900226561316,0.05983690504113523,0.05983690504113523,0.13494292142505926,0.15566508351565275,0.020722162090593493,0.09328756073308923,0.09328756073308923,0.3230750172030321,564
25_0_17,0.155400723940753,0.2153715298716991,0.059970805930946114,0.059970805930946114,0.12871708480467514,0.14274050820657977,0.014023423401904628,0.09820465694181445,0.09820465694181445,0.3228603116955418,565
8_2_28,0.07544962887542994,0.12412672285499896,0.048677093979569014,0.048677093979569014,0.11001456277547288,0.16054875136120228,0.0505341885857294,0.09140509969686463,0.09140509969686463,0.32274997545475154,566
14_1_18,0.16059234772380598,0.22448245293046512,0.06389010520665914,0.06389010520665914,0.15200128529825407,0.16794664016887736,0.01594535487062329,0.08869430429692808,0.08869430429692808,0.32254291299522353,567
14_1_20,0.17092566385603675,0.2367362541181949,0.06581059026215816,0.06581059026215816,0.15719296790150775,0.16842522498177653,0.011232257080268787,0.0884964592942715,0.0884964592942715,0.3223304026980529,568
29_1_3,0.2678254253340094,0.3385532479666132,0.0707278226326038,0.0707278226326038,0.1842175087223261,0.19211610949605187,0.007898600773725784,0.08132244122677808,0.08132244122677808,0.32219214856220635,569
29_0_28,0.15728819945312347,0.2195094728705981,0.06222127341747463,0.06222127341747463,0.14472584494698038,0.16177499128501896,0.017049146338038584,0.09064262850899603,0.09064262850899603,0.3218699476251288,570
20_0_12,0.13140731547547435,0.19332774646553627,0.06192043099006192,0.06192043099006192,0.13565615686542848,0.14618401963396455,0.010527862768536067,0.09638348180378323,0.09638348180378323,0.32180354782947374,571
29_2_25,0.13488133861379817,0.19006028990946167,0.0551789512956635,0.0551789512956635,0.16487231960925727,0.22560309902768322,0.060730779418425945,0.06966690403289552,0.06966690403289552,0.321683912771539,572
13_2_12,0.1964287594065247,0.25693162916085255,0.06050286975432784,0.06050286975432784,0.16212031043134664,0.19837851401181095,0.036258203580464304,0.07830978052099637,0.07830978052099637,0.32124879932976186,573
8_1_9,0.3603932947277835,0.4286268139640894,0.06823351923630594,0.06823351923630594,0.20043781967305846,0.17658059879605514,-0.023857220877003316,0.07269269550775374,0.07269269550775374,0.32097571210421083,574
26_2_9,0.057072048749090235,0.09591599511850019,0.03884394636940995,0.03884394636940995,0.11096246603519631,0.21105949222902065,0.10009702619382434,0.07012315952243184,0.07012315952243184,0.32094090763042316,575
14_0_17,0.304827582185526,0.37653832146211763,0.0717107392765916,0.0717107392765916,0.18584610014273295,0.18934414727458623,0.0034980471318532824,0.08182296184061862,0.08182296184061862,0.3206937349138972,576
4_2_7,0.09398434279817945,0.1529656982194748,0.05898135542129536,0.05898135542129536,0.13134420323204737,0.1504050776410677,0.019060874409020323,0.09450528034355264,0.09450528034355264,0.320528955537738,577
27_2_6,0.2700403876002645,0.3441640565808239,0.07412366898055939,0.07412366898055939,0.2281002553650246,0.21492082639847013,-0.013179428966554468,0.0692225071704153,0.0692225071704153,0.32052814164398175,578
10_0_22,0.18185447649831063,0.24186782333236997,0.060013346834059345,0.060013346834059345,0.15829607949595348,0.19356401793708275,0.03526793844112927,0.07954877251383635,0.07954877251383635,0.3205150374952401,579
2_1_14,0.16262617139766153,0.21992402339415248,0.057297851996490956,0.057297851996490956,0.17991657033844144,0.23771099343666316,0.05779442309822172,0.06650035300793863,0.06650035300793863,0.3198269152413917,580
14_1_2,0.22076956011547405,0.28285045325973784,0.06208089314426379,0.06208089314426379,0.17568308313745928,0.21185642550727196,0.03617334236981268,0.07424665210271121,0.07424665210271121,0.3198215683117201,581
27_1_4,0.14201547559229694,0.20011648940115978,0.058101013808862845,0.058101013808862845,0.12438577355090974,0.13967868304446956,0.015292909493559825,0.09838171683210248,0.09838171683210248,0.31930296798803104,582
19_1_6,0.04049196629764174,0.08886943457661693,0.04837746827897519,0.04837746827897519,0.11219022337114139,0.16324005923690718,0.051049835865765794,0.08912459195534553,0.08912459195534553,0.31926259871944307,583
23_2_4,0.04920576175098432,0.08910251986718361,0.03989675811619929,0.03989675811619929,0.08861009539672321,0.15844129389010547,0.06983119849338226,0.09085358726266539,0.09085358726266539,0.31912198044771045,584
25_2_16,0.18958560992091542,0.24972692349382014,0.060141313572904725,0.060141313572904725,0.15411438847868833,0.18429437894563477,0.030179990466946444,0.08198969457251594,0.08198969457251594,0.31859355503177345,585
3_1_16,0.14654605689025307,0.20682704518983294,0.06028098829957987,0.06028098829957987,0.15741052121328314,0.1888941688151129,0.031483647601829756,0.08045060577111726,0.08045060577111726,0.31827540932243126,586
4_0_29,0.2369140944524974,0.2935870733874073,0.05667297893490991,0.05667297893490991,0.16621477882561625,0.21806491230820638,0.05185013348259013,0.07121406199158367,0.07121406199158367,0.31804865984424985,587
27_1_5,0.18001927401491166,0.23740970315426818,0.05739042913935652,0.05739042913935652,0.13680498629703766,0.16569854764045147,0.02889356134341381,0.08801735199282207,0.08801735199282207,0.31797001306970585,588
1_0_14,0.3096836532501415,0.3729688361388038,0.0632851828886623,0.0632851828886623,0.18693858011832654,0.22217454456029065,0.03523596444196411,0.07121485776940972,0.07121485776940972,0.3178462907285514,589
15_0_22,0.304693100861722,0.37143102643923276,0.06673792557751074,0.06673792557751074,0.19097002727264095,0.21419262856701654,0.02322260129437559,0.07376779934504968,0.07376779934504968,0.31759175481304935,590
6_1_20,0.20671962128580396,0.27218171750490033,0.06546209621909638,0.06546209621909638,0.16164081637325045,0.17313204675995372,0.011491230386703272,0.08562870299482789,0.08562870299482789,0.3175851737209967,591
4_1_19,0.17260067465297788,0.2371898111660486,0.06458913651307072,0.06458913651307072,0.16702834971805056,0.18567601396145664,0.01864766424340608,0.08161865436738891,0.08161865436738891,0.31752935717859576,592
23_0_0,0.09988894073577842,0.1487868498762804,0.04889790914050199,0.04889790914050199,0.12227039149768672,0.17822595913399214,0.05595556763630542,0.0826886186298224,0.0826886186298224,0.31713861599412924,593
4_2_14,0.21448519788014547,0.28099554544635663,0.06651034756621116,0.06651034756621116,0.17314014627618482,0.1871359556080534,0.013995809331868586,0.08121156440354174,0.08121156440354174,0.3170916416281208,594
28_1_30,0.07514090708130362,0.12001942418147293,0.04487851710016931,0.04487851710016931,0.10801478713183946,0.16954070834461155,0.06152592121277209,0.08523870840631895,0.08523870840631895,0.3157670411874772,595
15_1_10,0.1315504532269493,0.19164226145258184,0.06009180822563254,0.06009180822563254,0.14312862011822888,0.1626890195194416,0.019560399401212708,0.08844647028477584,0.08844647028477584,0.31562455887128665,596
24_2_10,0.11474384426647381,0.17075258929005357,0.05600874502357976,0.05600874502357976,0.12870080855277025,0.15446534080384514,0.02576453225107489,0.0913363831079814,0.0913363831079814,0.3152703040063488,597
2_0_4,0.08437102345071702,0.1375862899565809,0.053215266505863876,0.053215266505863876,0.1300047669278886,0.1697005793940996,0.03969581246621101,0.08543239175774923,0.08543239175774923,0.3147894672214665,598
20_2_11,0.19388270642826083,0.25071603482597704,0.05683332839771621,0.05683332839771621,0.1418625038091584,0.17422633481390365,0.03236383100474524,0.08400397702544928,0.08400397702544928,0.31463861963718703,599
11_0_14,0.18586567977551613,0.24616763075632506,0.06030195098080893,0.06030195098080893,0.14621121412036558,0.16624378342797191,0.02003256930760633,0.08689481500790136,0.08689481500790136,0.3145486243361524,600
21_1_16,0.1064513398762897,0.05518330107713145,-0.05126803879915825,0.05126803879915825,0.15015446852518544,0.09130822632690369,-0.058846242198281745,-0.07362753571354776,0.07362753571354776,0.314208661608013,601
23_0_11,0.10925151610436469,0.15740529428613226,0.04815377818176757,0.04815377818176757,0.12415356513602469,0.182503061303811,0.05834949616778631,0.08014641757699456,0.08014641757699456,0.31415279291962367,602
22_1_20,0.14007230837529908,0.20268930595277798,0.0626169975774789,0.0626169975774789,0.15315035256388912,0.1673175866488044,0.01416723408491527,0.08634803087131183,0.08634803087131183,0.31364853994081404,603
22_2_11,0.1634490703852605,0.2191753252780492,0.05572625489278871,0.05572625489278871,0.14955443081695188,0.1913403744697965,0.041785943652844604,0.07793735491281553,0.07793735491281553,0.31356914097002453,604
20_1_11,0.15563316329123159,0.21146159094070321,0.05582842764947163,0.05582842764947163,0.1264828815136506,0.149382076794414,0.022899195280763396,0.09272547578984625,0.09272547578984625,0.31350147155795216,605
1_1_8,0.34915493053165514,0.426558698702479,0.07740376817082384,0.07740376817082384,0.24495787183835888,0.24362030460644907,-0.0013375672319098086,0.0671579547111712,0.0671579547111712,0.31344490784636536,606
19_0_22,0.07881573264545416,0.12159310224430135,0.04277736959884719,0.04277736959884719,0.10719416932963632,0.17664823647864186,0.06945406714900554,0.08144051126326936,0.08144051126326936,0.31343976828915304,607
5_0_20,0.11510611394555534,0.17113317725626598,0.05602706331071064,0.05602706331071064,0.12949045935867529,0.15390414819177892,0.02441368883310363,0.09087197280544204,0.09087197280544204,0.3131410402597584,608
8_0_0,0.14920541465707265,0.21042985674847015,0.06122444209139749,0.06122444209139749,0.21035299808806712,0.2587476943069817,0.04839469621891457,0.061124817089068334,0.061124817089068334,0.3126202747073579,609
24_0_25,0.17534308625799666,0.24261625470983259,0.06727316845183592,0.06727316845183592,0.19326492345764446,0.176649352502821,-0.016615570954823466,0.07421530336157618,0.07421530336157618,0.3122761756280991,610
10_2_12,0.23041113430716342,0.3015828609752817,0.07117172666811827,0.07117172666811827,0.1910238529119423,0.19102511051979926,1.2576078569637161e-06,0.07909566853807617,0.07909566853807617,0.3113791479083602,611
6_2_24,0.09198588889285864,0.148672433757782,0.05668654486492336,0.05668654486492336,0.12941211742578182,0.14846700186122938,0.01905488443544756,0.0921939216679212,0.0921939216679212,0.31081908922001256,612
21_2_10,0.14236129113995266,0.19593316640810873,0.05357187526815607,0.05357187526815607,0.12079668326727626,0.14608458791971674,0.025287904652440477,0.09301649886980859,0.09301649886980859,0.310283618417137,613
10_1_1,0.14808191600063908,0.20844388315002688,0.060361967149387796,0.060361967149387796,0.1314946891104031,0.13452556558683046,0.0030308764764273577,0.09718706437513182,0.09718706437513182,0.3101220397929577,614
17_0_9,0.13338115282948426,0.17746650260611183,0.044085349776627564,0.044085349776627564,0.11659551012505938,0.18402070242486612,0.06742519229980674,0.07757165429241417,0.07757165429241417,0.3093391760155988,615
24_2_11,0.09443639545202664,0.045783547162154575,-0.04865284828987207,0.04865284828987207,0.12357689793100494,0.07664116762450114,-0.0469357303065038,-0.08479260388113256,0.08479260388113256,0.3092618063319004,616
25_0_21,0.12460255051975498,0.16271620702331246,0.03811365650355748,0.03811365650355748,0.11822448129883592,0.21594394504585132,0.0977194637470154,0.06498951609721879,0.06498951609721879,0.3089448560306532,617
15_1_19,0.18520566584113568,0.242978001694622,0.05777233585348632,0.05777233585348632,0.1479736949505391,0.17460176353588439,0.026628068585345277,0.08210007425288535,0.08210007425288535,0.3081071768887209,618
11_2_1,0.332897288048108,0.4002032462184239,0.06730595817031593,0.06730595817031593,0.24667194376733387,0.28006462397667303,0.033392680209339165,0.05761541818452886,0.05761541818452886,0.30777810133019357,619
17_1_15,0.10926063075267717,0.1541918304876565,0.04493119973497933,0.04493119973497933,0.11773172364574078,0.18028469321365545,0.06255296956791467,0.07854643383644341,0.07854643383644341,0.30759645251322365,620
11_1_14,0.15414673261204628,0.2103883324463795,0.05624159983433322,0.05624159983433322,0.17106044705378262,0.21716552192313032,0.0461050748693477,0.06885524966780382,0.06885524966780382,0.307022643875232,621
23_1_19,0.04384424427525418,0.08610413221478921,0.042259887939535036,0.042259887939535036,0.09068460774507382,0.1374433546415964,0.04675874689652258,0.09586740408727096,0.09586740408727096,0.3068303379938818,622
20_0_14,0.25738995154695204,0.3243547257234306,0.06696477417647856,0.06696477417647856,0.18681045372187827,0.19676922415177353,0.009958770429895264,0.07592010239046657,0.07592010239046657,0.3063208435256715,623
12_0_2,0.12193898354542862,0.18212006380639684,0.06018108026096822,0.06018108026096822,0.13894755955414775,0.14601197077979133,0.00706441122564358,0.09162177407733904,0.09162177407733904,0.30628239439943106,624
0_1_19,0.11922072670942202,0.17569245397269445,0.05647172726327243,0.05647172726327243,0.1473607281151344,0.17755390291905457,0.03019317480392017,0.08048444009350939,0.08048444009350939,0.3061944893265332,625
20_0_21,0.21150947882525298,0.2760507580707835,0.06454127924553052,0.06454127924553052,0.16134077143713632,0.15689024879311247,-0.0044505226440238466,0.08499202689554483,0.08499202689554483,0.30616545579830823,626
26_2_6,0.06597546601640981,0.11097732978324878,0.04500186376683897,0.04500186376683897,0.10678044572087718,0.15714322071851541,0.050362774997638235,0.08702661218045753,0.08702661218045753,0.306058522801524,627
10_0_7,0.13644225648607128,0.19633605560077413,0.059893799114702856,0.059893799114702856,0.13816064827321162,0.14565551486523237,0.007494866592020755,0.09168763133425771,0.09168763133425771,0.30605597218123204,628
15_1_2,0.08592496569591844,0.12906202376801768,0.043137058072099235,0.043137058072099235,0.12251505354993518,0.19567831086584325,0.07316325731590807,0.07216885405798347,0.07216885405798347,0.3055010327087125,629
14_2_20,0.15624357126420926,0.10371504007645845,-0.05252853118775082,0.05252853118775082,0.2005874488211129,0.13116784697368553,-0.06941960184742738,-0.05645402538571876,0.05645402538571876,0.305344117383334,630
21_2_13,0.14090564864138594,0.20152997445308513,0.06062432581169919,0.06062432581169919,0.15009341032417226,0.16307518516848482,0.012981774844312566,0.08533668932614359,0.08533668932614359,0.3052963141951283,631
29_1_9,0.3525925602071983,0.42226144263484394,0.06966888242764563,0.06966888242764563,0.25778803129895295,0.23273656554214509,-0.02505146575680786,0.05771223241047327,0.05771223241047327,0.30513209116275253,632
5_0_10,0.38579243434945826,0.4509464153949014,0.06515398104544312,0.06515398104544312,0.19528653672507842,0.17600021143770436,-0.019286325287374062,0.0711887516080839,0.0711887516080839,0.3050635913616504,633
14_1_1,0.13425603914757894,0.08483481219588097,-0.04942122695169797,0.04942122695169797,0.16892336300361266,0.10045173230418984,-0.06847163069942282,-0.06315974526483564,0.06315974526483564,0.30506357087461017,634
10_1_21,0.12393434372183573,0.07251633455273528,-0.051418009169100456,0.051418009169100456,0.14780025167137958,0.09915556506087614,-0.048644686610503446,-0.07486477388912614,0.07486477388912614,0.3048791488315755,635
7_0_11,0.10154487252849576,0.14431298870995865,0.042768116181462895,0.042768116181462895,0.09832066259831129,0.1499451272776156,0.051624464679304316,0.08948110717456616,0.08948110717456616,0.3046973619386579,636
16_0_12,0.11764784778990287,0.16135829506882365,0.04371044727892079,0.04371044727892079,0.12404887151609542,0.19469898079042763,0.07065010927433221,0.0723635046167076,0.0723635046167076,0.3045499174156657,637
11_2_9,0.2462950650679767,0.302812641149363,0.05651757608138633,0.05651757608138633,0.16172451140414343,0.1262990937595471,-0.035425417644596335,0.07491231239020385,0.07491231239020385,0.3043319690139058,638
5_0_7,0.07553381932968803,0.11400309072559958,0.03846927139591155,0.03846927139591155,0.11404730675668662,0.2024899858949517,0.08844267913826509,0.06825313730643144,0.06825313730643144,0.3041035264427112,639
18_2_4,0.24456745911691388,0.30883814022711353,0.06427068111019965,0.06427068111019965,0.19222833018692514,0.21314133060167054,0.020913000414745392,0.07063916112410867,0.07063916112410867,0.30364427377376507,640
12_1_5,0.23350154464606324,0.3008866557099331,0.06738511106386988,0.06738511106386988,0.18439450749276953,0.1888498732822032,0.004455365789433674,0.07749940697821067,0.07749940697821067,0.3035301703926654,641
3_2_11,0.1963079147222596,0.2548116443240322,0.05850372960177258,0.05850372960177258,0.1706116038608955,0.20381257660948074,0.033200972748585245,0.07210527343400917,0.07210527343400917,0.3034147028253905,642
11_0_11,0.24488322259623677,0.3048944015136264,0.060011178917389635,0.060011178917389635,0.18134162766483378,0.2137363629951246,0.03239473533029083,0.06966049158237489,0.06966049158237489,0.3032679588567696,643
8_2_10,0.11418316754164232,0.16135200143092618,0.04716883388928386,0.04716883388928386,0.1315733919206955,0.19004975531835894,0.05847636339766343,0.07423860806094436,0.07423860806094436,0.3031705669975384,644
8_0_23,0.08814253393746573,0.13936670018509242,0.0512241662476267,0.0512241662476267,0.11712594113407811,0.14359557714140206,0.02646963600732395,0.09165269646281086,0.09165269646281086,0.3031063349549878,645
22_0_30,0.15060723740826754,0.09453331948809017,-0.056073917920177366,0.056073917920177366,0.20452876751647794,0.14951737793000425,-0.0550113895864737,-0.058940667950421216,0.058940667950421216,0.3025552492885537,646
4_2_3,0.22221481067852145,0.28864010156768344,0.06642529088916199,0.06642529088916199,0.18048067218027827,0.1754717094079432,-0.005008962772335063,0.07824053891233898,0.07824053891233898,0.30251424478510636,647
28_0_4,0.05813234249691772,0.10136019849557014,0.04322785599865242,0.04322785599865242,0.08909291768681904,0.12315683922176031,0.03406392153494127,0.10064341208087225,0.10064341208087225,0.3019927525914532,648
24_2_12,0.07484607812962842,0.12225220254014857,0.04740612441052015,0.04740612441052015,0.10060008413863192,0.12698396938945322,0.026383885250821304,0.09848393843866972,0.09848393843866972,0.3019840765783583,649
20_1_14,0.13797071582968162,0.18815508677336565,0.050184370943684026,0.050184370943684026,0.12064261507208734,0.15456778924982903,0.033925174177741685,0.08693252776409065,0.08693252776409065,0.3019147343961305,650
29_2_1,0.12554204854381304,0.1737979172691976,0.048255868725384565,0.048255868725384565,0.12658413233994475,0.17490768780362703,0.04832355546368228,0.07923100572820689,0.07923100572820689,0.3018389962098222,651
24_1_15,0.13051720648920587,0.18179774323127285,0.05128053674206698,0.05128053674206698,0.1210822346404651,0.14984290124266325,0.028760666602198157,0.08872061306907089,0.08872061306907089,0.3016955118901254,652
26_1_20,0.19204438290799852,0.25464273992499575,0.06259835701699723,0.06259835701699723,0.16948992142605993,0.1834108309489885,0.01392090952292857,0.07809534777736014,0.07809534777736014,0.30163293254300616,653
5_1_26,0.2012277264005958,0.25850843622726866,0.057280709826672854,0.057280709826672854,0.1670997864224733,0.20174956477644868,0.03464977835397537,0.07203051249075644,0.07203051249075644,0.30151527239821085,654
18_2_8,0.3220286262859468,0.3815126657857278,0.05948403949978098,0.05948403949978098,0.21543777915482024,0.17031451478224283,-0.04512326437257741,0.0592276087773168,0.0592276087773168,0.30136874702759997,655
12_0_20,0.11081792961823388,0.16473905137349218,0.0539211217552583,0.0539211217552583,0.14987735917426412,0.1884284077885203,0.03855104861425618,0.07536326345159436,0.07536326345159436,0.30121897049869095,656
20_0_2,0.1786297341990525,0.23908961456129987,0.060459880362247365,0.060459880362247365,0.15154882629939564,0.16253736748098319,0.010988541181587541,0.0843551032980928,0.0843551032980928,0.3011983607112087,657
12_0_1,0.26856267942730905,0.33784310278655827,0.06928042335924922,0.06928042335924922,0.2128096346408451,0.22036531584376992,0.007555681202924824,0.06904484908168176,0.06904484908168176,0.30036492119896524,658
29_1_1,0.13967012144029556,0.19807694670917872,0.05840682526888316,0.05840682526888316,0.16417989808123903,0.1913423745285079,0.02716247644726888,0.0749107375728438,0.0749107375728438,0.3003076093555225,659
7_1_14,0.11431937390799357,0.0683954059050924,-0.045923968002901175,0.045923968002901175,0.16872178093497217,0.09045114815580763,-0.07827063277916455,-0.058871689975597045,0.058871689975597045,0.30023991539768113,660
22_1_2,0.25767302880702425,0.3208759218794181,0.06320289307239385,0.06320289307239385,0.15622686151763032,0.1548139960840786,-0.0014128654335517354,0.0858728757760178,0.0858728757760178,0.300237663479888,661
21_0_19,0.4367876134484377,0.49768099195414883,0.06089337850571114,0.06089337850571114,0.15462595033509755,0.16488800377639243,0.010262053441294883,0.08330246258343292,0.08330246258343292,0.3001034687332123,662
12_0_3,0.13627231000652715,0.19415648364314353,0.05788417363661638,0.05788417363661638,0.15861555418880174,0.18395538856605873,0.02533983437725698,0.07685718692580634,0.07685718692580634,0.29954430955632344,663
2_2_4,0.16280422219548332,0.22161953167360565,0.05881530947812233,0.05881530947812233,0.15704882845378876,0.177395644409997,0.020346815956208242,0.07898744043488537,0.07898744043488537,0.2995405062906877,664
14_2_8,0.1277604702732324,0.17277768377415725,0.04501721350092486,0.04501721350092486,0.15962623516573565,0.24013304182827508,0.08050680666253943,0.05823039686786967,0.05823039686786967,0.29931220048346796,665
4_0_0,0.1613633237357918,0.21031738065976366,0.04895405692397187,0.04895405692397187,0.16272309745646762,0.2279049081730147,0.06518181071654708,0.06252623914067094,0.06252623914067094,0.29914840619032895,666
9_0_21,0.316393300484464,0.3837014103414581,0.06730810985699409,0.06730810985699409,0.1883027501541308,0.18964398968797627,0.001341239533845462,0.07587608047656007,0.07587608047656007,0.29750480987705324,667
18_1_27,0.07313796522351358,0.11691211584947843,0.04377415062596485,0.04377415062596485,0.1063373454067778,0.15452556836500958,0.048188222958231774,0.08512305170755587,0.08512305170755587,0.29747127040022353,668
22_0_17,0.2028796383441496,0.25669639537544137,0.05381675703129177,0.05381675703129177,0.1598062612688605,0.20117101881341062,0.04136475754455013,0.0705622355395602,0.0705622355395602,0.297300648101767,669
29_0_2,0.1383680593892202,0.19532400985631554,0.05695595046709534,0.05695595046709534,0.13266367085619507,0.14082191058864882,0.008158239732453748,0.09077766897012897,0.09077766897012897,0.2972832751230926,670
13_0_15,0.13044200075260165,0.18029772084123552,0.04985572008863387,0.04985572008863387,0.18325570677862707,0.2518835201086756,0.06862781333004853,0.05665646246088878,0.05665646246088878,0.29724860949027676,671
9_0_2,0.23528575819495132,0.30302758504726585,0.06774182685231453,0.06774182685231453,0.19159822932457168,0.19211480115263221,0.0005165718280605303,0.07507200748748676,0.07507200748748676,0.2966518066859823,672
3_2_24,0.13512622561211304,0.19003178078458952,0.05490555517247647,0.05490555517247647,0.15197208972776974,0.18333337715949227,0.031361287431722534,0.07589896996059547,0.07589896996059547,0.2966299627995427,673
3_2_6,0.10373934748108611,0.15818463328917937,0.054445285808093255,0.054445285808093255,0.18483948732203553,0.23504514265393728,0.050205655331901744,0.061708443510917824,0.061708443510917824,0.2964926148811984,674
8_0_21,0.40870700378932945,0.47820537305827776,0.06949836926894831,0.06949836926894831,0.26885756468870936,0.24794852000462525,-0.02090904468408411,0.05516169921991231,0.05516169921991231,0.29637245108521226,675
16_0_2,0.040066444147090576,0.07655965790174928,0.0364932137546587,0.0364932137546587,0.09587819453025206,0.17148059142845462,0.07560239689820256,0.0768912627360682,0.0768912627360682,0.2963212107993913,676
26_0_0,0.15594034842272808,0.2141363195935213,0.058195971170793226,0.058195971170793226,0.15652659621351425,0.1761121797908072,0.019585583577292953,0.07843827142594567,0.07843827142594567,0.2961692053455979,677
13_2_17,0.11470933858860631,0.1654657506112,0.05075641202259369,0.05075641202259369,0.14515143105650907,0.1897166336168073,0.04456520256029822,0.0730466188445707,0.0730466188445707,0.2958514393547673,678
29_1_27,0.19469444891232565,0.25320772794246127,0.05851327903013562,0.05851327903013562,0.15749725515984792,0.14032727626303682,-0.0171699788968111,0.07925942447201971,0.07925942447201971,0.2954976179675992,679
17_0_14,0.14273007947432892,0.19757744615391623,0.05484736667958731,0.05484736667958731,0.11916824304624156,0.12252934898808931,0.0033611059418477557,0.09741586658710079,0.09741586658710079,0.29536592044329807,680
24_1_21,0.1585099948767019,0.21673752812469912,0.05822753324799723,0.05822753324799723,0.14175201091720688,0.13417055805596237,-0.007581452861244509,0.0873595708298435,0.0873595708298435,0.29535610429341486,681
20_1_18,0.2311990675856837,0.2960791709482751,0.06488010336259142,0.06488010336259142,0.18312223469608926,0.17806424702044207,-0.005057987675647191,0.07533457317510901,0.07533457317510901,0.29412496315522535,682
19_0_16,0.1317356030274524,0.18285820463307342,0.051122601605621015,0.051122601605621015,0.17183356515244455,0.22706011058046535,0.0552265454280208,0.062141194925456666,0.062141194925456666,0.29345567637125225,683
28_2_8,0.13801735045344585,0.08581251205611092,-0.05220483839733493,0.05220483839733493,0.18397369892888296,0.13008009415926403,-0.053893604769618936,-0.06104827102604074,0.06104827102604074,0.2934378291089402,684
10_2_6,0.18478059451236317,0.23741588192123048,0.052635287408867304,0.052635287408867304,0.15371800113195808,0.19281604318025453,0.03909804204829645,0.07175915955470397,0.07175915955470397,0.2931292985341643,685
27_1_12,0.21493327211798277,0.2723546885753843,0.057421416457401536,0.057421416457401536,0.14612394603988546,0.13416023152164613,-0.011963714518239327,0.08370500043971893,0.08370500043971893,0.29286322346076665,686
11_0_21,0.27170647144455445,0.33378258345581,0.06207611201125557,0.06207611201125557,0.1632021544141915,0.16740094393817853,0.004198789523987029,0.08063794984214821,0.08063794984214821,0.29280871927149243,687
8_0_8,0.16800331526582557,0.2336188153904745,0.06561550012464892,0.06561550012464892,0.21776415191367648,0.23416257540090396,0.016398423487227476,0.06379991331943416,0.06379991331943416,0.29263840221725923,688
6_1_0,0.08410653957836695,0.13442165447185503,0.05031511489348808,0.05031511489348808,0.11752824717681722,0.13905502892510524,0.021526781748288024,0.0899480896762732,0.0899480896762732,0.29257261967629633,689
28_2_14,0.17822142911814612,0.2299158953319833,0.05169446621383719,0.05169446621383719,0.1881421471687165,0.24704627429084994,0.05890412712213344,0.057434658701615356,0.057434658701615356,0.2925399744066304,690
17_2_12,0.2150166205177287,0.2752548509136224,0.06023823039589368,0.06023823039589368,0.16176211425014736,0.1725510065203871,0.010788892270239742,0.07879849428127225,0.07879849428127225,0.2924841213688577,691
8_0_13,0.25810525581675153,0.326415674243406,0.06831041842665447,0.06831041842665447,0.2153612035927115,0.21042349500184115,-0.004937708590870338,0.06746736222293721,0.06746736222293721,0.292461574867212,692
25_1_15,0.15151461124620214,0.20155707968088982,0.05004246843468768,0.05004246843468768,0.11997818488660231,0.1451282032773235,0.0251500183907212,0.08752354029871048,0.08752354029871048,0.2924605042591876,693
13_1_19,0.27857878250244517,0.34164467568948964,0.06306589318704447,0.06306589318704447,0.18890005735729873,0.20268242608566514,0.013782368728366412,0.07066636373434808,0.07066636373434808,0.2922675003322975,694
9_2_26,0.17480657808804714,0.2336587806721165,0.05885220258406937,0.05885220258406937,0.16507522585443923,0.18285139061764458,0.017776164763205343,0.07530215142574023,0.07530215142574023,0.291527320346064,695
19_2_2,0.09458189449253906,0.1475967787759142,0.05301488428337514,0.05301488428337514,0.12936412043594442,0.14753382951135685,0.018169709075412432,0.08633135700003466,0.08633135700003466,0.2912314868207827,696
4_2_26,0.18228767408998026,0.24268015864322118,0.06039248455324092,0.06039248455324092,0.18286011558046425,0.20322038764920414,0.020360272068739887,0.06977222520035488,0.06977222520035488,0.29092647817110395,697
27_0_27,0.11732028512873738,0.06758239780358807,-0.049737887325149305,0.049737887325149305,0.1563604280119753,0.10788525881687851,-0.0484751691950968,-0.06844204212182421,0.06844204212182421,0.2908856946812191,698
28_2_15,0.1264508123494535,0.17500160781157187,0.04855079546211838,0.04855079546211838,0.1760049034766142,0.2411684582977159,0.0651635548211017,0.05745918760912572,0.05745918760912572,0.2908229898306704,699
13_2_11,0.17354754699378103,0.23131188141646733,0.0577643344226863,0.0577643344226863,0.16168214106553228,0.18130581212998187,0.019623671064449594,0.07540653407096085,0.07540653407096085,0.2907097728282348,700
4_2_27,0.11460373315329045,0.16523795810224723,0.05063422494895678,0.05063422494895678,0.13160689835689665,0.16230522360366925,0.0306983252467726,0.08067195745825823,0.08067195745825823,0.29067232398560083,701
26_0_27,0.03096200376312362,0.05488520591146118,0.023923202148337555,0.023923202148337555,0.05690549488253145,0.15744129187033362,0.10053579698780217,0.07778004842683812,0.07778004842683812,0.2904683333386624,702
13_1_8,0.1557827139653299,0.20612507883611872,0.05034236487078883,0.05034236487078883,0.14608153468742685,0.18749666932110748,0.04141513463368063,0.07209567954038214,0.07209567954038214,0.2897932120403412,703
11_1_18,0.059930504601693066,0.09290632387766966,0.03297581927597659,0.03297581927597659,0.08647431740607084,0.16577164359680582,0.07929732619073498,0.07626110802598532,0.07626110802598532,0.2897386768807017,704
12_0_16,0.236751465326355,0.2931527428366449,0.05640127751028989,0.05640127751028989,0.16909036381470963,0.1973816207193949,0.028291256904685286,0.07025443105208146,0.07025443105208146,0.2893672643077473,705
3_0_9,0.06745922355595063,0.10442134009722981,0.03696211654127918,0.03696211654127918,0.09101679908887926,0.15155436747906753,0.06053756839018827,0.08276397972205835,0.08276397972205835,0.2889660815828883,706
29_0_30,0.14748148523668655,0.20469414378712614,0.05721265855043958,0.05721265855043958,0.138074859519456,0.13453105424004602,-0.0035438052794099784,0.0880054338390521,0.0880054338390521,0.28887465455877787,707
17_0_17,0.16039334643490302,0.21742822181149624,0.057034875376593214,0.057034875376593214,0.14623256812839616,0.15710253822502204,0.01086997009662588,0.08247482691763464,0.08247482691763464,0.2888050631160515,708
11_0_12,0.23090212180186875,0.28964501658052155,0.0587428947786528,0.0587428947786528,0.1714772176874371,0.19079545953192986,0.019318241844492767,0.07235318195871429,0.07235318195871429,0.2887839403138177,709
1_2_22,0.22944118752747625,0.28608729773660896,0.05664611020913271,0.05664611020913271,0.17603680734980867,0.1472097920338031,-0.028827015316005566,0.06885920580989102,0.06885920580989102,0.2886817287041964,710
23_1_5,0.05987037195869049,0.1020094347468947,0.04213906278820421,0.04213906278820421,0.09394803380722291,0.12787649675860424,0.03392846295138133,0.09322970045049465,0.09322970045049465,0.28829144396253625,711
17_2_9,0.3177719077418185,0.3755253277153484,0.057753419973529896,0.057753419973529896,0.14753362189101316,0.15554358697643794,0.008009965085424786,0.08285833562008817,0.08285833562008817,0.28813704562411735,712
22_0_31,0.12300177771138633,0.17149461790272968,0.04849284019134335,0.04849284019134335,0.18275426031274533,0.24835200942627633,0.065597749113531,0.05531678017542137,0.05531678017542137,0.28811650993210863,713
13_0_12,0.14752496336500767,0.2022476592373656,0.054722695872357924,0.054722695872357924,0.14790507117297097,0.16934220358481744,0.02143713241184647,0.07797666789731077,0.07797666789731077,0.2878706603667788,714
13_1_9,0.19490881330041038,0.2514926861796737,0.05658387287926331,0.05658387287926331,0.13291113857982584,0.13240883205219003,-0.0005023065276358041,0.09030811983101943,0.09030811983101943,0.2869441935605953,715
6_0_0,0.1475005275535045,0.20186789988899703,0.05436737233549252,0.05436737233549252,0.14798120487306984,0.16986846389539106,0.02188725902232122,0.0774214985929438,0.0774214985929438,0.28659639231466083,716
8_2_0,0.07925365252276886,0.11637114126880306,0.0371174887460342,0.0371174887460342,0.13407997990174647,0.22514526852459107,0.0910652886228446,0.05646403876192486,0.05646403876192486,0.2865793830967568,717
5_2_12,0.0846093883652439,0.13199617572630315,0.04738678736105925,0.04738678736105925,0.1119545114135963,0.13696019264516782,0.025005681231571514,0.08873999119319077,0.08873999119319077,0.28657878570454504,718
11_1_17,0.14670125710928822,0.0968770365506149,-0.04982422055867332,0.04982422055867332,0.1636185090016421,0.11556272927199115,-0.048055779729650944,-0.06549605887629725,0.06549605887629725,0.286483309408891,719
21_2_2,0.14914102604331597,0.2037267247105295,0.05458569866721352,0.05458569866721352,0.13905638884959667,0.15340102628094626,0.014344637431349588,0.0828809954046143,0.0828809954046143,0.28643485645050765,720
21_0_13,0.2168155028499634,0.26707431961700834,0.05025881676704494,0.05025881676704494,0.16845637151009404,0.21917768092737203,0.05072130941727798,0.0623914318861883,0.0623914318861883,0.28631021612582314,721
15_0_23,0.31445647472004423,0.3759029339154791,0.061446459195434844,0.061446459195434844,0.18223242061195205,0.1932243624078221,0.010991941795870042,0.0714126960270468,0.0714126960270468,0.285640450734902,722
11_0_27,0.2214263440075116,0.27656092008550587,0.05513457607799427,0.05513457607799427,0.14396370362281036,0.15865061725395907,0.014686913631148713,0.0808789376440811,0.0808789376440811,0.2855238776060055,723
14_0_18,0.2727319873134784,0.3308656650554112,0.05813367774193279,0.05813367774193279,0.17803222741458222,0.2002164082770474,0.02218418086246518,0.06893979154095327,0.06893979154095327,0.2854747330348248,724
17_0_19,0.25562443829018267,0.3131750695552642,0.05755063126508153,0.05755063126508153,0.1684807458832572,0.18739103085392284,0.01891028497066563,0.07214803520555739,0.07214803520555739,0.28469267759132,725
5_1_15,0.25211215371622836,0.308002166621534,0.05589001290530565,0.05589001290530565,0.15738015500711489,0.17633403621484986,0.018953881207734974,0.07496035517498421,0.07496035517498421,0.28407082272635265,726
14_1_30,0.271400247755002,0.33450527474348,0.06310502698847803,0.06310502698847803,0.20071082548535749,0.21195173266099201,0.011240907175634529,0.06662472340520433,0.06662472340520433,0.28378891522799066,727
15_2_22,0.06997144952804821,0.10284669495684391,0.032875245428795705,0.032875245428795705,0.09925938889320242,0.185431722015881,0.0861723331226786,0.0665422764800582,0.0665422764800582,0.2834463245321307,728
4_2_30,0.11650284911544194,0.16498709212343107,0.04848424300798913,0.04848424300798913,0.16312014098488703,0.21558666440215532,0.05246652341726829,0.062081579479888016,0.062081579479888016,0.2828665785817742,729
16_2_11,0.2946774486693371,0.35630208221231274,0.06162463354297565,0.06162463354297565,0.20116206246244872,0.18621807420245987,-0.014943988259988855,0.06532204300314227,0.06532204300314227,0.28197114979490223,730
24_1_8,0.13981354605327412,0.18508369541262668,0.04527014935935256,0.04527014935935256,0.1666261544064698,0.23329053963200239,0.06666438522553259,0.056488703353997395,0.056488703353997395,0.2819482286834857,731
29_0_20,0.14705420966143604,0.19808239716801362,0.05102818750657759,0.05102818750657759,0.12693002553811966,0.14375194995654247,0.016821924418422812,0.08473712661231501,0.08473712661231501,0.2818876305613994,732
21_0_12,0.33565055410061867,0.39836673646291076,0.0627161823622921,0.0627161823622921,0.17792010336661893,0.17805803186345665,0.00013792849683771924,0.07485384928683507,0.07485384928683507,0.2818336860569746,733
27_2_17,0.15616739281418085,0.21168703184162885,0.055519639027448,0.055519639027448,0.1598907249391605,0.14126863914996182,-0.01862208578919869,0.07413149245606933,0.07413149245606933,0.28148526612115154,734
15_0_29,0.10453604811743915,0.15183408426514017,0.04729803614770102,0.04729803614770102,0.13974142505900358,0.18305685014959894,0.043315425090595355,0.07070415637774911,0.07070415637774911,0.2814348174641186,735
11_0_17,0.17730512897226253,0.22934790561612212,0.05204277664385959,0.05204277664385959,0.15694695271154419,0.18969358854173754,0.032746635830193355,0.06968393500608838,0.06968393500608838,0.28136971126949634,736
5_2_9,0.30254954892489033,0.36371088538466123,0.0611613364597709,0.0611613364597709,0.21272825593464742,0.192610965298643,-0.020117290636004426,0.061376093642260016,0.061376093642260016,0.2809181451103971,737
23_0_20,0.10322290398016158,0.1514538528566763,0.04823094887651473,0.04823094887651473,0.11034336951068592,0.09805719964197204,-0.012286169868713878,0.09314691062502088,0.09314691062502088,0.28084382795750695,738
3_2_2,0.06990150998598929,0.09885695554248483,0.02895544555649554,0.02895544555649554,0.09132423756734215,0.18975987517280862,0.09843563760546648,0.06262337136711443,0.06262337136711443,0.28073973664707347,739
23_2_28,0.06617042156192854,0.11046492524096976,0.044294503679041225,0.044294503679041225,0.10976822966804183,0.14239186017113148,0.032623630503089654,0.0842701729390917,0.0842701729390917,0.28017352635102355,740
12_2_11,0.2320121172766209,0.28209468570962676,0.05008256843300585,0.05008256843300585,0.16173467397105945,0.20423184832545008,0.04249717435439063,0.06489336038936534,0.06489336038936534,0.28008681359150045,741
6_2_18,0.07353063998964808,0.11683006400731555,0.04329942401766747,0.04329942401766747,0.12538322927780543,0.17590262688748584,0.05051939760968041,0.07171849203028757,0.07171849203028757,0.27978867712829086,742
8_1_17,0.14920894582293281,0.20258647733096713,0.053377531508034315,0.053377531508034315,0.12958302951857312,0.12404774704191425,-0.005535282476658868,0.08755906649691195,0.08755906649691195,0.2797415031294324,743
17_1_22,0.14911925757332273,0.2092138355363403,0.060094577963017565,0.060094577963017565,0.1671216268634435,0.1700095916476084,0.0028879647841648926,0.0762905299056207,0.0762905299056207,0.27962253014882743,744
22_2_21,0.12294301549166332,0.17330529633363917,0.050362280841975846,0.050362280841975846,0.1499411087411069,0.18398564221734492,0.03404453347623804,0.07050687616578757,0.07050687616578757,0.27928938232727374,745
6_1_22,0.15906400513777713,0.20808545783958454,0.04902145270180741,0.04902145270180741,0.15471813174148344,0.19724839675661546,0.04253026501513202,0.0663454128718416,0.0663454128718416,0.27920685981460003,746
27_1_8,0.12754493870841974,0.17954204936888804,0.051997110660468304,0.051997110660468304,0.13547483946512104,0.15206257499199421,0.016587735526873176,0.08096872039128349,0.08096872039128349,0.27900260857429776,747
18_0_15,0.34407169107211955,0.40296279396157414,0.058891102889454594,0.058891102889454594,0.18708948506351353,0.2046201255189011,0.017530640455387575,0.06657516156270263,0.06657516156270263,0.27900223965104354,748
14_0_19,0.34552880488625637,0.40461952864185413,0.05909072375559776,0.05909072375559776,0.21053009592520572,0.18534837037992002,-0.025181725545285694,0.05998687973855627,0.05998687973855627,0.2788588475654925,749
14_2_27,0.1590441881789775,0.20467836591314953,0.04563417773417203,0.04563417773417203,0.13799236188078198,0.1853399689930942,0.04734760711231223,0.0689505882054644,0.0689505882054644,0.27883555893956674,750
6_1_21,0.21424344520781355,0.26244344467007474,0.048199999462261195,0.048199999462261195,0.16694512882748638,0.21821889637108383,0.05127376754359744,0.06036291294595654,0.06036291294595654,0.2782917379269002,751
9_2_23,0.11836867850060907,0.07380623973071504,-0.04456243876989403,0.04456243876989403,0.1484398805249957,0.09373014231603496,-0.054709738208960745,-0.06473074079297678,0.06473074079297678,0.27815758477421626,752
22_1_5,0.14854215943858332,0.20200030479845021,0.0534581453598669,0.0534581453598669,0.20789541322049288,0.25381525617126643,0.04591984295077356,0.054052431724428966,0.054052431724428966,0.2780537748272941,753
12_2_16,0.14592768605364986,0.19503196076741153,0.049104274713761664,0.049104274713761664,0.195688535140809,0.25404383047704626,0.05835529533623726,0.0525141725670845,0.0525141725670845,0.2776959216832304,754
25_1_29,0.13642298080155268,0.18648996769346698,0.0500669868919143,0.0500669868919143,0.14338055869517422,0.17314565492852518,0.02976509623335097,0.07336637236427168,0.07336637236427168,0.27768612675171905,755
5_2_28,0.1098811068438929,0.06600727751707972,-0.04387382932681319,0.04387382932681319,0.13209801885812397,0.08467288126659288,-0.047425137591531094,-0.0715597950590929,0.0715597950590929,0.27768490553121006,756
27_2_28,0.22760557508640633,0.28153962111681985,0.05393404603041352,0.05393404603041352,0.1742042544748022,0.20456396637191926,0.03035971189711706,0.06520657703613346,0.06520657703613346,0.27763824233790546,757
13_0_3,0.09830311693909383,0.14775290681933187,0.04944978988023804,0.04944978988023804,0.12276092156523447,0.13934371525566527,0.016582793690430808,0.08489213580914551,0.08489213580914551,0.27741470101982263,758
6_1_7,0.1918180328865609,0.24888573564037916,0.057067702753818256,0.057067702753818256,0.16337934534912854,0.1526996981545784,-0.01067964719455014,0.07440379716308969,0.07440379716308969,0.27725403016906214,759
6_2_2,0.055298845420379675,0.09372191619680778,0.038423070776428106,0.038423070776428106,0.08535613790844382,0.11827419785524136,0.03291805994679754,0.09341972155020682,0.09341972155020682,0.2770087922492355,760
25_2_1,0.10827269601116074,0.14534197533320906,0.037069279322048315,0.037069279322048315,0.12140168636792725,0.19642827926480982,0.07502659289688257,0.06253418435349607,0.06253418435349607,0.27695683604106797,761
0_1_18,0.13106414653788945,0.17754668784419692,0.04648254130630747,0.04648254130630747,0.115286762521106,0.13886014659297347,0.02357338407186746,0.08465113080129096,0.08465113080129096,0.276640418740658,762
19_1_13,0.17904254674255124,0.23505611253684675,0.056013565794295506,0.056013565794295506,0.1797594302665519,0.20328394216310672,0.02352451189655483,0.06577957928654132,0.06577957928654132,0.2765703234158284,763
13_1_20,0.2678460281409491,0.3212082924443122,0.053362264303363105,0.053362264303363105,0.174978126396139,0.20666095398940107,0.031682827593262075,0.06421010326200843,0.06421010326200843,0.2761168027395355,764
29_1_18,0.21643456711007322,0.26979934594767485,0.05336477883760163,0.05336477883760163,0.1934155462528656,0.1554415513706342,-0.03797399488223141,0.05915490961725028,0.05915490961725028,0.27605870040864033,765
6_1_6,0.14589988223329167,0.1924047804569206,0.04650489822362894,0.04650489822362894,0.1325404326009491,0.16920386056978468,0.036663427968835566,0.07342701742855118,0.07342701742855118,0.27556816344134993,766
10_1_23,0.08057411455271277,0.12354926123672216,0.042975146684009397,0.042975146684009397,0.1161701192333201,0.1569211569415848,0.04075103770826469,0.07704810293115066,0.07704810293115066,0.2754134115320399,767
4_2_24,0.09137817355826652,0.1329169138522603,0.041538740293993764,0.041538740293993764,0.12822125503186466,0.18481890959537628,0.056597654563511623,0.06713381474224914,0.06713381474224914,0.275216131726923,768
12_0_4,0.17212395745905995,0.22806776612842974,0.05594380866936979,0.05594380866936979,0.1754619443057941,0.15595942601147927,-0.01950251829431482,0.06808285285180538,0.06808285285180538,0.27510169334584894,769
26_2_3,0.046171122433426345,0.07941828188870353,0.03324715945527719,0.03324715945527719,0.08513677695740833,0.14667170641703547,0.061534929459627144,0.07927069041033659,0.07927069041033659,0.27473446057719214,770
7_2_17,0.29032519066404205,0.34952296229792373,0.05919777163388168,0.05919777163388168,0.17285089700489867,0.16787511650594844,-0.0049757804989502274,0.07283864211426397,0.07283864211426397,0.2745756717316642,771
10_1_14,0.11919498515956628,0.16792880479936337,0.04873381963979709,0.04873381963979709,0.12058127907627043,0.1359190358262288,0.015337756749958367,0.08520869858614151,0.08520869858614151,0.27445302894250984,772
3_2_10,0.17573821902548836,0.22942874214151673,0.05369052311602837,0.05369052311602837,0.13507716914490545,0.13910264414818335,0.004025475003277906,0.08422497553384167,0.08422497553384167,0.2741952994732396,773
16_2_22,0.07899295651147357,0.11327433455046831,0.03428137803899474,0.03428137803899474,0.1008334612369923,0.17178635876926057,0.07095289753226827,0.06916343193173048,0.06916343193173048,0.2739389327742096,774
5_2_0,0.11761775037481655,0.16280958745261748,0.04519183707780093,0.04519183707780093,0.11831663481528709,0.14836402395276055,0.030047389137473457,0.0799974407094978,0.0799974407094978,0.2737332604367424,775
29_0_13,0.12789338829293814,0.169004122010514,0.04111073371757587,0.04111073371757587,0.09915867386505477,0.07036435374265393,-0.028794320122400838,0.08899968330100141,0.08899968330100141,0.2736318970892905,776
7_2_4,0.22973582917458774,0.2830761278471603,0.05334029867257256,0.05334029867257256,0.17836096573927754,0.20937858976601173,0.031017624026734192,0.06299607217179556,0.06299607217179556,0.27358622798448856,777
18_2_0,0.17695799033794635,0.2362285303395432,0.059270540001596844,0.059270540001596844,0.1841787062802955,0.1939233288289777,0.009744622548682191,0.0681965923575933,0.0681965923575933,0.27358309992498225,778
16_0_22,0.3001121444758182,0.35876473550390797,0.058652591028089784,0.058652591028089784,0.19542418029178357,0.17897789115126153,-0.01644628914052204,0.06403038564089517,0.06403038564089517,0.27350800628962835,779
8_1_29,0.11117894847823066,0.1637020937340646,0.052523145255833945,0.052523145255833945,0.14752319720993073,0.16499455957053213,0.0174713623606014,0.07515832961336598,0.07515832961336598,0.27324542838129173,780
0_2_8,0.11678838463720669,0.16186266215537315,0.045074277518166464,0.045074277518166464,0.16623401803994506,0.22533980350430774,0.05910578546436268,0.056534979659132165,0.056534979659132165,0.2729430294363192,781
26_0_4,0.06684677845240901,0.09975193230622183,0.03290515385381282,0.03290515385381282,0.10770158663852664,0.19032617929579157,0.08262459265726493,0.06188610223308178,0.06188610223308178,0.272937199480601,782
20_0_13,0.15688302551058675,0.21009326668731335,0.0532102411767266,0.0532102411767266,0.15330114537591236,0.170947273992251,0.01764612861633863,0.07329474109508004,0.07329474109508004,0.27272896292445586,783
14_2_26,0.16603022066601247,0.21423160136058086,0.04820138069456839,0.04820138069456839,0.15265710375920286,0.19153490303172988,0.03887779927252702,0.06619524618672534,0.06619524618672534,0.27257837030589743,784
24_0_20,0.082056856568235,0.12692354621164706,0.04486668964341206,0.04486668964341206,0.11441408245675422,0.14142237942691202,0.027008296970157802,0.08220106428471234,0.08220106428471234,0.2725160640683608,785
19_2_11,0.17261460927151287,0.22755435887754283,0.05493974960602996,0.05493974960602996,0.1712349738057737,0.1909783532323131,0.019743379426539392,0.06777705257613192,0.06777705257613192,0.27212677698469145,786
24_0_22,0.23315168996594135,0.2873268658659309,0.054175175899989575,0.054175175899989575,0.19458990019889233,0.16275567180775144,-0.03183422839114089,0.0596117258322479,0.0596117258322479,0.27205412667434875,787
16_1_16,0.14941077931350732,0.19856430686441073,0.04915352755090341,0.04915352755090341,0.1806383033724063,0.22809929356724892,0.04746099019484262,0.057051955281989884,0.057051955281989884,0.27197666972411527,788
22_0_14,0.17318604142296348,0.22817074715039695,0.05498470572743347,0.05498470572743347,0.16604773541098336,0.1826847097475608,0.01663697433657743,0.06999597737665135,0.06999597737665135,0.27189241947153264,789
7_0_9,0.055957210026231136,0.08340789897963377,0.027450688953402635,0.027450688953402635,0.07571873661263344,0.15893789772477673,0.0832191611121433,0.07143248344173447,0.07143248344173447,0.27184114496071154,790
8_1_6,0.10549634615550867,0.15797565294791358,0.05247930679240491,0.05247930679240491,0.14263061665377016,0.1554484948231998,0.012817878169429642,0.07777145941718026,0.07777145941718026,0.2715762075590759,791
11_1_15,0.0828514101308145,0.11712810641168023,0.03427669628086573,0.03427669628086573,0.11078370275308734,0.1870176681400524,0.07623396538696507,0.06304092622287201,0.06304092622287201,0.2712105426327355,792
22_1_0,0.14439925586772728,0.2012991279899495,0.05689987212222222,0.05689987212222222,0.15417405077012314,0.15491955980741925,0.000745509037296116,0.07833554512425699,0.07833554512425699,0.27115088723794734,793
22_2_23,0.1184069173489572,0.1719342411707452,0.053527323821788014,0.053527323821788014,0.1691804170977913,0.19248974351990686,0.023309326422115556,0.06676158829395168,0.06676158829395168,0.27075154567595117,794
25_1_5,0.12739870235169085,0.1805592359807399,0.053160533629049045,0.053160533629049045,0.16792209165839422,0.19198761481871363,0.024065523160319402,0.06678107746803524,0.06678107746803524,0.27060392960549046,795
25_1_0,0.18277728899884246,0.23623789454047484,0.05346060554163237,0.05346060554163237,0.14023899371541054,0.1350710064954271,-0.005167987219983433,0.0810548133641545,0.0810548133641545,0.27035026897978764,796
17_2_20,0.3480774266514547,0.4063556777460067,0.058278251094552036,0.058278251094552036,0.17290910045457675,0.1679743407029607,-0.004934759751616058,0.0716882695311059,0.0716882695311059,0.27032393487476375,797
16_1_17,0.25956240892279653,0.3159779766096492,0.056415567686852686,0.056415567686852686,0.18885274691803586,0.20891497857555125,0.02006223165751539,0.06315418543311646,0.06315418543311646,0.2700757399514361,798
0_1_20,0.2392482817155585,0.29847153827662065,0.05922325656106214,0.05922325656106214,0.18246491752186725,0.18804071906658226,0.0055758015447150144,0.0688550804192201,0.0688550804192201,0.2696829157342609,799
15_2_15,0.14912080653994544,0.10315490625040458,-0.04596590028954087,0.04596590028954087,0.21644277613269128,0.14916049093213726,-0.06728228520055402,-0.04575429237654791,0.04575429237654791,0.2693946892149924,800
28_1_12,0.07166137647256819,0.10926663740891655,0.03760526093634836,0.03760526093634836,0.09404507669871899,0.13553993928893324,0.041494862590214246,0.08276638863260274,0.08276638863260274,0.2693021154026869,801
8_2_12,0.11098099049416821,0.15893507851883348,0.047954088024665276,0.047954088024665276,0.14857612613071913,0.18306112207969302,0.03448499594897389,0.06774563672987506,0.06774563672987506,0.2691281338631254,802
28_1_5,0.10147270749409659,0.14373526595783293,0.04226255846373633,0.04226255846373633,0.14396971715735657,0.2008825179963201,0.05691280083896352,0.06103697046952839,0.06103697046952839,0.26896661762790036,803
0_0_23,0.16841657702554383,0.12087580263163841,-0.047540774393905416,0.047540774393905416,0.16215570183405234,0.12083348785697143,-0.04132221397708091,-0.06298173696024958,0.06298173696024958,0.2689329502028058,804
22_0_13,0.1710581798785125,0.22724134401982155,0.056183164141309055,0.056183164141309055,0.15756851430938634,0.16149973819814065,0.003931223888754304,0.07562497078463419,0.07562497078463419,0.26889618447307206,805
2_2_6,0.05002762665460204,0.07999523179573363,0.029967605141131594,0.029967605141131594,0.08058173614247592,0.15079570622242114,0.07021397007994522,0.07465443284030897,0.07465443284030897,0.2687934140997077,806
19_1_2,0.13571713946416497,0.18881066261076057,0.0530935231465956,0.0530935231465956,0.1610546652091087,0.1792737399236074,0.018219074714498712,0.06963867134192589,0.06963867134192589,0.2678709388647772,807
4_2_8,0.12522329966700543,0.17588896536995519,0.05066566570294975,0.05066566570294975,0.1604853124923785,0.18837185901074233,0.027886546518363836,0.06648766056218769,0.06648766056218769,0.2675055869689254,808
29_1_21,0.12484473039068349,0.16102119487562977,0.03617646448494628,0.03617646448494628,0.12122118335594544,0.19153017813972842,0.07030899478378298,0.06128850946282194,0.06128850946282194,0.26737241970264825,809
4_1_12,0.23647974239975691,0.294828559427243,0.058348817027486094,0.058348817027486094,0.20236789302397465,0.18746712515158306,-0.014900767872391585,0.061494335647934814,0.061494335647934814,0.2673233163338978,810
20_2_14,0.2958943926272825,0.3559053562587198,0.060010963631437264,0.060010963631437264,0.1989333725374982,0.20582524595424082,0.0068918734167426055,0.06400290126663513,0.06400290126663513,0.26650333324699316,811
17_1_5,0.13007232467500743,0.08706597715405444,-0.04300634752095299,0.04300634752095299,0.17231804687118848,0.11075030028440377,-0.06156774658678471,-0.05382980516710436,0.05382980516710436,0.26609373580879075,812
23_0_24,0.09064294286041248,0.1351458923988496,0.04450294953843713,0.04450294953843713,0.12905028015620323,0.16375489138353894,0.0347046112273357,0.0722056282343947,0.0722056282343947,0.26602060411436507,813
0_0_2,0.09515773974586113,0.13425561843780862,0.03909787869194749,0.03909787869194749,0.13461949510002436,0.19758767761574608,0.06296818251572173,0.060108474708490116,0.060108474708490116,0.26561124734942415,814
21_2_18,0.23196376007709263,0.28808526048392624,0.05612150040683361,0.05612150040683361,0.2096459410405924,0.18535167255257115,-0.024294268488021242,0.05721317403329406,0.05721317403329406,0.2656107374820285,815
2_0_9,0.18730825975421492,0.24221063493988199,0.05490237518566707,0.05490237518566707,0.18180110301182512,0.20075622080732977,0.018955117795504656,0.06384787293081688,0.06384787293081688,0.26556968066769204,816
13_2_30,0.12642728998066724,0.17294753800076337,0.04652024802009613,0.04652024802009613,0.16824004613865107,0.2154446479390489,0.047204601800397844,0.05791100201883025,0.05791100201883025,0.26552531299540094,817
6_2_27,0.049147979294167816,0.08482207350868062,0.03567409421451281,0.03567409421451281,0.08381990356592671,0.11996085200223282,0.03614094843630611,0.08811129410303604,0.08811129410303604,0.2654228829291122,818
10_0_16,0.10476442472772028,0.14706618377763397,0.04230175904991369,0.04230175904991369,0.15456771755809506,0.21266445093780098,0.05809673337970592,0.05698832679721109,0.05698832679721109,0.2646784649227954,819
0_1_30,0.06771384961835848,0.09981500976734792,0.032101160148989435,0.032101160148989435,0.09588928028471483,0.16521822325369384,0.06932894296897901,0.06801120202161395,0.06801120202161395,0.264367312572553,820
7_0_30,0.06203211816368472,0.09675273082297058,0.03472061265928585,0.03472061265928585,0.07653902971558546,0.10658326978028107,0.03004424006469561,0.09409546033051709,0.09409546033051709,0.2643509391863457,821
26_0_18,0.06478126530402943,0.09792412619304663,0.0331428608890172,0.0331428608890172,0.10981538877141278,0.1846509956009087,0.07483560682949592,0.061529149746334076,0.061529149746334076,0.2643162160233969,822
27_1_22,0.20120857720264357,0.25105185040184697,0.0498432731992034,0.0498432731992034,0.160715213546233,0.1892978738983997,0.028582660352166694,0.0653053313372924,0.0653053313372924,0.2643118373856419,823
3_2_3,0.23040947668479794,0.2869322744855637,0.056522797800765745,0.056522797800765745,0.19397269918175641,0.21023081626643933,0.016258117084682916,0.06168114981021787,0.06168114981021787,0.26400150063590466,824
28_1_23,0.09360218706568693,0.055550374269651995,-0.03805181279603494,0.03805181279603494,0.1401455553429054,0.07429304822925742,-0.06585250711364798,-0.058736225174174636,0.058736225174174636,0.2639888990334004,825
19_0_10,0.054823745374759064,0.08588249738198023,0.031058752007221163,0.031058752007221163,0.0866138937655,0.15174394530949606,0.06513005154399606,0.07266651997695589,0.07266651997695589,0.26330423849405915,826
17_2_1,0.147469902878068,0.18945939532868236,0.04198949245061437,0.04198949245061437,0.13623686468289145,0.1846878222106158,0.04845095752772435,0.0642317294283911,0.0642317294283911,0.2631849572132708,827
8_0_27,0.19072427478321674,0.24771637057882412,0.05699209579560738,0.05699209579560738,0.17046815651306316,0.16790201555725176,-0.002566140955811397,0.0710684314569063,0.0710684314569063,0.26317185241839,828
17_2_10,0.3290776219285654,0.3836491693347514,0.05457154740618603,0.05457154740618603,0.2035595192886393,0.17790547356767153,-0.025654045720967772,0.057320746648274315,0.057320746648274315,0.26295301730546505,829
0_2_2,0.10210386405589666,0.06312977178796629,-0.038974092267930374,0.038974092267930374,0.12945765491375363,0.07492271459364759,-0.05453494032010604,-0.0650148145667061,0.0650148145667061,0.26270369738020183,830
17_0_15,0.2412009890016753,0.2969723265647592,0.05577133756308389,0.05577133756308389,0.16121760795440085,0.16344406188387867,0.0022264539294778174,0.07342316543717853,0.07342316543717853,0.262702462555802,831
15_1_4,0.07848305941000244,0.11470894620619501,0.03622588679619257,0.03622588679619257,0.11923189544776529,0.18364060547688896,0.06440871002912367,0.06256419678468146,0.06256419678468146,0.2626650343263809,832
26_2_20,0.08879307790504881,0.12343616437176215,0.03464308646671334,0.03464308646671334,0.12800642621396274,0.20506759587698903,0.07706116966302629,0.0555122036242276,0.0555122036242276,0.2625092825992846,833
26_2_24,0.07795797772083407,0.03554827406745784,-0.04240970365337623,0.04240970365337623,0.116754131864707,0.08720491689784239,-0.029549214966864606,-0.0779445834739645,0.0779445834739645,0.2624689959922771,834
22_0_20,0.11141607819431724,0.1550840685094766,0.04366799031515935,0.04366799031515935,0.1292573356444746,0.1647023130238685,0.035444977379393894,0.07072291382819608,0.07072291382819608,0.2624161930211831,835
14_1_7,0.3459641033200855,0.4070195101733277,0.06105540685324223,0.06105540685324223,0.20756222248487452,0.20533607910476737,-0.002226143380107154,0.0625519622950569,0.0625519622950569,0.26211511847914726,836
21_0_29,0.20291978017358242,0.25001703465341374,0.04709725447983132,0.04709725447983132,0.1474888230359222,0.17826326454732327,0.030774441511401074,0.06711783831138392,0.06711783831138392,0.2616548252139106,837
7_1_17,0.11701885161336971,0.16046215907778577,0.04344330746441606,0.04344330746441606,0.13368180571176544,0.17192178843852832,0.03823998272676288,0.06799567222627931,0.06799567222627931,0.26107608710180197,838
6_2_12,0.08370207374510369,0.12901229561332345,0.04531022186821976,0.04531022186821976,0.11731466363034067,0.1337665864113578,0.016451922781017134,0.08139813654134297,0.08139813654134297,0.2607202612370003,839
21_1_18,0.19675546889924067,0.2434721163575017,0.04671664745826104,0.04671664745826104,0.1415683621451177,0.11515920866308195,-0.02640915348203575,0.07067087908034936,0.07067087908034936,0.26069777021430707,840
4_1_6,0.05330983018866875,0.08588929558024123,0.032579465391572485,0.032579465391572485,0.08502442918685105,0.13675704463750915,0.051732615450658104,0.07843957463725007,0.07843957463725007,0.2606351448715587,841
11_0_3,0.16564848438809926,0.218690440456425,0.053041956068325735,0.053041956068325735,0.14961754170424404,0.14502866776748005,-0.004588873936763993,0.07539116171087436,0.07539116171087436,0.260504624826285,842
4_1_26,0.1455329302679183,0.106885085314728,-0.038647844953190305,0.038647844953190305,0.17761326628965396,0.10188230573562125,-0.07573096055403271,-0.04704523883539502,0.04704523883539502,0.26024217132421035,843
21_0_15,0.12878375937083353,0.17498290723869694,0.046199147867863416,0.046199147867863416,0.13021909444564303,0.15245095326659033,0.022231858820947303,0.07468641758116432,0.07468641758116432,0.2602239700679987,844
13_1_29,0.06982032654753854,0.10760056571971377,0.037780239172175226,0.037780239172175226,0.09842210012506439,0.1349988694303167,0.036576769305252305,0.07982739496552513,0.07982739496552513,0.2600859957043429,845
20_2_2,0.16563882866962484,0.21816729206131083,0.05252846339168599,0.05252846339168599,0.14050584956612014,0.1407321292401001,0.00022627967397995108,0.07935801812939622,0.07935801812939622,0.25976420505998754,846
14_1_16,0.10090518967261622,0.1476453418070814,0.04674015213446517,0.04674015213446517,0.1324153927341139,0.15308160484275035,0.02066621210863645,0.07436885420890392,0.07436885420890392,0.2595250748356585,847
0_2_23,0.22405675436518355,0.2746934346680323,0.05063668030284876,0.05063668030284876,0.15889963034690743,0.14021698033361274,-0.018682650013294694,0.06806602700356662,0.06806602700356662,0.2592824573124021,848
25_1_26,0.1501741856986522,0.19770347311577705,0.04752928741712484,0.04752928741712484,0.1361838290993501,0.1553719127931758,0.019188083693825714,0.07359615862666358,0.07359615862666358,0.25897567761624507,849
21_2_1,0.12529509214550158,0.1749119115077587,0.04961681936225712,0.04961681936225712,0.13159547592908352,0.13763240687357775,0.006036930944494229,0.07985940025756248,0.07985940025756248,0.258866627625858,850
12_0_5,0.11295520565746164,0.15236497572754032,0.039409770070078676,0.039409770070078676,0.122555003175813,0.1701312110037953,0.0475762078279823,0.06686740025716383,0.06686740025716383,0.25870217604459506,851
17_1_11,0.3018285899327392,0.3513768294968422,0.04954823956410298,0.04954823956410298,0.18170841732902504,0.14880530392457725,-0.03290311340444779,0.05843041651799854,0.05843041651799854,0.2586214198637309,852
12_2_12,0.21261572790200503,0.2639452497504459,0.05132952184844089,0.05132952184844089,0.16008867669424692,0.1442377270398408,-0.015850949654406116,0.06842868596938323,0.06842868596938323,0.2585448064786925,853
12_0_27,0.1145321357547365,0.15684662047657616,0.04231448472183966,0.04231448472183966,0.12010320365454134,0.1514259718129148,0.03132276815837347,0.07379579310386006,0.07379579310386006,0.2583271439903767,854
19_1_20,0.1376118089713075,0.18097016871149202,0.04335835974018451,0.04335835974018451,0.16750543754496958,0.22085615805046338,0.053350720505493804,0.05410016047646857,0.05410016047646857,0.25819871292826635,855
28_1_3,0.06233040565259127,0.09602075540992396,0.033690349757332684,0.033690349757332684,0.10508041701760573,0.16771237080218068,0.06263195378457495,0.06575073998190564,0.06575073998190564,0.2580691312695008,856
25_2_22,0.27816094377125006,0.3335926247619496,0.05543168099069956,0.05543168099069956,0.16279953976047545,0.1628028851822574,3.345421781958402e-06,0.07232050304464085,0.07232050304464085,0.25768293914018786,857
18_2_17,0.15998710172721928,0.20783549456194716,0.04784839283472789,0.04784839283472789,0.13600011837158313,0.15196658327020496,0.01596646489862183,0.07427916649273775,0.07427916649273775,0.2572047826190217,858
3_1_4,0.11954557565692805,0.1590392090292766,0.03949363337234854,0.03949363337234854,0.15277436651046705,0.21530610866259206,0.06253174215212501,0.05372540353749348,0.05372540353749348,0.25718980746205294,859
18_2_25,0.09533166854753733,0.14029110252049207,0.04495943397295474,0.04495943397295474,0.12038723060966385,0.1379214813816614,0.017534250771997564,0.07870082714360144,0.07870082714360144,0.2571382383736516,860
23_1_8,0.11925196552228559,0.07697805672562864,-0.04227390879665695,0.04227390879665695,0.1645130184859864,0.11105792384440935,-0.05345509464157705,-0.0553609523950117,0.0553609523950117,0.2570629179720635,861
7_2_1,0.070675936724929,0.1014898614460192,0.030813924721090194,0.030813924721090194,0.08788096933431216,0.14913661628379338,0.06125564694948121,0.07135459574483095,0.07135459574483095,0.25639238535725517,862
27_0_5,0.1017108978545033,0.15067898705751487,0.04896808920301157,0.04896808920301157,0.1280945481034057,0.1320832281484082,0.003988680045002496,0.0810205300777894,0.0810205300777894,0.2563836845992732,863
8_0_30,0.10139539824305821,0.1398761336531525,0.03848073541009428,0.03848073541009428,0.10470340149142242,0.14022854245029592,0.035525140958873505,0.07660275860488563,0.07660275860488563,0.25629717113465755,864
12_1_27,0.2032881769148678,0.2479892190036251,0.0447010420887573,0.0447010420887573,0.13358411735569659,0.16101961174573057,0.027435494390033982,0.07033119188541767,0.07033119188541767,0.25572600759155223,865
2_2_21,0.16239660900554884,0.2047153300045182,0.042318720998969356,0.042318720998969356,0.15282409323026835,0.20182165107990677,0.04899755784963841,0.05785595178758838,0.05785595178758838,0.25569575287902874,866
24_2_22,0.21806125463133713,0.17309768384180302,-0.04496357078953411,0.04496357078953411,0.23850471047274047,0.1743803191373493,-0.06412439133539116,-0.040566615928107494,0.040566615928107494,0.25568007030379325,867
3_0_8,0.06031214292391319,0.09435917088476894,0.03404702796085576,0.03404702796085576,0.09472736908702994,0.14342313348048438,0.04869576439345444,0.07408591954695957,0.07408591954695957,0.25515881749308666,868
27_2_21,0.11356799241345712,0.15742014694491072,0.043852154531453594,0.043852154531453594,0.11060287356029277,0.12287268280867174,0.012269809248378963,0.08367322481497055,0.08367322481497055,0.25514102364142904,869
11_0_22,0.13081789836013935,0.18091520477527484,0.05009730641513549,0.05009730641513549,0.13815328992197007,0.1432965679784101,0.0051432780564400205,0.07685631242449752,0.07685631242449752,0.2549531341852133,870
28_2_5,0.10491584297124458,0.14619512708776392,0.041279284116519335,0.041279284116519335,0.11667342822858928,0.14699956408553141,0.030326135856942132,0.07410874016108085,0.07410874016108085,0.25474590107405853,871
9_1_26,0.06339904585527767,0.09818905733096475,0.03479001147568708,0.03479001147568708,0.09909368193183993,0.14757109869335414,0.04847741676151421,0.07249694737384114,0.07249694737384114,0.2547445935348333,872
8_1_16,0.10691611105820668,0.15143140001973393,0.04451528896152725,0.04451528896152725,0.13092789886032866,0.1564042721776584,0.025476373317329742,0.07149711226524395,0.07149711226524395,0.25464764041283955,873
27_0_11,0.1375141501661774,0.183031349632383,0.04551719946620558,0.04551719946620558,0.1477270322803604,0.1786244695598715,0.03089743727951108,0.06476978308662586,0.06476978308662586,0.2540412312530575,874
13_2_9,0.16714597426775035,0.21355101973112628,0.04640504546337593,0.04640504546337593,0.11395302650808418,0.11263030842780006,-0.001322718080284127,0.08644602249962641,0.08644602249962641,0.253878492209911,875
29_1_17,0.21437053714550292,0.2675064047160512,0.05313586757054828,0.05313586757054828,0.1797467873390345,0.16581528533688186,-0.013931502002152624,0.06305268433634172,0.06305268433634172,0.2538299615031166,876
23_1_27,0.073677801515452,0.11948034317948024,0.04580254166402824,0.04580254166402824,0.11483427181147407,0.11986947331350653,0.00503520150203246,0.08445679631944729,0.08445679631944729,0.2535591171262145,877
29_0_3,0.14901289799370598,0.1982024335617903,0.04918953556808431,0.04918953556808431,0.16116860837948574,0.1829159491437259,0.021747340764240147,0.06442083388870544,0.06442083388870544,0.2535211523609501,878
10_1_8,0.1104816779039791,0.15034036316812915,0.039858685264150054,0.039858685264150054,0.11621328346088622,0.151934762419553,0.035721478958666786,0.07165269344721552,0.07165269344721552,0.25337046403396896,879
18_1_20,0.1044401007875824,0.06409031220578287,-0.04034978858179952,0.04034978858179952,0.15709023167993386,0.10218247489108917,-0.054907756788844686,-0.05538210143245692,0.05538210143245692,0.2533390950721905,880
17_2_14,0.2684298895238351,0.3225007584449285,0.05407086892109336,0.05407086892109336,0.167163987677716,0.16362580760631698,-0.0035381800713990275,0.06878914116931857,0.06878914116931857,0.2528547887717496,881
25_0_13,0.08263881114735862,0.11986156444271898,0.03722275329536036,0.03722275329536036,0.1523473815190823,0.22040687552117502,0.06805949400209271,0.05066323274184429,0.05066323274184429,0.2527228265492102,882
3_2_21,0.3225204165565326,0.37700928613040163,0.05448886957386906,0.05448886957386906,0.19193649655570305,0.1793912416092571,-0.012545254946445955,0.06052856960702822,0.06052856960702822,0.252484181454527,883
27_0_22,0.09099295136286946,0.12546168989951936,0.034468738536649904,0.034468738536649904,0.1300967102726249,0.19963646122438808,0.06953975095176318,0.05460481799864761,0.05460481799864761,0.2522559457313419,884
16_0_25,0.12033139955209976,0.07453047317546116,-0.0458009263766386,0.0458009263766386,0.155032806504766,0.12496023711355381,-0.030072569391212195,-0.06331798113241797,0.06331798113241797,0.251850543304317,885
29_2_8,0.10873182018169804,0.15204788993089174,0.043316069749193706,0.043316069749193706,0.13620888517539756,0.1678651195138642,0.03165623433846665,0.06675285419820924,0.06675285419820924,0.25153695872005055,886
9_1_30,0.05701292263666971,0.08431144075465336,0.027298518117983644,0.027298518117983644,0.08356218790093574,0.15629491490816017,0.07273272700722443,0.06562634152721569,0.06562634152721569,0.25137051522767806,887
4_1_17,0.12126290048042934,0.16454016910822927,0.04327726862779993,0.04327726862779993,0.14770000401870179,0.18560529029481276,0.03790528627611098,0.06143932258083244,0.06143932258083244,0.2509498014197281,888
11_0_18,0.1713328219708572,0.22108966000546423,0.04975683803460704,0.04975683803460704,0.1458688644042594,0.13812315808792047,-0.007745706316338918,0.07262882887435056,0.07262882887435056,0.25094715035259774,889
13_0_2,0.14563305967411788,0.19546402188315948,0.049830962209041596,0.049830962209041596,0.14808544044049954,0.1394292822626243,-0.00865615817787524,0.07167060026211164,0.07167060026211164,0.25082449840346777,890
0_0_20,0.1775823643743968,0.22182653870288305,0.044244174328486235,0.044244174328486235,0.15513973182660273,0.19245832739655233,0.0373185955699496,0.05986135247165387,0.05986135247165387,0.25076332152142194,891
3_1_18,0.24113575067515552,0.2919601479531063,0.050824397277950795,0.050824397277950795,0.17851907146967566,0.19896089441936493,0.02044182294968927,0.06017363862123979,0.06017363862123979,0.2506163337349022,892
24_0_17,0.4295068629520474,0.4777443439394137,0.0482374809873663,0.0482374809873663,0.21598386876134673,0.17396306267233783,-0.042020806089008905,0.04790963546315389,0.04790963546315389,0.25033096844720576,893
1_0_0,0.09611346918959994,0.13442623080050803,0.03831276161090809,0.03831276161090809,0.1388419473055252,0.19358025269415505,0.05473830538862984,0.0573924102310386,0.0573924102310386,0.25028667617477074,894
8_1_15,0.0956898981547885,0.13439062757708964,0.03870072942230114,0.03870072942230114,0.10903981225394932,0.1416915488796336,0.03265173662568427,0.07416963568102804,0.07416963568102804,0.25022876015492945,895
24_0_26,0.1580171834256639,0.21090167674255306,0.05288449331688916,0.05288449331688916,0.1731688231324239,0.18175804541015267,0.008589222277728764,0.06474310917991812,0.06474310917991812,0.2494960956896269,896
23_1_6,0.0569231534655895,0.09152064539525215,0.034597491929662647,0.034597491929662647,0.09007900695674552,0.12522470628448334,0.035145699327737825,0.07978021196127821,0.07978021196127821,0.24948739034353634,897
12_2_25,0.16506048682667782,0.1218147184213015,-0.04324576840537632,0.04324576840537632,0.1692754350478182,0.1245095773708668,-0.04476585767695139,-0.05492724876905958,0.05492724876905958,0.2493754386955207,898
7_2_18,0.24777052161363589,0.29509801730666474,0.047327495693028854,0.047327495693028854,0.16995587309842358,0.1998653337301639,0.029909460631740326,0.058667870032285976,0.058667870032285976,0.24935975632500448,899
27_2_9,0.14669394764521695,0.19077014432503248,0.04407619667981552,0.04407619667981552,0.13781646902800024,0.16489376966092684,0.0270773006329266,0.06726618505381493,0.06726618505381493,0.24923129406457128,900
28_0_11,0.09296146325358792,0.13714555411848334,0.044184090864895414,0.044184090864895414,0.12984108925193863,0.15083704840796883,0.020995959156030197,0.07168789738292812,0.07168789738292812,0.24893833917942887,901
10_1_9,0.13385278331711442,0.1767604879749282,0.04290770465781377,0.04290770465781377,0.11858696705470048,0.1367373842223175,0.018150417167617006,0.07623375295482035,0.07623375295482035,0.24859046193137838,902
23_0_9,0.04072039964123879,0.06911866461305083,0.02839826497181204,0.02839826497181204,0.0847114826502125,0.14937045110220296,0.06465896845199046,0.06789835821437565,0.06789835821437565,0.24856655704107886,903
6_1_11,0.1605497273375782,0.2112366184031024,0.05068689106552421,0.05068689106552421,0.14903469318196214,0.1453998385161223,-0.0036348546658398484,0.0723209394855771,0.0723209394855771,0.2484825351578456,904
18_1_23,0.1518723751966858,0.19876020218621243,0.04688782698952662,0.04688782698952662,0.2057622127791272,0.24945053501161632,0.04368832223248911,0.04793877526527334,0.04793877526527334,0.24847040227600545,905
29_0_21,0.20464435197502823,0.2521754958777195,0.04753114390269125,0.04753114390269125,0.15228129444326638,0.17152549312384135,0.019244198680574975,0.06590542840950325,0.06590542840950325,0.24815420323025483,906
1_1_12,0.23374993016710152,0.2853455714031395,0.051595641236037965,0.051595641236037965,0.18039497486017525,0.16530512992898705,-0.015089844931188201,0.061029233533180904,0.061029233533180904,0.24795489824943795,907
2_0_20,0.08549520465543171,0.05164140147917782,-0.033853803176253895,0.033853803176253895,0.1603372594170678,0.0819890928919311,-0.07834816652513671,-0.04572863018865075,0.04572863018865075,0.2478952787370798,908
6_0_16,0.19058204756912,0.23842150336749895,0.04783945579837895,0.04783945579837895,0.14755340208129442,0.13349412046802528,-0.014059281613269137,0.0691792397894155,0.0691792397894155,0.24780809448920998,909
5_2_8,0.30785418260467556,0.3576210869189144,0.04976690431423886,0.04976690431423886,0.20626449912815406,0.1751800585213535,-0.031084440606800573,0.051657416815804644,0.051657416815804644,0.2475932402330124,910
15_0_11,0.3527995709398252,0.4073767231799986,0.0545771522401734,0.0545771522401734,0.1762961156436372,0.17770264207608394,0.0014065264324467364,0.06575930248096096,0.06575930248096096,0.24757992731807818,911
1_1_2,0.12405847738421259,0.08777642963462766,-0.036282047749584934,0.036282047749584934,0.17576919684149706,0.10278174945270224,-0.07298744738879481,-0.04461957879372873,0.04461957879372873,0.24708514939780868,912
6_2_26,0.04969955543683982,0.0845975787153198,0.034898023278479975,0.034898023278479975,0.08009523004965884,0.0977767764580097,0.01768154640835086,0.09133969987967762,0.09133969987967762,0.2470077429991276,913
1_2_5,0.061980001582021264,0.08814191310566247,0.026161911523641203,0.026161911523641203,0.09010310358001537,0.17091468356639145,0.08081157998637607,0.058231572194363236,0.058231572194363236,0.24682320238303526,914
6_1_10,0.17539810278565743,0.22901681488780365,0.05361871210214622,0.05361871210214622,0.18691526622169374,0.17796193685646433,-0.008953329365229412,0.0611116307634024,0.0611116307634024,0.24682184147519454,915
7_0_31,0.0923365517512368,0.13479788194507974,0.04246133019384295,0.04246133019384295,0.1028338199435951,0.09960877694176846,-0.003225043001826633,0.08772334563033106,0.08772334563033106,0.24678126903354297,916
12_2_13,0.2558467611512023,0.3051371510014638,0.04929038985026152,0.04929038985026152,0.16821921323574524,0.18683572970658888,0.01861651647084364,0.06193637052858726,0.06193637052858726,0.24675597800115234,917
17_0_6,0.15950226949423552,0.19649708369411026,0.03699481419987474,0.03699481419987474,0.14950272225714045,0.21177485996333484,0.062272137706194386,0.051409859433908474,0.051409859433908474,0.24661642855309668,918
25_1_4,0.09394864996264125,0.1379972609537914,0.044048610991150136,0.044048610991150136,0.15696430696377783,0.19199232066916821,0.03502801370539038,0.05896581582140221,0.05896581582140221,0.2463647747867331,919
21_1_15,0.17457387395560037,0.22057180429117468,0.04599793033557431,0.04599793033557431,0.1877824147057408,0.22726329549421928,0.03948088078847847,0.05152867449151885,0.05152867449151885,0.2463164249166676,920
29_1_5,0.2998143421812186,0.3529498767207263,0.0531355345395077,0.0531355345395077,0.1793189421227122,0.18657568677312897,0.007256744650416758,0.06285543112851728,0.06285543112851728,0.24602432633620028,921
18_2_3,0.24661234038015473,0.30227344935107214,0.05566110897091742,0.05566110897091742,0.19505656288209727,0.19150172673918772,-0.003554836142909551,0.060709822300336745,0.060709822300336745,0.24588938754004708,922
24_0_13,0.09277098547286754,0.135996656749854,0.04322567127698647,0.04322567127698647,0.11839760314148502,0.13228343175446042,0.013885828612975396,0.0770634554793076,0.0770634554793076,0.24584820622812445,923
10_1_25,0.06344977435436391,0.10036333043236552,0.036913556078001605,0.036913556078001605,0.10451133822859465,0.13826083152327834,0.033749493294683686,0.07370787742777729,0.07370787742777729,0.24580475142429348,924
23_2_14,0.07254762187489844,0.11024014600374014,0.037692524128841706,0.037692524128841706,0.0981510798009513,0.12123295027258878,0.023081870471637483,0.08051470756077812,0.08051470756077812,0.24559873142171612,925
20_0_3,0.1736960620744954,0.2256088760995544,0.05191281402505901,0.05191281402505901,0.18092220467513156,0.16927401398953176,-0.011648190685599802,0.06117257237819624,0.06117257237819624,0.24516634874661225,926
7_0_23,0.08177042461949537,0.11577589267295205,0.03400546805345668,0.03400546805345668,0.08291261542551677,0.10822173974542279,0.02530912431990602,0.08559923188009354,0.08559923188009354,0.24497796082308276,927
2_1_11,0.16417939542133472,0.20147598497920205,0.03729658955786733,0.03729658955786733,0.15986879348530728,0.2234765627812062,0.06360776929589892,0.04853346703908404,0.04853346703908404,0.24489495384054377,928
25_2_6,0.2095722475336803,0.25771251610373846,0.04814026857005815,0.04814026857005815,0.14971512442558507,0.16147353032193607,0.011758405896350993,0.06805327833631604,0.06805327833631604,0.24446255559545446,929
5_0_12,0.23237659590350507,0.27842018535284724,0.04604358944934217,0.04604358944934217,0.14825423135984034,0.1681439187388237,0.01988968737898336,0.06555141482850857,0.06555141482850857,0.24421241315021186,930
24_0_15,0.11652464791209337,0.1506570299856556,0.03413238207356224,0.03413238207356224,0.1264058240104066,0.18794113405690263,0.06153531004649604,0.055827337207964324,0.055827337207964324,0.24401997607428405,931
5_1_28,0.13474785645802395,0.08449035431380844,-0.05025750214421551,0.05025750214421551,0.18465029723672596,0.16614610489871887,-0.018504192338007097,-0.05812851334353972,0.05812851334353972,0.24394741524741997,932
6_0_15,0.11295744834232949,0.15737675403612483,0.04441930569379535,0.04441930569379535,0.14166161679216066,0.16451571251864125,0.02285409572648059,0.06608288807909639,0.06608288807909639,0.24375577432163228,933
16_2_1,0.14993760527748334,0.19486859033343965,0.0449309850559563,0.0449309850559563,0.11595570107926598,0.11473412278762442,-0.001221578291641559,0.0822794350698003,0.0822794350698003,0.24373419462588164,934
26_1_21,0.1921669282998559,0.24041625503049122,0.04824932673063531,0.04824932673063531,0.16773638368185567,0.18762055531576272,0.019884171633907044,0.06078192937711032,0.06078192937711032,0.2436333615418425,935
11_2_21,0.1278880526211374,0.09223240162428706,-0.035655650996850335,0.035655650996850335,0.1561848353495661,0.09085545659147724,-0.06532937875808885,-0.049340917328015606,0.049340917328015606,0.2433812431421541,936
2_2_19,0.2642423745993263,0.3147720500614255,0.05052967546209919,0.05052967546209919,0.21702283396908972,0.2455370179399696,0.028514183970879875,0.04919647945505286,0.04919647945505286,0.24334813666525235,937
17_0_16,0.14773224960800774,0.19342623320930907,0.045693983601301336,0.045693983601301336,0.14528522454439483,0.16388953696567474,0.01860431242127991,0.06640091549365187,0.06640091549365187,0.24298647974657878,938
8_1_10,0.12493330224005238,0.17057919098596513,0.04564588874591276,0.04564588874591276,0.14425853934869687,0.16218446053801572,0.01792592118931885,0.06681466466468484,0.06681466466468484,0.24267272928182904,939
27_2_23,0.11915251712826747,0.07506365541835486,-0.04408886170991261,0.04408886170991261,0.15022452319897248,0.12356747052171241,-0.026657052677260068,-0.06286285739907356,0.06286285739907356,0.24255794105152206,940
19_1_12,0.14321251915170183,0.18939598095833457,0.04618346180663274,0.04618346180663274,0.14575277262853698,0.1618760215264293,0.016123248897892323,0.06695588606307347,0.06695588606307347,0.24234661855926046,941
5_2_25,0.08403123705688537,0.12203516802371392,0.03800393096682855,0.03800393096682855,0.11127760914048121,0.14202498939980485,0.030747380259323637,0.07148184300674544,0.07148184300674544,0.2423233493882096,942
2_1_0,0.10880599877998019,0.1417655371875882,0.032959538407608,0.032959538407608,0.12184677377348152,0.18473475483444465,0.06288798106096313,0.05581562460841395,0.05581562460841395,0.2422420329862381,943
14_2_3,0.13852102785460838,0.1850929766739926,0.04657194881938423,0.04657194881938423,0.12851061428973093,0.13105590576129958,0.0025452914715686503,0.07687422994585381,0.07687422994585381,0.24217105501757108,944
19_2_16,0.16260364719231674,0.20762801011983015,0.04502436292751341,0.04502436292751341,0.13743380934803678,0.15332829258755343,0.015894483239516644,0.06919775171951771,0.06919775171951771,0.24201524150235865,945
12_0_30,0.15392861796748375,0.19706907213938735,0.0431404541719036,0.0431404541719036,0.14611054200369147,0.1754681026725828,0.029357560668891336,0.06210611825235686,0.06210611825235686,0.2418735501997737,946
11_1_7,0.07383754228811604,0.10677231863647973,0.0329347763483637,0.0329347763483637,0.11896024209237598,0.17982424763263644,0.06086400554026046,0.05714015655545307,0.05714015655545307,0.2417662491788924,947
26_2_26,0.04626081820084241,0.07194058596282653,0.02567976776198412,0.02567976776198412,0.09074310497681631,0.16984537265018773,0.07910226767337142,0.05687411295942664,0.05687411295942664,0.241622903755699,948
5_1_8,0.13179158027280125,0.18084875929985472,0.04905717902705348,0.04905717902705348,0.1983978593295436,0.2250243656663793,0.026626506336835692,0.05223076138056543,0.05223076138056543,0.24139031367912328,949
2_0_11,0.11952055505470645,0.16739528898151476,0.04787473392680831,0.04787473392680831,0.14188384374713,0.14685621211451372,0.004972368367383712,0.07155143604964889,0.07155143604964889,0.24102097829832564,950
29_1_4,0.33818374564166914,0.39207825912467154,0.05389451348300239,0.05389451348300239,0.18301707578501394,0.18184000958807134,-0.0011770661969426055,0.06260779869299532,0.06260779869299532,0.2409459327872747,951
12_1_18,0.2256063453071921,0.2621408161257215,0.036534470818529396,0.036534470818529396,0.18072080640228252,0.25071475501585866,0.06999394861357613,0.04209678105606698,0.04209678105606698,0.24084523019476747,952
17_2_31,0.07998528841459827,0.11949196088532599,0.03950667247072771,0.03950667247072771,0.09181851151566515,0.09101649461976306,-0.0008020168959020912,0.0912848657165547,0.0912848657165547,0.24081328135046848,953
22_0_21,0.15182398429164157,0.19384202599463282,0.042018041702991255,0.042018041702991255,0.15405551244357532,0.19127436485670754,0.03721885241313222,0.057254863735073366,0.057254863735073366,0.24072229672228912,954
25_2_7,0.12102331384188761,0.16927146640642649,0.048248152564538876,0.048248152564538876,0.14859412240162895,0.1556942641239288,0.007100141722299863,0.06882311841568994,0.06882311841568994,0.24060301899501502,955
9_2_29,0.10000957020418814,0.06690014368700632,-0.03310942651718182,0.03310942651718182,0.12823919608238268,0.06735510098009162,-0.060884095102291064,-0.05586858425117419,0.05586858425117419,0.2404777599936147,956
2_2_22,0.18203207561464474,0.22318997736977758,0.04115790175513284,0.04115790175513284,0.15181959072419526,0.1914154905835199,0.03959589985932463,0.05684669384972726,0.05684669384972726,0.2404141251707026,957
28_0_22,0.28502797600894697,0.33485650293615976,0.04982852692721279,0.04982852692721279,0.17883070291873926,0.16424886379547066,-0.014581839123268603,0.05945471860630144,0.05945471860630144,0.24020104992159144,958
28_1_29,0.08314356882663222,0.11369540103798055,0.03055183221134833,0.03055183221134833,0.11904325694372832,0.18987476431765601,0.0708315073739277,0.05267669245310497,0.05267669245310497,0.24000660309837013,959
3_0_13,0.0639430650788783,0.09581785319437745,0.03187478811549915,0.03187478811549915,0.13626893917638536,0.20935545394939065,0.07308651477300529,0.048218213256349424,0.048218213256349424,0.23994290346066438,960
26_2_14,0.146402608887616,0.19385047707053651,0.047447868182920516,0.047447868182920516,0.15097376175905416,0.16231993701254746,0.011346175253493296,0.06653357843547784,0.06653357843547784,0.23990575170527867,961
28_2_2,0.2713614253550504,0.3258321112090409,0.05447068585399045,0.05447068585399045,0.22370494626134502,0.21175765371314134,-0.011947292548203675,0.05191282107280949,0.05191282107280949,0.2395593087991268,962
14_0_2,0.11203196572032154,0.07533386922456062,-0.03669809649576092,0.03669809649576092,0.1559068432142632,0.09844975331567955,-0.057457089898583655,-0.05079499920570268,0.05079499920570268,0.23948568478390234,963
14_2_22,0.14375339737789694,0.19688831185588418,0.05313491447798724,0.05313491447798724,0.2013476341576185,0.21102015500803847,0.009672520850419974,0.05597996699173085,0.05597996699173085,0.23901069399157754,964
5_0_18,0.20783554626787373,0.16813428567022634,-0.03970126059764739,0.03970126059764739,0.2117713969520817,0.14941435396050728,-0.06235704299157441,-0.040377039602015816,0.040377039602015816,0.23867357932790392,965
22_1_12,0.14229125993358785,0.18818530281386683,0.045894042880278985,0.045894042880278985,0.1423861428557744,0.15422995164783457,0.011843808792060179,0.06820048891163996,0.06820048891163996,0.23847316067940033,966
9_2_31,0.14922816404735284,0.11195840832633783,-0.03726975572101501,0.03726975572101501,0.1580038271687647,0.1036555521531082,-0.054348275015656505,-0.05086202122084215,0.05086202122084215,0.23767742289183785,967
16_1_31,0.0415096562321843,0.059162417215953556,0.017652760983769257,0.017652760983769257,0.06038806514789904,0.15825136250060537,0.09786329735270632,0.054953739944540496,0.054953739944540496,0.2375632362834348,968
19_0_2,0.06464739156257349,0.09324300977269087,0.028595618210117385,0.028595618210117385,0.11110362817189118,0.18472685104076433,0.07362322286887316,0.05257113651039629,0.05257113651039629,0.23752314197716307,969
9_0_0,0.10212961429926126,0.06440172561432692,-0.037727888684934346,0.037727888684934346,0.14205114996847226,0.09701591508013871,-0.04503523488833355,-0.057199248180973855,0.057199248180973855,0.23743465563544214,970
23_2_16,0.05273153081431378,0.024726283473914694,-0.028005247340399088,0.028005247340399088,0.11364361311514234,0.03985785720972641,-0.07378575590541593,-0.05353404407970362,0.05353404407970362,0.2374155760321967,971
1_0_21,0.24427289404681526,0.2909824944893849,0.04670960044256964,0.04670960044256964,0.16184820290023283,0.17969143255518064,0.017843229654947806,0.06100870417578956,0.06100870417578956,0.23733897568712856,972
16_0_10,0.04393205012248695,0.07149295230326044,0.02756090218077349,0.02756090218077349,0.07259477422576009,0.11701332489109585,0.04441855066533576,0.07770377931618283,0.07770377931618283,0.23728462311114368,973
5_2_26,0.18518774385000383,0.2309621188470603,0.04577437499705647,0.04577437499705647,0.16860733773168,0.19327702834161253,0.024669690609932543,0.057293384936139016,0.057293384936139016,0.2371539916828818,974
8_1_7,0.08937147006302863,0.12330193827409046,0.033930468211061826,0.033930468211061826,0.10478781254119937,0.14625551690194724,0.04146770436074787,0.06729776474689171,0.06729776474689171,0.23707108415828354,975
29_2_13,0.1433533942157391,0.18584898165709093,0.042495587441351845,0.042495587441351845,0.15292042040020384,0.18393039610940506,0.03100997570920122,0.058460181068457746,0.058460181068457746,0.2367669903404553,976
11_0_29,0.12823769793406042,0.17174243396600716,0.04350473603194674,0.04350473603194674,0.1448424926101402,0.12367988579566674,-0.02116260681447346,0.06424763611050842,0.06424763611050842,0.23668732734652648,977
12_1_28,0.24111751177715346,0.28297446506616336,0.0418569532890099,0.0418569532890099,0.18355772831882308,0.22898587814397042,0.04542814982514734,0.047875757206685216,0.047875757206685216,0.23624575559899047,978
9_2_3,0.2161581268784888,0.258592591604504,0.0424344647260152,0.0424344647260152,0.15801283992722914,0.12675133615677486,-0.03126150377045428,0.05758630030467323,0.05758630030467323,0.2356419017030451,979
6_1_27,0.10650643366959787,0.14720312994759296,0.04069669627799509,0.04069669627799509,0.11456672338535184,0.10194519129944779,-0.012621532085904053,0.07580685413810395,0.07580685413810395,0.2355570418251937,980
4_0_13,0.2619655142386842,0.30516567195255073,0.04320015771386654,0.04320015771386654,0.1517536888068981,0.12679124386222543,-0.024962444944672674,0.060950641795844744,0.060950641795844744,0.23544947655217313,981
4_0_12,0.23526359976082767,0.2815808187100858,0.04631721894925811,0.04631721894925811,0.1446495034151409,0.1530557055001212,0.008406202084980302,0.06784007133879098,0.06784007133879098,0.2352728949059522,982
18_1_11,0.21486371327980344,0.2645456887247662,0.04968197544496275,0.04968197544496275,0.1737222166280015,0.18278975683077323,0.009067540202771729,0.06063655548001669,0.06063655548001669,0.23524681370215783,983
5_2_17,0.13154355633501788,0.08567122718626874,-0.04587232914874914,0.04587232914874914,0.14660518782279053,0.13585593099066584,-0.010749256832124687,-0.06671051721201798,0.06671051721201798,0.23506849961151088,984
16_1_29,0.15283672907988205,0.18871520563165417,0.03587847655177212,0.03587847655177212,0.15537817265285206,0.21397942387026797,0.05860125121741591,0.04810148604020857,0.04810148604020857,0.23466504057578974,985
28_1_9,0.09126646724733072,0.11931082522572758,0.02804435797839687,0.02804435797839687,0.11919665488105069,0.19702621392962394,0.07782955904857325,0.04810193967068001,0.04810193967068001,0.23439254973145798,986
7_1_16,0.07085421081670581,0.10096898442007293,0.030114773603367118,0.030114773603367118,0.10867782974692579,0.1700849521381407,0.061407122391214916,0.056981772757242415,0.056981772757242415,0.23425240765009264,987
27_0_29,0.09359496358402959,0.056395720145489645,-0.03719924343853995,0.03719924343853995,0.13210221992171706,0.0932060766656709,-0.03889614325604615,-0.06058665784392252,0.06058665784392252,0.23382839437556563,988
14_1_6,0.3192865716970541,0.37507552003434536,0.055788948337291255,0.055788948337291255,0.2296016298173253,0.22605722526866256,-0.0035444045486627274,0.05171356013422549,0.05171356013422549,0.23349729037466618,989
28_0_7,0.11491419026737677,0.07866673960835728,-0.03624745065901949,0.03624745065901949,0.14971454327709055,0.09823639256993308,-0.05147815070715747,-0.05220190210252179,0.05220190210252179,0.23347418361869035,990
15_1_28,0.050611815762643134,0.07535009913105836,0.02473828336841523,0.02473828336841523,0.0902196697378776,0.1661502814897467,0.0759306117518691,0.055243394950523564,0.055243394950523564,0.23309985493631494,991
29_0_19,0.21708062325762345,0.2624122690069294,0.04533164574930593,0.04533164574930593,0.17309320990206536,0.19773213121222732,0.02463892131016196,0.0552868405127863,0.0552868405127863,0.23303750070646034,992
16_1_18,0.12360045703639196,0.16519616443886528,0.04159570740247333,0.04159570740247333,0.11116487387333003,0.1078003572665519,-0.0033645166067781257,0.07954549760876418,0.07954549760876418,0.2329332699959669,993
25_2_20,0.22396168926823015,0.26495586289576734,0.040994173627537184,0.040994173627537184,0.18007881837600823,0.22470261921908263,0.04462380084307441,0.04779407008859828,0.04779407008859828,0.232805644727581,994
1_1_6,0.08665780729979368,0.1237921429710515,0.03713433567125782,0.03713433567125782,0.10218252780005167,0.12032485507027126,0.018142327270219583,0.07646451617568605,0.07646451617568605,0.2327305912402864,995
4_0_9,0.12094743975614579,0.15967118536793887,0.03872374561179308,0.03872374561179308,0.1423293476055794,0.180804217232797,0.038474869627217606,0.057018576121979414,0.057018576121979414,0.23257288456267144,996
20_0_6,0.22828515025856116,0.27358474857851844,0.04529959831995728,0.04529959831995728,0.15167073886439772,0.13826730826745542,-0.013403430596942295,0.06373211815567681,0.06373211815567681,0.23223871754192044,997
21_2_15,0.1019016101220872,0.1355541787578476,0.03365256863576038,0.03365256863576038,0.12915545446704466,0.18352940929677916,0.054373954829734505,0.05410944113346792,0.05410944113346792,0.23216897835089484,998
7_1_9,0.06842543071386491,0.09275938954113014,0.02433395882726523,0.02433395882726523,0.09593849982286311,0.1763206546850952,0.08038215486223209,0.05112766633313726,0.05112766633313726,0.23115795120811397,999
13_1_24,0.09334977532554944,0.1382808129704013,0.044931037644851846,0.044931037644851846,0.13609711219811704,0.14156550416712643,0.00546839196900939,0.06999720428999832,0.06999720428999832,0.23113094444029625,1000
10_0_13,0.10246940961747743,0.13992905134696382,0.03745964172948639,0.03745964172948639,0.09765981015799946,0.10771449770581214,0.010054687547812677,0.08100031115635839,0.08100031115635839,0.2309464005346612,1001
26_2_5,0.06395279987754171,0.09227674574941655,0.02832394587187484,0.02832394587187484,0.11340311739539925,0.18355158150043388,0.07014846410503463,0.05118235302471464,0.05118235302471464,0.2308778122409564,1002
10_1_22,0.13528261765090593,0.17970749789255794,0.044424880241652004,0.044424880241652004,0.16295120503234092,0.1850516340683671,0.022100429036026187,0.05756639286859603,0.05756639286859603,0.23086246811668915,1003
27_0_9,0.16891102003965233,0.2090452779980238,0.04013425795837147,0.04013425795837147,0.16086246201003226,0.2000316385099124,0.03916917649988014,0.052382121934285576,0.052382121934285576,0.23074291882092962,1004
6_1_3,0.09494141158581458,0.12529936704809505,0.03035795546228047,0.03035795546228047,0.11579612489459161,0.1770387741692225,0.0612426492746309,0.05405443158048682,0.05405443158048682,0.23060332651832868,1005
17_0_2,0.31505474287151675,0.3647215958523247,0.049666852980807974,0.049666852980807974,0.1797188294159013,0.18701412590890093,0.00729529649299962,0.05863622997785349,0.05863622997785349,0.2303739122563907,1006
8_0_7,0.17064589603535182,0.22203886257343802,0.0513929665380862,0.0513929665380862,0.18705981960903975,0.18383170611249172,-0.0032281134965480296,0.05845608014464645,0.05845608014464645,0.23037004213957862,1007
1_1_18,0.29018071398901385,0.3395302438930331,0.04934952990401925,0.04934952990401925,0.16333318815796283,0.16237616094985338,-0.0009570272081094455,0.06422845699324528,0.06422845699324528,0.2302572177019736,1008
20_0_5,0.2683326520524004,0.31942413689266813,0.05109148484026771,0.05109148484026771,0.19104620549052556,0.18577554081508724,-0.005270664675438325,0.05693302001557153,0.05693302001557153,0.2296714916165975,1009
5_1_6,0.1471971117062246,0.18547465511862143,0.038277543412396836,0.038277543412396836,0.15325085025859222,0.19608472826771794,0.04283387800912572,0.05233006596172793,0.05233006596172793,0.22959825948153217,1010
17_2_11,0.2604166155410161,0.3047126698480912,0.04429605430707512,0.04429605430707512,0.18386236387459953,0.15539377327876872,-0.028468590595830817,0.05158978269935012,0.05158978269935012,0.22921843422780294,1011
17_1_26,0.17284723478449046,0.1290519049886933,-0.04379532979579717,0.04379532979579717,0.1678098158546604,0.14363255985304457,-0.024177256001615827,-0.05584836756756849,0.05584836756756849,0.22900721560155818,1012
10_2_20,0.1246688083035853,0.1605661177403877,0.0358973094368024,0.0358973094368024,0.14051942151407162,0.18728992147439133,0.046770499960319706,0.05334802459843806,0.05334802459843806,0.22880834761296073,1013
14_2_28,0.11104414151209091,0.15124822674901459,0.040204085236923676,0.040204085236923676,0.12051354345916915,0.13505120281479593,0.014537659355626786,0.07044021680105926,0.07044021680105926,0.2287379542087866,1014
4_0_31,0.19522059613757053,0.2333979495297321,0.03817735339216158,0.03817735339216158,0.12679334180041346,0.1549029348753823,0.028109593074968825,0.06325578082070067,0.06325578082070067,0.22818738184530934,1015
2_1_21,0.13425513717034054,0.1787248925326014,0.04446975536226086,0.04446975536226086,0.13304698750483834,0.13582957161174036,0.0027825841069020196,0.07092895885302125,0.07092895885302125,0.22812964818298231,1016
22_1_10,0.28231060346664927,0.32936775796000733,0.04705715449335807,0.04705715449335807,0.1700809053499223,0.15874891890977552,-0.011331986440146768,0.058999008903685875,0.058999008903685875,0.22812611735760366,1017
8_1_19,0.09547569294241712,0.13070279303470686,0.03522710009228974,0.03522710009228974,0.10403273900381214,0.12949653281837753,0.025463793814565386,0.0710062477096359,0.0710062477096359,0.22791204937732906,1018
22_2_2,0.20637142159819377,0.243355078799352,0.03698365720115823,0.03698365720115823,0.17131961238204912,0.22429990642132047,0.05298029403927135,0.04516411519898621,0.04516411519898621,0.22726529325500355,1019
9_1_24,0.11697292869323682,0.1584685571397374,0.04149562844650058,0.04149562844650058,0.12207397275952997,0.13006939645993676,0.00799542370040679,0.07197023189738845,0.07197023189738845,0.22714746695807458,1020
11_2_27,0.09744479597537538,0.127076409890503,0.029631613915127628,0.029631613915127628,0.1124063364302027,0.17192086738633755,0.05951453095613485,0.05434921264474027,0.05434921264474027,0.22703710482940337,1021
15_1_25,0.09012829901774307,0.12001953144690614,0.02989123242916307,0.02989123242916307,0.11243946701282986,0.17058935315922186,0.058149886146391994,0.0548537264240692,0.0548537264240692,0.2269404060449663,1022
3_0_23,0.07886515027544674,0.05035659657407261,-0.02850855370137413,0.02850855370137413,0.10333675823409484,0.04820058106964274,-0.0551361771644521,-0.059770117091313434,0.059770117091313434,0.22662976047382535,1023
26_1_11,0.10748396603564446,0.07538305396459093,-0.03210091207105353,0.03210091207105353,0.10919557316249391,0.0675947886414696,-0.04160078452102431,-0.06341712135744126,0.06341712135744126,0.22659961614560434,1024
14_1_12,0.31951118729260514,0.3734567904450314,0.05394560315242625,0.05394560315242625,0.23842484035429978,0.24480376971806042,0.006378929363760638,0.04806600324868501,0.04806600324868501,0.22636295005588758,1025
25_1_3,0.09935604921265134,0.13890839939341762,0.03955235018076628,0.03955235018076628,0.12633679285833563,0.14595977428457854,0.019622981426242914,0.06600180237347504,0.06600180237347504,0.22636041440205035,1026
16_2_3,0.06991270512947854,0.11106954305089142,0.04115683792141288,0.04115683792141288,0.1323615473910232,0.14829266118162127,0.015931113790598056,0.06567712749192198,0.06567712749192198,0.22623423855794508,1027
27_2_13,0.24400084401904912,0.28915595620328616,0.04515511218423704,0.04515511218423704,0.183366212130233,0.2062875992249733,0.022921387094740314,0.052043304909997264,0.052043304909997264,0.22601362806546973,1028
16_2_29,0.15524415564673616,0.196111290307115,0.040867134660378834,0.040867134660378834,0.18329088816722167,0.22322651505928545,0.039935626892063786,0.046893300512820625,0.046893300512820625,0.2258885562831462,1029
24_1_13,0.06901838221463837,0.09820667275271787,0.029188290538079503,0.029188290538079503,0.11165828826834598,0.17177684126696083,0.06011855299861485,0.05386305269631215,0.05386305269631215,0.22578747728049003,1030
26_0_24,0.1750192334449026,0.22174622227874377,0.04672698883384116,0.04672698883384116,0.16451242787609055,0.1729803258346986,0.008467897958608056,0.06022635286693161,0.06022635286693161,0.22570977051484015,1031
26_2_17,0.08659002941812333,0.11566360243162029,0.02907357301349696,0.02907357301349696,0.11846247632726088,0.18291261661264088,0.06445014028538,0.050558861353924116,0.050558861353924116,0.22567095865887696,1032
5_0_22,0.15101133411734805,0.11029792187236546,-0.04071341224498258,0.04071341224498258,0.2029742836844319,0.15811192836075966,-0.04486235532367225,-0.04308172912409843,0.04308172912409843,0.22561528741190057,1033
11_1_9,0.1615318886159781,0.2033553325883291,0.04182344397235102,0.04182344397235102,0.14937916371443002,0.1284086201244746,-0.020970543589955426,0.05989099993474863,0.05989099993474863,0.22559073118087966,1034
26_0_2,0.21803313662078921,0.261995984446232,0.0439628478254428,0.0439628478254428,0.16278576992868896,0.14440215234419515,-0.018383617584493805,0.057710593968024,0.057710593968024,0.22558151197787418,1035
16_0_30,0.155202528903527,0.20096366220211012,0.04576113329858311,0.04576113329858311,0.17889735793748227,0.19695795634835545,0.01806059841087318,0.05412144143585746,0.05412144143585746,0.2251741081370633,1036
22_2_20,0.09700775267350065,0.1364662756595256,0.03945852298602495,0.03945852298602495,0.1357451893228915,0.16037506329960666,0.02462987397671515,0.06121279788606263,0.06121279788606263,0.22496132912396055,1037
2_2_25,0.09931072997957141,0.13578793570081887,0.03647720572124746,0.03647720572124746,0.11772717452907513,0.14455552322546183,0.0268283486963867,0.06506268819416183,0.06506268819416183,0.2245374355938976,1038
21_1_10,0.05910122543604768,0.08888473003232528,0.0297835045962776,0.0297835045962776,0.0758442325795636,0.09789583705454982,0.02205160447498622,0.08205440838653943,0.08205440838653943,0.22445556318605436,1039
27_1_15,0.11609463018699512,0.15857325259300448,0.04247862240600936,0.04247862240600936,0.1250467401074492,0.1280434007270951,0.0029966606196459022,0.07207123010874508,0.07207123010874508,0.22440910722853472,1040
20_1_16,0.10518984038803347,0.14578601510520298,0.0405961747171695,0.0405961747171695,0.13299876449937054,0.14999444874592222,0.01699568424655168,0.06445190098457737,0.06445190098457737,0.22412854961505613,1041
3_0_7,0.34091460379495514,0.38533727479754304,0.0444226710025879,0.0444226710025879,0.28515218370695894,0.2387185990938729,-0.046433584613086026,0.0333961964848277,0.0333961964848277,0.22406588813513495,1042
22_0_8,0.2022538435214615,0.23980296053298011,0.03754911701151861,0.03754911701151861,0.1679809415465544,0.2143110795387156,0.04633013799216118,0.046855743185579994,0.046855743185579994,0.22374742130590303,1043
2_2_13,0.07336582497593956,0.10410670268802709,0.030740877712087528,0.030740877712087528,0.11377571409607319,0.16556128394445477,0.05178556984838158,0.05597869123608601,0.05597869123608601,0.22373872976916082,1044
15_0_15,0.2171105815195489,0.2565841270600469,0.039473545540498006,0.039473545540498006,0.1516075850593419,0.182951996790652,0.031344411731310085,0.05477234592216859,0.05477234592216859,0.2234540984656501,1045
11_2_24,0.1675126131250113,0.20259240345838786,0.03507979033337655,0.03507979033337655,0.15334849000800016,0.20429199153112865,0.05094350152312849,0.04778697489504337,0.04778697489504337,0.22334804588126064,1046
25_0_25,0.10694548575063022,0.14835334592948782,0.0414078601788576,0.0414078601788576,0.11936538695118787,0.12211502795353911,0.0027496410023512413,0.07359350230427433,0.07359350230427433,0.2232857452059429,1047
27_0_1,0.16747282713505507,0.21070038494189264,0.04322755780683757,0.04322755780683757,0.1578567311842463,0.14071114017754993,-0.01714559100669638,0.05850372224734399,0.05850372224734399,0.22324841650938967,1048
7_0_21,0.09909850527133918,0.13539206582241295,0.03629356055107377,0.03629356055107377,0.09581106953790271,0.10298610242749459,0.007175032889591884,0.08011439984661009,0.08011439984661009,0.22317785879548083,1049
0_2_7,0.03848044894528747,0.054436942031592515,0.01595649308630505,0.01595649308630505,0.05961609241124977,0.1542599455594558,0.09464385314820603,0.05049012595694481,0.05049012595694481,0.22286000439264148,1050
20_0_19,0.1436619061961567,0.18273324746934536,0.03907134127318865,0.03907134127318865,0.11223441601177585,0.12030432134863868,0.008069905336862832,0.07367347009916107,0.07367347009916107,0.22285012301489662,1051
21_2_11,0.11356128824101269,0.15383056080616417,0.040269272565151476,0.040269272565151476,0.11955227987195238,0.12760481726875175,0.00805253739679937,0.07131310872568027,0.07131310872568027,0.2228450230223025,1052
6_1_14,0.17017468622097848,0.21600478757760078,0.0458301013566223,0.0458301013566223,0.16276633433120077,0.17144242258881665,0.008676088257615872,0.05970047784816553,0.05970047784816553,0.2226867021984814,1053
18_0_22,0.15318094690578976,0.19058811730585368,0.037407170400063916,0.037407170400063916,0.14513588897137406,0.1817510211023216,0.03661513213094755,0.0540807017487639,0.0540807017487639,0.22262699650691642,1054
28_2_16,0.1418673755803173,0.09948331522738782,-0.04238406035292949,0.04238406035292949,0.19958620287420714,0.16470629847048188,-0.034879904403725265,-0.04552405435401887,0.04552405435401887,0.22250026266848186,1055
23_2_3,0.03166156705318704,0.05409349174658603,0.02243192469339899,0.02243192469339899,0.06825434660144784,0.12667670338144257,0.05842235677999473,0.06609519591552894,0.06609519591552894,0.22226366881290088,1056
12_0_25,0.10692610681535182,0.15069253029674307,0.043766423481391245,0.043766423481391245,0.14441819221382682,0.13720871040827418,-0.007209481805552642,0.06455309377220976,0.06455309377220976,0.22212179769656104,1057
18_0_4,0.114136616484086,0.14555938662904463,0.03142277014495863,0.03142277014495863,0.11126873850928772,0.15648066947013117,0.04521193096084346,0.058686162926078256,0.058686162926078256,0.22207179858063286,1058
8_1_0,0.09433123717429341,0.13002585346429368,0.03569461629000027,0.03569461629000027,0.12710207300360996,0.1613666991704107,0.03426462616680073,0.05885131197161979,0.05885131197161979,0.22193330964309727,1059
1_2_14,0.2895173529841657,0.3346438918061354,0.04512653882196971,0.04512653882196971,0.19263194396158087,0.17117021014310563,-0.021461733818475243,0.0500773004961527,0.0500773004961527,0.22150406130860092,1060
20_2_17,0.1003537214799587,0.13767172928914675,0.03731800780918805,0.03731800780918805,0.12333306428667612,0.14703556173855406,0.02370249745187794,0.06367064881846184,0.06367064881846184,0.22139812303086803,1061
18_2_10,0.165136123874745,0.20621674424034503,0.041080620365600035,0.041080620365600035,0.14187854006370573,0.1256657893341335,-0.016212750729572234,0.06186187834798041,0.06186187834798041,0.2209358713439643,1062
1_2_23,0.1931476683035748,0.2327881771191395,0.03964050881556469,0.03964050881556469,0.15087490645383267,0.17881449847841038,0.027939592024577714,0.055335959302396466,0.055335959302396466,0.22088127853991596,1063
7_2_5,0.08404953348937085,0.11140117229677522,0.027351638807404377,0.027351638807404377,0.10714680309856085,0.16911983125016225,0.0619730281516014,0.05245701752626734,0.05245701752626734,0.22074090100593563,1064
5_1_20,0.12172488345341388,0.0840705562672775,-0.037654327186136385,0.037654327186136385,0.16187705733393212,0.12253746039868303,-0.03933959693524909,-0.04998534857229352,0.04998534857229352,0.2205922753517845,1065
21_1_4,0.08322626411464042,0.11240023244825122,0.0291739683336108,0.0291739683336108,0.11504631521509459,0.17243269107245218,0.05738637585735759,0.052396341573324685,0.052396341573324685,0.22059013882603679,1066
26_2_2,0.05973715427805872,0.08914918822050776,0.029412033942449033,0.029412033942449033,0.144565631351842,0.21388217037286428,0.06931653902102228,0.04211262929795065,0.04211262929795065,0.22014621382469113,1067
23_1_26,0.06132034884862534,0.09302097888062216,0.03170063003199682,0.03170063003199682,0.10409044601163017,0.14083012031959644,0.036739674307966264,0.06348244904625429,0.06348244904625429,0.22008987750412376,1068
2_1_22,0.17273433320061218,0.21229918081025115,0.039564847609638965,0.039564847609638965,0.14728069280877648,0.1726659338433154,0.02538524103453893,0.056614109384261715,0.056614109384261715,0.2195992277244943,1069
13_0_23,0.12250905942315735,0.08102549869602846,-0.04148356072712889,0.04148356072712889,0.17482446232220789,0.14710241216236725,-0.02772205015984064,-0.05082161753338542,0.05082161753338542,0.21940818160837477,1070
3_1_11,0.16813869195327766,0.20697991126205273,0.03884121930877507,0.03884121930877507,0.158017011825193,0.19114104000007695,0.03312402817488394,0.051708966027677064,0.051708966027677064,0.21935098148149096,1071
1_2_9,0.2424781897348221,0.284610387964084,0.0421321982292619,0.0421321982292619,0.15715352819420228,0.13940729970972238,-0.017746228484479903,0.057291013274610066,0.057291013274610066,0.21913912712437758,1072
23_0_27,0.08259578552005697,0.12347988367075453,0.04088409815069756,0.04088409815069756,0.12073394357919398,0.12307167938551435,0.002337735806320365,0.07186088364733201,0.07186088364733201,0.21890035897857327,1073
21_1_25,0.11690768715914393,0.15430985324796037,0.03740216608881644,0.03740216608881644,0.1632823117968504,0.20413406458782782,0.040851752790977414,0.0480845933232152,0.0480845933232152,0.21889912639543685,1074
13_0_18,0.10039347573608856,0.13788248341924575,0.03748900768315719,0.03748900768315719,0.1060568790092702,0.11298676822325056,0.006929889213980356,0.07482567135305365,0.07482567135305365,0.21876247639141588,1075
12_2_31,0.14124958367402893,0.180919563442795,0.03966997976876607,0.03966997976876607,0.18911844375623466,0.22916940426526103,0.04005096050902637,0.0441377428807153,0.0441377428807153,0.21876222831666392,1076
11_0_5,0.15272910531434775,0.19641639533557526,0.04368729002122751,0.04368729002122751,0.14987979725246847,0.15770318942828418,0.007823392175815708,0.061797656482648025,0.061797656482648025,0.21869055402992263,1077
9_1_15,0.16822385964216138,0.20924657004278813,0.041022710400626744,0.041022710400626744,0.1387673637146315,0.12612785785506206,-0.012639505859569439,0.06309166731751248,0.06309166731751248,0.21848633992554073,1078
26_1_7,0.22194247524737695,0.2648036639182483,0.042861188670871325,0.042861188670871325,0.1840248497127698,0.2095352204998941,0.025510370787124287,0.04919411737571094,0.04919411737571094,0.21847037042585174,1079
14_1_3,0.17833840980782678,0.2138423208274335,0.03550391101960673,0.03550391101960673,0.14399672198776278,0.18458456935300643,0.04058784736524365,0.05165213511293866,0.05165213511293866,0.2183340830343289,1080
28_2_21,0.09680147916450801,0.12954982856701686,0.03274834940250884,0.03274834940250884,0.11987317946977387,0.16053479210824798,0.04066161263847411,0.057016750921297654,0.057016750921297654,0.21829211843856133,1081
17_1_17,0.10016680017623965,0.13513515357364916,0.034968353397409516,0.034968353397409516,0.12056854438917747,0.1505794455788298,0.030010901189652328,0.06084417111361902,0.06084417111361902,0.21792428555089666,1082
16_1_12,0.3196906321264856,0.369204562628688,0.04951393050220243,0.04951393050220243,0.2138522146893348,0.20576333752415918,-0.008088877165175618,0.04933430392475069,0.04933430392475069,0.2176687562975207,1083
4_2_10,0.22097210656019203,0.2652840737108084,0.04431196715061639,0.04431196715061639,0.1459089199449664,0.1441580663686946,-0.0017508535762718047,0.06457646673435015,0.06457646673435015,0.21752927551509366,1084
28_1_13,0.08331901982688458,0.11565606689835059,0.03233704707146601,0.03233704707146601,0.12324177180075753,0.1670864289771897,0.04384465717643217,0.054712865079105354,0.054712865079105354,0.2174660435184595,1085
18_1_8,0.12264330776352668,0.16091195458696367,0.03826864682343699,0.03826864682343699,0.1206569290252986,0.13430091952758438,0.013643990502285777,0.06701196599843687,0.06701196599843687,0.21745277570120825,1086
26_0_6,0.05673062770990908,0.08234097236227093,0.025610344652361852,0.025610344652361852,0.08985137518130494,0.14572868539127648,0.05587731020997154,0.058372417122214505,0.058372417122214505,0.21736517876241065,1087
11_1_3,0.14188099523836456,0.17887485860386557,0.036993863365501006,0.036993863365501006,0.15311314872251738,0.19019167849550045,0.037078529772983065,0.05073528097094665,0.05073528097094665,0.217254267232107,1088
8_1_11,0.08138296796232164,0.11194081156285447,0.030557843600532833,0.030557843600532833,0.10614475051266872,0.14759867183877767,0.04145392132610895,0.05988174798869347,0.05988174798869347,0.2171041895726581,1089
14_1_11,0.2331529706763499,0.2727366133184509,0.039583642642100986,0.039583642642100986,0.17580591375479315,0.21036687636093265,0.0345609626061395,0.047409949389087165,0.047409949389087165,0.2169640439124636,1090
27_2_29,0.12081980211319474,0.155681232237281,0.03486143012408627,0.03486143012408627,0.14296791121302863,0.1846592369814796,0.04169132576845097,0.05105439900754378,0.05105439900754378,0.2169315155720809,1091
12_2_27,0.1529181667310637,0.18777787857329736,0.03485971184223366,0.03485971184223366,0.13531764722862977,0.1732777377551283,0.03796009052649854,0.05396538876967188,0.05396538876967188,0.2168418651964285,1092
9_1_6,0.15373626650688638,0.1911659528719502,0.03742968636506383,0.03742968636506383,0.17528984968894795,0.2181865411343368,0.04289669144538885,0.044844667404451845,0.044844667404451845,0.21669410849195353,1093
17_0_4,0.22542608722628024,0.2660276551893376,0.04060156796305733,0.04060156796305733,0.177727648766719,0.2084315527796168,0.030703904012897798,0.04816505770203875,0.04816505770203875,0.21653697818574036,1094
7_1_11,0.061762302374884726,0.08934788623835951,0.02758558386347479,0.02758558386347479,0.09536728555666694,0.14377675398024112,0.04840946842357417,0.05970687280397694,0.05970687280397694,0.21636999502488885,1095
15_1_8,0.15943129875522735,0.2036944082451086,0.04426310948988124,0.04426310948988124,0.158507647789768,0.16595140728305283,0.007443759493284824,0.05922875004008188,0.05922875004008188,0.21623851158756618,1096
4_1_22,0.13892539435613815,0.1831841436378861,0.044258749281747944,0.044258749281747944,0.16973922701166855,0.1820964056984948,0.012357178686826259,0.05524513886380363,0.05524513886380363,0.21612515846328822,1097
8_0_15,0.1478242685602808,0.18583833321354928,0.03801406465326848,0.03801406465326848,0.13945780116856984,0.1644736869131603,0.02501588574459046,0.057421532807947234,0.057421532807947234,0.21598066391604664,1098
12_2_30,0.16059985407758406,0.20147872345516027,0.040878869377576205,0.040878869377576205,0.16005756475076358,0.1822158411669478,0.02215827641618423,0.05393193765245421,0.05393193765245421,0.21584511511383397,1099
8_0_6,0.07809664389895456,0.10150021897496705,0.023403575076012498,0.023403575076012498,0.10004477088153468,0.17342005561946044,0.07337528473792576,0.047543692390657935,0.047543692390657935,0.2155762527615377,1100
19_2_23,0.2725299600570655,0.31782250195817385,0.045292541901108374,0.045292541901108374,0.16304087581454882,0.16759401647378722,0.004553140659238397,0.058977242397543206,0.058977242397543206,0.21550794252587757,1101
9_0_28,0.07565955862692383,0.10311110471791854,0.027451546090994705,0.027451546090994705,0.080289266765278,0.11402735654959181,0.03373808978431381,0.07093171024799111,0.07093171024799111,0.21534747409924432,1102
18_2_29,0.2188552864087939,0.26242483132240874,0.04356954491361484,0.04356954491361484,0.20814771901325477,0.23534695648465684,0.02719923747140207,0.044240659836497775,0.044240659836497775,0.21534533535253841,1103
7_0_14,0.13889824511814336,0.16970830425832617,0.03081005914018281,0.03081005914018281,0.1788858450470669,0.2482605519352322,0.0693747068881653,0.03587255175641742,0.03587255175641742,0.21529334547768944,1104
20_1_31,0.04095419200189999,0.017916349933336954,-0.023037842068563033,0.023037842068563033,0.07543520899937349,0.02504658578290862,-0.05038862321646487,-0.06631432686355121,0.06631432686355121,0.21521423001228351,1105
10_0_20,0.1136814971837035,0.14473922446825144,0.031057727284547934,0.031057727284547934,0.13282606320996157,0.18543404258276575,0.052607979372804176,0.04864853913453572,0.04864853913453572,0.2151744190538619,1106
24_1_26,0.15773432396005183,0.2080215352217591,0.050287211261707265,0.050287211261707265,0.22004923742979846,0.22473202474488863,0.00468278731509017,0.048559746692297456,0.048559746692297456,0.21489863450999003,1107
5_1_12,0.06466611838061845,0.08705353856198876,0.022387420181370313,0.022387420181370313,0.09159378156790295,0.164317138610799,0.07272335704289605,0.04944202298259552,0.04944202298259552,0.2146818877889723,1108
24_0_31,0.14824845745077084,0.1065975872435387,-0.04165087020723214,0.04165087020723214,0.20515499141617066,0.17335504022248122,-0.031799951193689446,-0.04349146626160023,0.04349146626160023,0.21409522154529517,1109
20_0_9,0.17993190533348635,0.21829303893095142,0.03836113359746507,0.03836113359746507,0.1339878449410468,0.1524777894960985,0.018489944555051707,0.060436260449316465,0.060436260449316465,0.21386437228972358,1110
7_1_8,0.09035052620304578,0.12600667763924378,0.035656151436198005,0.035656151436198005,0.10850986377844457,0.09578979969718118,-0.012720064081263388,0.07017513117952119,0.07017513117952119,0.21356964073065243,1111
19_1_19,0.09171383880218252,0.1207641907349333,0.02905035193275078,0.02905035193275078,0.12626474867243498,0.18357060788896015,0.05730585921652517,0.047692436052068035,0.047692436052068035,0.21349232667872675,1112
15_0_5,0.11871937319113585,0.1559749256352388,0.037255552444102946,0.037255552444102946,0.14360957483169592,0.1718069053956371,0.028197330563941164,0.05460605277608598,0.05460605277608598,0.21345546301059015,1113
19_1_14,0.16419693509676847,0.20309256314451868,0.03889562804775021,0.03889562804775021,0.11535929939924981,0.11297632754806972,-0.0023829718511800962,0.07168829287132679,0.07168829287132679,0.2131350997218417,1114
8_0_31,0.0905026241555199,0.12196824056958692,0.03146561641406702,0.03146561641406702,0.13141005688588508,0.17959232127072308,0.048182264384838,0.049907913552660936,0.049907913552660936,0.2131108819580737,1115
27_2_18,0.1100512296132311,0.149213159371894,0.039161929758662894,0.039161929758662894,0.12727140308959403,0.13704957816911925,0.00977817507952522,0.06514211400657059,0.06514211400657059,0.2129496788280842,1116
0_1_11,0.11698099078469884,0.1594061577305081,0.04242516694580925,0.04242516694580925,0.14728625249816674,0.14088613426406882,-0.006400118234097918,0.06135064007477299,0.06135064007477299,0.2129163450926287,1117
20_0_1,0.233501806040694,0.2764627174763894,0.04296091143569539,0.04296091143569539,0.18483156891021313,0.20518023013711115,0.020348661226898018,0.04916754483192578,0.04916754483192578,0.21289265368273308,1118
18_1_26,0.11667838744765202,0.08277709352935807,-0.033901293918293954,0.033901293918293954,0.13793380100726413,0.10000629850178025,-0.03792750250548388,-0.052868192410624126,0.052868192410624126,0.21256593834634901,1119
0_0_8,0.16642255484221422,0.19669589104858728,0.03027333620637307,0.03027333620637307,0.12012341839484521,0.07526347671242138,-0.044859941682423826,0.05438246070928835,0.05438246070928835,0.21236016379002767,1120
21_1_13,0.12340075782304946,0.0928998681681877,-0.030500889654861765,0.030500889654861765,0.12734049191424188,0.07970061968922094,-0.04763987222502093,-0.0516943648411561,0.0516943648411561,0.21232569897647358,1121
23_1_22,0.12406531471699786,0.09231678737509066,-0.031748527341907196,0.031748527341907196,0.15022079021695253,0.09801862433907055,-0.052202165877881984,-0.045588792243806256,0.045588792243806256,0.21232002369086428,1122
3_1_29,0.12314642948314239,0.14927015845520844,0.02612372897206605,0.02612372897206605,0.15170184767718523,0.23030225717198932,0.0786004094948041,0.0355612210983736,0.0355612210983736,0.21212241688570804,1123
26_2_12,0.09097953659009866,0.11765786951688581,0.026678332926787146,0.026678332926787146,0.11853597949370154,0.18204616070384605,0.06351018121014451,0.046400544479421456,0.046400544479421456,0.21201142332335482,1124
16_1_3,0.29342164135747073,0.3390318250073965,0.04561018364992575,0.04561018364992575,0.19962622898310967,0.1861383589960331,-0.013487869987076573,0.048750328818830034,0.048750328818830034,0.21199024832737662,1125
25_0_1,0.11233392428341833,0.1498591624069973,0.037525238123578955,0.037525238123578955,0.12296018502301206,0.13659561675055498,0.013635431727542918,0.06449741981751692,0.06449741981751692,0.21179947270439622,1126
2_2_3,0.1174826088599739,0.15172596003777308,0.03424335117779918,0.03424335117779918,0.13614635033655953,0.17269437916178978,0.036548028825230255,0.052729555083394865,0.052729555083394865,0.21177283077855888,1127
3_2_25,0.0800527393688365,0.11534785104509908,0.03529511167626258,0.03529511167626258,0.11670649357699577,0.13644353559281816,0.019737042015822395,0.0637193522016765,0.0637193522016765,0.2113279298152649,1128
6_0_13,0.10928196369518779,0.14308466636380301,0.03380270266861522,0.03380270266861522,0.1014242043653044,0.11665140978791952,0.015227205422615117,0.07026164674171854,0.07026164674171854,0.21132526658719275,1129
18_1_24,0.14206004706114836,0.19021900023480384,0.04815895317365548,0.04815895317365548,0.20591043831274228,0.21117984722154365,0.005269408908801371,0.049684660541386115,0.049684660541386115,0.21118930121705506,1130
4_1_21,0.18046474125364437,0.22255667068028534,0.04209192942664097,0.04209192942664097,0.1757108710205552,0.15728677283170797,-0.018424098188847216,0.051190655437685695,0.051190655437685695,0.21115254572508418,1131
18_0_3,0.2729342922898109,0.31993877496516476,0.04700448267535384,0.04700448267535384,0.21409684248182037,0.22551574868808041,0.011418906206260043,0.046582578951905484,0.046582578951905484,0.21049507006978238,1132
20_0_11,0.23322210755451817,0.2745769499174542,0.04135484236293602,0.04135484236293602,0.19360078506915984,0.16718245126339396,-0.026418333805765887,0.045719989676852583,0.045719989676852583,0.210353819800291,1133
11_1_28,0.11310249593920518,0.15343811403519095,0.040335618095985765,0.040335618095985765,0.14542812270728545,0.15801605262213927,0.01258792991485383,0.05871196828301626,0.05871196828301626,0.21030131667057828,1134
2_2_8,0.215030774965905,0.2597013090870047,0.04467053412109967,0.04467053412109967,0.17479298114443284,0.1821201227218562,0.007327141577423368,0.05423378779572179,0.05423378779572179,0.21017589144821214,1135
3_0_6,0.07689335261186515,0.04462929939071657,-0.032264053221148586,0.032264053221148586,0.11912543933101372,0.08614648432570869,-0.032978955005305025,-0.05824543063989314,0.05824543063989314,0.21001312301048242,1136
6_0_11,0.1910488743549327,0.22269005633768058,0.031641181982747874,0.031641181982747874,0.1461575885371123,0.19688539432170654,0.05072780578459424,0.04518757792024628,0.04518757792024628,0.20978886561282192,1137
23_1_24,0.12385736181722852,0.1648465728939543,0.040989211076725776,0.040989211076725776,0.1924965447352165,0.22016769528734395,0.02767115055212746,0.044971706537488915,0.044971706537488915,0.20968220833270612,1138
17_1_7,0.11886959171372335,0.1592839464116199,0.04041435469789653,0.04041435469789653,0.15135957571358685,0.16591767099376117,0.014558095280174321,0.05650050273881978,0.05650050273881978,0.2096117914574414,1139
17_0_20,0.18728646688553469,0.22535782370469432,0.03807135681915963,0.03807135681915963,0.13302660438836258,0.14833804367872963,0.015311439290367046,0.06048626575840293,0.06048626575840293,0.20953962097265558,1140
26_0_31,0.04631405772618516,0.07526629311130789,0.028952235385122732,0.028952235385122732,0.0809551085403873,0.10061700787457385,0.01966189933418655,0.07498050142669974,0.07498050142669974,0.2094154880193715,1141
27_1_16,0.09062484983452737,0.12759570399788522,0.03697085416335785,0.03697085416335785,0.12411157619820254,0.13878086898046024,0.014669292782257704,0.06293722097530793,0.06293722097530793,0.20920244062881593,1142
11_2_0,0.19280048858600438,0.23482616857057975,0.042025679984575376,0.042025679984575376,0.1541968791662787,0.14601382000142707,-0.008183059164851625,0.05808606992755779,0.05808606992755779,0.20918453118383312,1143
22_1_30,0.1256502660265931,0.16136460294963012,0.03571433692303702,0.03571433692303702,0.18504482567229463,0.2309172872645566,0.045872461592261965,0.04053379151328108,0.04053379151328108,0.20913842129932053,1144
28_1_2,0.07845063665362818,0.1105975355527707,0.03214689889914252,0.03214689889914252,0.11635008831789587,0.1491857705675275,0.032835682249631626,0.05786021274734739,0.05786021274734739,0.20897785237695776,1145
27_0_14,0.06234788219455168,0.09445707968403091,0.032109197489479234,0.032109197489479234,0.09739999008600989,0.11586362537623625,0.018463635290226363,0.06935363173623613,0.06935363173623613,0.2089430604084573,1146
27_1_1,0.03961119092770772,0.05955737411000439,0.01994618318229667,0.01994618318229667,0.07416803682306669,0.14211754083904354,0.06794950401597685,0.05386456030228532,0.05386456030228532,0.2087213189739635,1147
15_1_17,0.16183544635526295,0.2044994453598071,0.04266399900454415,0.04266399900454415,0.15545920086958034,0.1614210651072322,0.005961864237651854,0.05823664035500936,0.05823664035500936,0.20868209833514362,1148
19_2_6,0.10045987236876897,0.1357994159268354,0.03533954355806643,0.03533954355806643,0.13769254536273712,0.167079863335279,0.029387317972541876,0.05397367664411732,0.05397367664411732,0.20853283804675285,1149
18_0_16,0.13681075685338465,0.174522406464853,0.03771164961146836,0.03771164961146836,0.13883970320342157,0.1580636726085695,0.019223969405147923,0.05734584312871201,0.05734584312871201,0.20849605039347444,1150
10_2_21,0.13563701484564875,0.16910866335447233,0.03347164850882359,0.03347164850882359,0.13669699811712743,0.1739244226342392,0.03722742451711178,0.051325657143790566,0.051325657143790566,0.20838853249927952,1151
1_2_10,0.11178185136096624,0.07266936719671277,-0.039112484164253475,0.039112484164253475,0.15325692551993836,0.13441894716710903,-0.018837978352829327,-0.05456855072395623,0.05456855072395623,0.20805353582793243,1152
25_1_23,0.24733060015338357,0.28802392919115405,0.04069332903777048,0.04069332903777048,0.18210247267174282,0.15870920156547907,-0.02339327110626374,0.04780865983945631,0.04780865983945631,0.2080471408457627,1153
14_1_0,0.110113366482526,0.07627639718103145,-0.033836969301494546,0.033836969301494546,0.1517885871994,0.11182689760357413,-0.03996168959582587,-0.047943364217770894,0.047943364217770894,0.20770564804908254,1154
4_2_9,0.11798986045340763,0.15376084289834696,0.03577098244493933,0.03577098244493933,0.13112121409117058,0.1093230078407946,-0.021798206250375984,0.05842336069096245,0.05842336069096245,0.20748617048123852,1155
2_1_12,0.07075198296465668,0.040632422010208835,-0.030119560954447844,0.030119560954447844,0.10265938374585407,0.0728375729062507,-0.029821810839603363,-0.06310675947814076,0.06310675947814076,0.20732812509365656,1156
10_0_25,0.08696361258144358,0.05673829537540483,-0.03022531720603875,0.03022531720603875,0.12548327979987295,0.08217680678959212,-0.04330647301028083,-0.05193756964534623,0.05193756964534623,0.20701224193633616,1157
9_0_6,0.11807372741146237,0.1489776035104955,0.030903876099033126,0.030903876099033126,0.10779462117361172,0.13920687576125632,0.0314122545876446,0.05999725508506058,0.05999725508506058,0.20691597393553468,1158
20_2_1,0.11031013870321202,0.13811777238107908,0.027807633677867066,0.027807633677867066,0.12391782738510096,0.17987880371579953,0.055960976330698575,0.046526329509259286,0.046526329509259286,0.20684265374441238,1159
29_0_15,0.16954418500008397,0.19994605068449697,0.030401865684413,0.030401865684413,0.17123308637971266,0.23257116149414367,0.06133807511443101,0.03704641487211783,0.03704641487211783,0.20675089251173948,1160
10_2_19,0.15473361121703688,0.19326133795922565,0.03852772674218877,0.03852772674218877,0.1454036002812031,0.16272451709455482,0.01732091681335171,0.05600374612965931,0.05600374612965931,0.2067368070793919,1161
11_1_2,0.2328171802814398,0.26683991957336534,0.034022739291925536,0.034022739291925536,0.19791813436904301,0.25144495461654326,0.053526820247500245,0.03606105992070361,0.03606105992070361,0.20669493623489954,1162
3_2_23,0.13336117313255239,0.17513833936307344,0.04177716623052105,0.04177716623052105,0.17357574413439836,0.1889813108173953,0.015405566682996946,0.050965037349433265,0.050965037349433265,0.20654786312564277,1163
15_2_2,0.0955901651257404,0.13119594456788847,0.03560577944214807,0.03560577944214807,0.12276257971583315,0.14033459113079721,0.01757201141496406,0.06120488913705073,0.06120488913705073,0.20619706827157702,1164
9_0_31,0.12854868292282012,0.16968068600765807,0.04113200308483794,0.04113200308483794,0.147831238597908,0.14158920658050209,-0.0062420320174059185,0.05926547519217536,0.05926547519217536,0.20616199121130643,1165
18_2_5,0.2123976385136329,0.2567315287580998,0.04433389024446688,0.04433389024446688,0.20999791924970043,0.2264294106901203,0.01643149144041986,0.044741076400754996,0.044741076400754996,0.2060556841409837,1166
7_1_19,0.17417938180959966,0.21474530291555244,0.04056592110595278,0.04056592110595278,0.19163193571967593,0.16654333582319433,-0.0250885998964816,0.045298963867876,0.045298963867876,0.20604782863558613,1167
6_1_17,0.09148708361952716,0.1277208190475137,0.03623373542798654,0.03623373542798654,0.1312827395093892,0.15069225547551854,0.01940951596612933,0.05823773331191181,0.05823773331191181,0.20582689409763127,1168
14_2_16,0.07446844672990971,0.09731837305191934,0.022849926322009634,0.022849926322009634,0.10300277673012202,0.1718947701340245,0.06889199340390247,0.04530752673333972,0.04530752673333972,0.20580385976324456,1169
22_2_4,0.14044943287137512,0.17949474109500002,0.0390453082236249,0.0390453082236249,0.158591043640089,0.17859946295618984,0.02000841931610084,0.052028477857355954,0.052028477857355954,0.2055882059536831,1170
29_2_16,0.14248056876543452,0.10828249442139762,-0.034198074344036905,0.034198074344036905,0.199609727896069,0.1485568440863565,-0.05105288380971251,-0.036853876477269745,0.036853876477269745,0.2055196385013152,1171
3_2_27,0.1940854438370867,0.22552327570011635,0.03143783186302965,0.03143783186302965,0.18359402925817092,0.24280655579374782,0.059212526535576904,0.035809688617917224,0.035809688617917224,0.2055061504584091,1172
13_2_18,0.10786387401247706,0.14319353053919734,0.03532965652672028,0.03532965652672028,0.132205969241302,0.15592644534867806,0.023720476107376043,0.05629742140140591,0.05629742140140591,0.2054064870020652,1173
10_2_26,0.09504968507722648,0.12922698457545365,0.03417729949822716,0.03417729949822716,0.1315276063864198,0.160183469141196,0.02865586275477619,0.054629548127553655,0.054629548127553655,0.2053801544218463,1174
11_2_20,0.1456425159867334,0.11917080771650754,-0.026471708270225852,0.026471708270225852,0.15239894688115624,0.08335138153148715,-0.06904756534966909,-0.03759754229083508,0.03759754229083508,0.2052106149561945,1175
20_2_20,0.11682833835610305,0.15286428026719112,0.03603594191108807,0.03603594191108807,0.1267462416862253,0.1437854366186832,0.017039194932457896,0.06002961597156577,0.06002961597156577,0.20513753687929068,1176
18_0_29,0.07510187800703723,0.10724665343657361,0.03214477542953638,0.03214477542953638,0.09012713908282105,0.0974663772031141,0.007339238120293051,0.0754337603398264,0.0754337603398264,0.20511001042530547,1177
0_0_13,0.16313310300843908,0.1975990548624595,0.034465951854020405,0.034465951854020405,0.15706095084198288,0.195403382005431,0.038342431163448126,0.04608544575773244,0.04608544575773244,0.20501171542953361,1178
2_1_13,0.14134884526429975,0.17055339179136958,0.02920454652706983,0.02920454652706983,0.14590237810795748,0.20277505910985674,0.05687268100189927,0.04167555333797485,0.04167555333797485,0.2049162078802637,1179
29_0_26,0.19044182519092892,0.2252028274759903,0.034761002285061376,0.034761002285061376,0.17167830901501818,0.2133249895986892,0.04164668058367102,0.04253296574997587,0.04253296574997587,0.20453356870221967,1180
15_2_18,0.17600866269266735,0.21279137579679688,0.03678271310412953,0.03678271310412953,0.14034694053208593,0.16089609832397417,0.020549157791888234,0.05531532522465931,0.05531532522465931,0.20451197851021619,1181
17_2_25,0.13027261181174038,0.16815361265932816,0.037881000847587776,0.037881000847587776,0.1500411739666152,0.1698797762093703,0.019838602242755105,0.05333255222950898,0.05333255222950898,0.20398079880507233,1182
16_0_13,0.06909193778386495,0.09602178098826383,0.02692984320439888,0.02692984320439888,0.09767634840804272,0.13976086631405044,0.042084517906007715,0.05720838732808447,0.05720838732808447,0.20386372881799222,1183
23_2_9,0.06749115387674648,0.10139646792374428,0.0339053140469978,0.0339053140469978,0.11160503342093592,0.12764130126743944,0.016036267846503527,0.06409495736856585,0.06409495736856585,0.20379303621129652,1184
4_2_5,0.12398193583146558,0.15350355762729778,0.029521621795832204,0.029521621795832204,0.13263000434516933,0.18166679530224028,0.04903679095707095,0.04639278725177228,0.04639278725177228,0.203649701082186,1185
14_1_29,0.2848334080321996,0.3267547348795312,0.04192132684733163,0.04192132684733163,0.23161271038596162,0.2599493020425122,0.028336591656550586,0.03828083500902972,0.03828083500902972,0.20357016739220668,1186
0_2_0,0.1451299487035113,0.18290425841562377,0.03777430971211246,0.03777430971211246,0.18661316410274822,0.2195390487006923,0.03292588459794407,0.04267948210802091,0.04267948210802091,0.2033524131139231,1187
27_1_7,0.14748957114428843,0.18151242383544158,0.034022852691153155,0.034022852691153155,0.12406968191800849,0.14732541175842023,0.023255729840411743,0.05773999660192526,0.05773999660192526,0.20326339133206883,1188
20_0_18,0.27841572932812303,0.3188948974957475,0.04047916816762448,0.04047916816762448,0.16357781679753988,0.15025940541032418,-0.013318411387215706,0.052822316658113065,0.052822316658113065,0.2031874855893417,1189
24_2_4,0.09988027970449803,0.12560847241957068,0.02572819271507265,0.02572819271507265,0.13810772814242267,0.20571119717184122,0.06760346902941855,0.0385403344012556,0.0385403344012556,0.20283406074771065,1190
11_0_20,0.21734260187600152,0.25591592283022635,0.03857332095422483,0.03857332095422483,0.15806367088186796,0.13950826780152897,-0.018555403080338984,0.052174237900102824,0.052174237900102824,0.20283385828653383,1191
21_0_24,0.145563605884281,0.18822780333606987,0.04266419745178887,0.04266419745178887,0.19844861489046894,0.21466281452178687,0.016214199631317927,0.045552111031614065,0.045552111031614065,0.20228048012720284,1192
8_1_26,0.08319213604243172,0.11389538331265645,0.03070324727022472,0.03070324727022472,0.11567510996603579,0.14880790146796088,0.033132791501925093,0.055577608585336766,0.055577608585336766,0.20203545340491366,1193
17_0_13,0.1900122440276428,0.22775125889149733,0.03773901486385453,0.03773901486385453,0.15401908872044257,0.17398329698442283,0.019964208263980265,0.05177178088665153,0.05177178088665153,0.20151452890779054,1194
20_1_6,0.06104346845560331,0.09071969782766902,0.02967622937206571,0.02967622937206571,0.0785527573787253,0.07454687740682367,-0.0040058799719016325,0.08038324381803529,0.08038324381803529,0.20144313882898113,1195
14_2_2,0.18180682172062052,0.21732434540092274,0.035517523680302227,0.035517523680302227,0.12045828135054755,0.1094823143826698,-0.010975966967877754,0.06292832102993838,0.06292832102993838,0.20095346707473682,1196
1_0_29,0.12341539055865987,0.1587480068596814,0.03533261630102154,0.03533261630102154,0.15680125207739093,0.18743064244551647,0.030629390368125536,0.04745072641318359,0.04745072641318359,0.2006774043018617,1197
19_0_3,0.20510099239091695,0.16561677287087742,-0.039484219520039526,0.039484219520039526,0.1962534079180269,0.17050166349937418,-0.025751744418652717,-0.04305758174950309,0.04305758174950309,0.20059069956886535,1198
0_2_4,0.09294367941578444,0.06557329647971354,-0.0273703829360709,0.0273703829360709,0.13307707949433495,0.07907549281947888,-0.054001586674856064,-0.044446591154966686,0.044446591154966686,0.20046346710693033,1199
24_0_7,0.09158394457681891,0.1188685833151721,0.027284638738353184,0.027284638738353184,0.11654396653810933,0.1653854136990834,0.04884144716097408,0.04863758795439481,0.04863758795439481,0.2003398313760521,1200
12_1_15,0.13003227426926212,0.168545759486795,0.038513485217532895,0.038513485217532895,0.16337007766495662,0.18275947862755915,0.019389400962602527,0.04984380422638484,0.04984380422638484,0.20030662214468542,1201
29_2_19,0.157236582445722,0.19847538779839122,0.04123880535266922,0.04123880535266922,0.15721718403911975,0.1622506533186407,0.005033469279520947,0.05568723544493704,0.05568723544493704,0.2000319513536859,1202
7_1_28,0.0739195884927007,0.10547841606050697,0.03155882756780627,0.03155882756780627,0.10578634229051707,0.12595150759104337,0.020165165300526297,0.0627846885662907,0.0627846885662907,0.2000177368554551,1203
23_1_31,0.06516198824063961,0.04477621080038855,-0.02038577744025106,0.02038577744025106,0.119175732510328,0.03931863722444118,-0.07985709528588682,-0.03720064633978509,0.03720064633978509,0.19978239043007745,1204
21_2_17,0.11340171014734116,0.14816758106001016,0.034765870912669,0.034765870912669,0.11220406582817219,0.10445907062311385,-0.007744995205058336,0.0660500954522632,0.0660500954522632,0.19962491687219536,1205
2_2_31,0.12435862954543872,0.09080462713968403,-0.03355400240575469,0.03355400240575469,0.16792713072142448,0.1281898081957153,-0.03973732252570919,-0.042941437008386533,0.042941437008386533,0.19957714478714456,1206
1_2_0,0.14214125558925014,0.1059665749434319,-0.03617468064581825,0.03617468064581825,0.19528344654618418,0.1580867765979905,-0.03719666994819368,-0.0397452522587947,0.0397452522587947,0.1995303454553917,1207
6_0_21,0.11275204640520388,0.14743816732824344,0.03468612092303956,0.03468612092303956,0.1102603631434283,0.11716219739834444,0.006901834254916139,0.0666399393200634,0.0666399393200634,0.19928604479090842,1208
17_0_26,0.10104769075198079,0.07447525747192173,-0.026572433280059066,0.026572433280059066,0.12246451014698523,0.07067013798903651,-0.051794372157948715,-0.04690804225662666,0.04690804225662666,0.19922440809210235,1209
27_0_18,0.12387593353040527,0.085361752779389,-0.03851418075101627,0.03851418075101627,0.18129746352840356,0.15774755213330094,-0.023549911395102624,-0.045457127654093855,0.045457127654093855,0.1987878417732876,1210
14_0_25,0.08559926811862872,0.11889987429659163,0.033300606177962905,0.033300606177962905,0.11987171285059874,0.13988392981627623,0.020012216965677496,0.05855666822219923,0.05855666822219923,0.1987391145377245,1211
4_0_8,0.23542569284465395,0.26880710283279585,0.0333814099881419,0.0333814099881419,0.17343137296665187,0.1321827763881969,-0.04124859657845498,0.041369315348644804,0.041369315348644804,0.19857129990451863,1212
1_2_8,0.17369082528289517,0.20804951200892613,0.03435868672603096,0.03435868672603096,0.13394733153489097,0.15675134543035604,0.022804013895465075,0.0540723288795814,0.0540723288795814,0.19850179096440873,1213
12_0_29,0.1632584274567175,0.19840595478766115,0.035147527330943645,0.035147527330943645,0.1549958509337119,0.12738395856713688,-0.02761189236657502,0.04861148520646502,0.04861148520646502,0.19840033193757017,1214
19_1_9,0.08025354588588286,0.11381041873489692,0.033556872849014055,0.033556872849014055,0.10511197545758243,0.11280836143250031,0.007696385974917883,0.06758755261562086,0.06758755261562086,0.19835940307659422,1215
24_0_5,0.0833825992898114,0.11025222725190047,0.026869627962089068,0.026869627962089068,0.09964932606854544,0.13838433244251463,0.03873500637396919,0.05610522666132243,0.05610522666132243,0.19835656705215204,1216
5_1_19,0.09580182674689429,0.06568670079859293,-0.03011512594830136,0.03011512594830136,0.13460835764031184,0.09446177075378365,-0.040146586886528196,-0.04817441611322314,0.04817441611322314,0.19781232975712743,1217
4_1_10,0.10019621801490118,0.13333216979826543,0.033135951783364245,0.033135951783364245,0.11903574521538243,0.1383612123434743,0.019325467128091856,0.058690584351058,0.058690584351058,0.1976930909633255,1218
7_1_2,0.08098548656611382,0.11462441497795302,0.0336389284118392,0.0336389284118392,0.10180027622406862,0.1053054100984439,0.003505133874375274,0.07008041809498357,0.07008041809498357,0.197393795959576,1219
16_2_24,0.11618340494558754,0.14738178604796703,0.03119838110237949,0.03119838110237949,0.16347498792343074,0.2107396932225357,0.04726470529910495,0.03998443355096056,0.03998443355096056,0.1972760921828124,1220
13_0_9,0.144784528189816,0.1842590023077058,0.03947447411788982,0.03947447411788982,0.14168167810094054,0.14414235991402236,0.0024606818130818164,0.05917994118483929,0.05917994118483929,0.19713308005029184,1221
17_0_24,0.14007795535900056,0.1806089629403581,0.04053100758135755,0.04053100758135755,0.17781552653998753,0.16485068609135156,-0.012964840448635967,0.048647071801010064,0.048647071801010064,0.19702203852262523,1222
3_0_10,0.1029581781816135,0.0727927691782225,-0.030165409003391,0.030165409003391,0.13996078711645651,0.09870220673488164,-0.04125858038157487,-0.04640784679488819,0.04640784679488819,0.19670550246120821,1223
0_0_16,0.14698931635965226,0.1759081574562778,0.02891884109662554,0.02891884109662554,0.17188204497480522,0.23031158196070636,0.05842953698590114,0.03514831318294377,0.03514831318294377,0.1966284377115634,1224
20_2_23,0.14099455802598582,0.17341652490735715,0.032421966881371334,0.032421966881371334,0.17509170122546047,0.2199988344233864,0.04490713319792594,0.0388720795193011,0.0388720795193011,0.19647159348912957,1225
18_0_28,0.1949704524026006,0.23367192244000826,0.03870147003740765,0.03870147003740765,0.14527831928182255,0.1522911316734291,0.007012812391606532,0.05650773318139411,0.05650773318139411,0.1963155096090959,1226
18_0_23,0.11567789130983509,0.15078215055857422,0.035104259248739125,0.035104259248739125,0.12145936389163273,0.1313956206677433,0.009936256776110569,0.06118656934252949,0.06118656934252949,0.19615695991387416,1227
11_1_8,0.08968432435574397,0.06423727734926525,-0.02544704700647872,0.02544704700647872,0.12546804500270342,0.06983634760518106,-0.055631697397522356,-0.043877130297825494,0.043877130297825494,0.1961056111040522,1228
14_2_10,0.14043636329535342,0.17661258686783712,0.03617622357248371,0.03617622357248371,0.12884337718877856,0.13810574368089074,0.009262366492112178,0.05947748399760273,0.05947748399760273,0.19598089454966455,1229
25_0_7,0.12694540448548397,0.164178920750245,0.03723351626476104,0.03723351626476104,0.16880564479914997,0.19155660345424733,0.022750958655097353,0.046603203443045776,0.046603203443045776,0.1959213547716992,1230
24_0_28,0.06491342147014102,0.03900301418634498,-0.025910407283796046,0.025910407283796046,0.10586984149143924,0.06308556755576368,-0.04278427393567556,-0.05286440091285426,0.05286440091285426,0.1956450993307785,1231
9_0_9,0.14341986389642009,0.17791069645201824,0.03449083255559815,0.03449083255559815,0.13496581759519183,0.154947572243359,0.019981754648167177,0.05393605564270571,0.05393605564270571,0.19549718439333452,1232
10_2_13,0.10458717529250804,0.13354798171368557,0.02896080642117753,0.02896080642117753,0.11564348528020857,0.15132408842538303,0.03568060314517446,0.05237760180682872,0.05237760180682872,0.1954943273830443,1233
23_2_11,0.050020919115555874,0.02913093061490683,-0.020889988500649045,0.020889988500649045,0.1038271497171038,0.03740003643885679,-0.06642711327824702,-0.04372178521534034,0.04372178521534034,0.19528754545016203,1234
29_1_25,0.13945868945060796,0.1734868733100651,0.034028183859457134,0.034028183859457134,0.15754430687173254,0.18910636077884674,0.031562053907114196,0.04547485170764825,0.04547485170764825,0.19527598380248717,1235
11_0_25,0.13106294230861898,0.16278642061066706,0.03172347830204808,0.03172347830204808,0.1389490995812422,0.1728783726133867,0.03392927303214449,0.04794322781869453,0.04794322781869453,0.1949820668254291,1236
11_0_8,0.10887965453680798,0.07263215183608186,-0.03624750270072612,0.03624750270072612,0.14444654525238693,0.12919173990294613,-0.015254805349440792,-0.05361916953506048,0.05361916953506048,0.19464147284148636,1237
7_1_21,0.14595359749628917,0.17764944698502844,0.03169584948873927,0.03169584948873927,0.12364756858035879,0.14958395623313686,0.025936387652778073,0.05391870700380342,0.05391870700380342,0.1943543186077637,1238
15_0_10,0.2673906141565435,0.3060818247666074,0.038691210610063864,0.038691210610063864,0.1782456387647103,0.19665718908624757,0.018411550321537268,0.045940463416996404,0.045940463416996404,0.19417509206267258,1239
18_1_1,0.09988374456818652,0.1338188747845966,0.033935130216410064,0.033935130216410064,0.1300587587253213,0.1486685214981898,0.018609762772868493,0.05508050292956553,0.05508050292956553,0.19401373374314945,1240
25_1_18,0.17040251888397745,0.20672816782092926,0.03632564893695181,0.03632564893695181,0.13580146082604821,0.14623407272025418,0.010432611894205968,0.0566582181860328,0.0566582181860328,0.19372694836243282,1241
16_1_2,0.23566772954835208,0.27726529489138757,0.04159756534303549,0.04159756534303549,0.16839996725113385,0.1709468588109834,0.002546891559849551,0.052493738678248,0.052493738678248,0.19371182308353171,1242
2_0_13,0.08086329496402964,0.1097159759391269,0.02885268097509726,0.02885268097509726,0.1054650925932306,0.13316173914896134,0.027696646555730745,0.057358618408977075,0.057358618408977075,0.19324294489108917,1243
13_0_6,0.07455774015478665,0.10724687963759694,0.032689139482810284,0.032689139482810284,0.1031480774695085,0.10896305835729492,0.005814980887786411,0.06715234531873758,0.06715234531873758,0.19319051576716595,1244
4_1_20,0.1321803429441434,0.16585079498301966,0.03367045203887625,0.03367045203887625,0.15486575810795217,0.18484104631692902,0.029975288208976852,0.04579171963188349,0.04579171963188349,0.19293328154515488,1245
2_2_26,0.0960864794168532,0.07024632847026846,-0.025840150946584733,0.025840150946584733,0.14137534287565948,0.08404844069937065,-0.05732690217628883,-0.03950651008219029,0.03950651008219029,0.19292964385160283,1246
0_0_26,0.08168890647948761,0.10422951496487284,0.022540608485385236,0.022540608485385236,0.10098731696109277,0.15845030269043361,0.057462985729340846,0.045911732886391034,0.045911732886391034,0.19290713723583386,1247
15_1_16,0.05534966259881457,0.08567746038728291,0.030327797788468343,0.030327797788468343,0.08851689584583766,0.08509203622968636,-0.003424859616151299,0.07290198665351029,0.07290198665351029,0.1920204943340057,1248
8_0_14,0.16271486497284435,0.20280899050880433,0.04009412553595998,0.04009412553595998,0.15492254735630712,0.15620615787972916,0.0012836105234220463,0.0550087469838739,0.0550087469838739,0.19163598165725626,1249
9_0_30,0.10084105995235648,0.12700578705723953,0.026164727104883045,0.026164727104883045,0.10605104011558918,0.14640361022520723,0.040352570109618055,0.05137517659298205,0.05137517659298205,0.19150740795855015,1250
18_1_16,0.08241472225607971,0.05863321929262046,-0.023781502963459246,0.023781502963459246,0.1100792432550652,0.058397214961637856,-0.05168202829342734,-0.046764307379847846,0.046764307379847846,0.1910737795272758,1251
9_0_4,0.06938815798103938,0.09861694482293858,0.029228786841899196,0.029228786841899196,0.08171082533373608,0.08312514671081359,0.0014143213770775043,0.07589475293813398,0.07589475293813398,0.19091190824182386,1252
0_2_28,0.1518436040214153,0.11408454112373156,-0.03775906289768374,0.03775906289768374,0.17499355023161378,0.15759879895411572,-0.017394751277498066,-0.046109994429056875,0.046109994429056875,0.19065680126924672,1253
13_0_26,0.10921887489642752,0.14153096453074088,0.032312089634313354,0.032312089634313354,0.1370436202846337,0.16343398224685554,0.02639036196222183,0.04965275039232861,0.04965275039232861,0.19055238717048387,1254
11_1_1,0.15621253662409992,0.19726341166237812,0.0410508750382782,0.0410508750382782,0.1713117182532452,0.1743158993750441,0.003004181121798899,0.050921562347370906,0.050921562347370906,0.19046933909808328,1255
11_1_12,0.08635780451124483,0.11546569838455137,0.029107893873306534,0.029107893873306534,0.12544128398056886,0.16101175158356018,0.03557046760299132,0.048613584916739325,0.048613584916739325,0.19045252482972583,1256
24_2_28,0.12302821560671226,0.15390639321323785,0.030878177606525586,0.030878177606525586,0.13547743260063366,0.16737438442185718,0.03189695182122351,0.04788579593374964,0.04788579593374964,0.19024081242431912,1257
7_1_27,0.11531963355981477,0.09013356157624987,-0.0251860719835649,0.0251860719835649,0.13013128777873675,0.07663460812538596,-0.053496679653350795,-0.04183651861186564,0.04183651861186564,0.1900777575071591,1258
16_2_28,0.09198279306007906,0.11283055558939943,0.02084776252932037,0.02084776252932037,0.12122335469349521,0.19364789204707303,0.07242453735357782,0.035319657614016176,0.035319657614016176,0.1900336966371317,1259
11_0_23,0.0953292732235997,0.06318748538150593,-0.032141787842093775,0.032141787842093775,0.13512997640489818,0.11052800538301881,-0.024601971021879374,-0.05099156642619623,0.05099156642619623,0.18995462148168193,1260
27_2_5,0.3068606347038556,0.3471888408167218,0.040328206112866194,0.040328206112866194,0.20380330657752935,0.1885718881181731,-0.015231418459356244,0.04224724746079709,0.04224724746079709,0.18994716111819193,1261
27_2_24,0.13595237417594216,0.09461569838328698,-0.04133667579265518,0.04133667579265518,0.19348286154652267,0.1850962230518036,-0.008386638494719073,-0.04554247817764899,0.04554247817764899,0.18972189036664894,1262
16_1_15,0.2552020123054849,0.2970551785230347,0.04185316621754981,0.04185316621754981,0.17446621212127278,0.17463373340241004,0.00016752128113725617,0.05101840517940399,0.05101840517940399,0.1896563934900626,1263
16_1_6,0.1507307143887657,0.18532580483652805,0.03459509044776235,0.03459509044776235,0.1281614308777213,0.11822881771801323,-0.009932613159708073,0.0575940327479158,0.0575940327479158,0.18963914400149257,1264
9_0_29,0.09461059145985615,0.12453862087981889,0.02992802941996274,0.02992802941996274,0.10855261159425485,0.1294393499351396,0.020886738340884767,0.058033958128408045,0.058033958128408045,0.18953466942970673,1265
10_2_3,0.13481988959750857,0.0935552400495911,-0.04126464954791746,0.04126464954791746,0.18987762883801867,0.18251461480677306,-0.007363014031245618,-0.04631499207390463,0.04631499207390463,0.18945985661068324,1266
26_2_10,0.06132083353676391,0.0865140521729352,0.025193218636171293,0.025193218636171293,0.1284922482678033,0.18278981909546027,0.05429757082765696,0.040738596967959416,0.040738596967959416,0.1894461022764532,1267
29_2_23,0.12685594766810004,0.09161727004173302,-0.035238677626367024,0.035238677626367024,0.17962113092465232,0.15216772777912166,-0.027453403145530658,-0.04202552271307676,0.04202552271307676,0.1891514456262215,1268
29_2_14,0.14029708413113795,0.1771536446126723,0.03685656048153435,0.03685656048153435,0.13107084448588277,0.13012762181108742,-0.000943222674795352,0.0597963842028161,0.0597963842028161,0.18895947442871228,1269
25_0_14,0.1866953829458085,0.22123611564048043,0.03454073269467192,0.03454073269467192,0.17796124767698185,0.20807782190152946,0.03011657422454761,0.040942498603625026,0.040942498603625026,0.18866476474220698,1270
4_0_19,0.2914545918397966,0.33319527470979826,0.041740682870001655,0.041740682870001655,0.20750601366854213,0.19799268651009333,-0.009513327158448798,0.04288971147260479,0.04288971147260479,0.18836795760703798,1271
13_1_2,0.0735239346597808,0.09269745100809104,0.019173516348310243,0.019173516348310243,0.11289649770267048,0.1887627161585825,0.07586621845591203,0.03469283876813929,0.03469283876813929,0.18833503354032585,1272
2_0_21,0.0751881342063159,0.10360525292597642,0.028417118719660517,0.028417118719660517,0.10122105059658434,0.1235063104723316,0.022285259875747254,0.05899989722759296,0.05899989722759296,0.1882454635487421,1273
14_0_12,0.19591793022384696,0.23546282969506419,0.039544899471217226,0.039544899471217226,0.15894603701523966,0.15673909680416925,-0.0022069402110704017,0.05294345707863324,0.05294345707863324,0.18821358455825155,1274
6_1_5,0.05718828298004069,0.08390698148694824,0.02671869850690755,0.02671869850690755,0.071702160369679,0.07299807748780397,0.0012959171181249757,0.0790389438993956,0.0790389438993956,0.1881970386786833,1275
24_2_8,0.3169048361349769,0.3546539371896921,0.03774910105471524,0.03774910105471524,0.16452045804950996,0.15288064464752132,-0.011639813401988636,0.04896403299249453,0.04896403299249453,0.1881818045266988,1276
29_1_19,0.1296616011908018,0.16268250003993423,0.033020898849132424,0.033020898849132424,0.1627019652217676,0.19375371845119446,0.031051753229426854,0.04275760433545384,0.04275760433545384,0.1880305695121509,1277
26_1_30,0.06116740646706741,0.08983239065364593,0.028664984186578514,0.028664984186578514,0.0911293225111031,0.10325708664479388,0.01212776413369078,0.06639177383700695,0.06639177383700695,0.1879547996463756,1278
18_2_18,0.1822300888076862,0.22025016295677058,0.03802007414908437,0.03802007414908437,0.1450690948241441,0.14730993251278304,0.002240837688638947,0.055684933515620476,0.055684933515620476,0.1878609861610493,1279
10_0_12,0.14483528262571865,0.18089019097856956,0.03605490835285091,0.03605490835285091,0.15252040906716394,0.13892747563233937,-0.013592933434824567,0.050483118635408296,0.050483118635408296,0.18778754888514418,1280
4_1_13,0.14705110310570646,0.1863821953194353,0.03933109221372885,0.03933109221372885,0.15788739386464656,0.16023981524056743,0.002352421375920871,0.05293765073192939,0.05293765073192939,0.18777027685323883,1281
6_0_30,0.09104650492460456,0.060886594457676524,-0.030159910466928036,0.030159910466928036,0.12751890113871436,0.09986476737511739,-0.027654133763596975,-0.050772266120094896,0.050772266120094896,0.18753182806050706,1282
10_2_15,0.07912672466718376,0.11226142217905595,0.03313469751187219,0.03313469751187219,0.11112641682173298,0.10683668527405395,-0.004289731547679032,0.0634846592226266,0.0634846592226266,0.18752600050726248,1283
3_0_24,0.10819377332314055,0.0769511337104675,-0.031242639612673054,0.031242639612673054,0.17071236056916386,0.1315834967971973,-0.03912886377196656,-0.03932605787929926,0.03932605787929926,0.18729517890303712,1284
18_0_8,0.041330916514963546,0.022426367037951228,-0.018904549477012318,0.018904549477012318,0.07544087303098584,0.02476131636860965,-0.050679556662376196,-0.054455103188331695,0.054455103188331695,0.18716791900869867,1285
1_2_2,0.10236504529489707,0.13973436819772048,0.03736932290282341,0.03736932290282341,0.15384574217426936,0.16204863816114035,0.00820289598687099,0.05152512621893447,0.05152512621893447,0.18686917435319425,1286
6_0_4,0.12176436310428006,0.15540104137521676,0.03363667827093671,0.03363667827093671,0.13345754518481626,0.14758847499262961,0.014130929807813358,0.05331556641050062,0.05331556641050062,0.18562870445048102,1287
28_0_28,0.09222673478270912,0.11814997532235383,0.025923240539644704,0.025923240539644704,0.137405454118424,0.18804493205046316,0.050639477932039156,0.03933699490461779,0.03933699490461779,0.18538276189203642,1288
20_0_22,0.08942098674918948,0.12156177274476862,0.03214078599557914,0.03214078599557914,0.10240030622159244,0.10295557591816341,0.0005552696965709786,0.06667622388727833,0.06667622388727833,0.18504978563626545,1289
7_0_27,0.0485248743769885,0.07152556190511652,0.023000687528128026,0.023000687528128026,0.07497541937086792,0.10161017197783787,0.026634752606969944,0.06393583758376838,0.06393583758376838,0.18496113278502213,1290
6_2_20,0.09592416670345014,0.12657995663936075,0.030655789935910616,0.030655789935910616,0.10493623378243888,0.11518957533483631,0.010253341552397433,0.061793505188599315,0.061793505188599315,0.184908848239963,1291
3_0_25,0.14285420564456922,0.10708293701893931,-0.035771268625629904,0.035771268625629904,0.19825585030437207,0.17173561861427386,-0.026520231690098206,-0.03862572698618349,0.03862572698618349,0.18477766573659407,1292
9_2_15,0.15754554357482026,0.19199629864370465,0.0344507550688844,0.0344507550688844,0.1390901165106434,0.12728320051644798,-0.011806915994195422,0.052878326908287976,0.052878326908287976,0.1846705098754195,1293
6_0_22,0.1999586002919821,0.2350102404814128,0.035051640189430716,0.035051640189430716,0.17210238671511252,0.1504404699376224,-0.02166191677749013,0.043577007417831874,0.043577007417831874,0.1842946666091015,1294
19_1_1,0.14996772308778245,0.18636517450289525,0.0363974514151128,0.0363974514151128,0.16231453977012383,0.17562857275920607,0.013314032989082236,0.04750724259407737,0.04750724259407737,0.1842191523122475,1295
25_0_15,0.21828631703947984,0.1834754845556231,-0.034810832483856746,0.034810832483856746,0.23541803811970272,0.19845047585886846,-0.03696756226083425,-0.031693154325452076,0.031693154325452076,0.1840487798122203,1296
16_0_7,0.11323180696324844,0.13956212544441385,0.026330318481165405,0.026330318481165405,0.11734861689333635,0.1560283249787072,0.03867970808537084,0.04688109159971638,0.04688109159971638,0.18372180927342058,1297
2_1_20,0.11948588263506502,0.1546712884213229,0.035185405786257895,0.035185405786257895,0.13641256369445895,0.14276930278138486,0.006356739086925911,0.054722852175374134,0.054722852175374134,0.18319613185113537,1298
15_0_9,0.11501042795256568,0.14679360796916455,0.03178318001659887,0.03178318001659887,0.16663232343590387,0.1996899153336826,0.03305759189777874,0.04017163888675749,0.04017163888675749,0.18316215014232168,1299
10_1_3,0.08762613680653215,0.11961603132371787,0.031989894517185716,0.031989894517185716,0.10924191650435762,0.10493281661131727,-0.004309099893040347,0.06235544592099177,0.06235544592099177,0.18274104797638083,1300
28_0_3,0.03795660242282583,0.05943088052414278,0.021474278101316954,0.021474278101316954,0.06563721807520863,0.08857513919115131,0.022937921115942686,0.06819048767797214,0.06819048767797214,0.1825405470282539,1301
15_2_4,0.05510856245304851,0.07905619365287603,0.02394763119982752,0.02394763119982752,0.09098369027837172,0.12423355117269803,0.033249860894326314,0.05485052608963155,0.05485052608963155,0.18220805329469522,1302
5_1_29,0.1288611622277372,0.16350432999073122,0.03464316776299403,0.03464316776299403,0.18956939606008139,0.21631206935664457,0.026742673296563185,0.03861180645899788,0.03861180645899788,0.18184770275358728,1303
27_1_31,0.1394545560467504,0.11158694533343123,-0.027867610713319155,0.027867610713319155,0.14409783950164898,0.10433183692273719,-0.03976600257891179,-0.04162341257238176,0.04162341257238176,0.1818093914616843,1304
14_2_15,0.09296299179897828,0.12037761143841501,0.027414619639436727,0.027414619639436727,0.12534122020740504,0.16075558394236042,0.03541436373495538,0.04583097431905515,0.04583097431905515,0.181591688931178,1305
28_2_10,0.21357013034687922,0.25549015309159573,0.04192002274471651,0.04192002274471651,0.2031467564741832,0.2014121789997283,-0.001734577474454907,0.04392016298430471,0.04392016298430471,0.18155950507796798,1306
14_0_28,0.0917163023063298,0.11826067036814687,0.026544368061817078,0.026544368061817078,0.11252884961721851,0.1453610217310601,0.032832172113841596,0.04939322720880863,0.04939322720880863,0.18128598534055299,1307
12_1_30,0.09738153689028799,0.06904951495498009,-0.0283320219353079,0.0283320219353079,0.13371129013435573,0.1008370603373018,-0.03287422979705393,-0.04554704245262891,0.04554704245262891,0.1808964401444408,1308
24_2_3,0.051646301755000276,0.07792650990027963,0.026280208145279357,0.026280208145279357,0.08313022452427613,0.07279106138128544,-0.010339163142990687,0.06754578159521411,0.06754578159521411,0.1808899529054266,1309
27_1_26,0.13841419500326785,0.1761738306686785,0.03775963566541066,0.03775963566541066,0.153750644191206,0.15274615422482954,-0.0010044899663764484,0.05224536118400583,0.05224536118400583,0.18086692898023787,1310
29_0_7,0.12127953206497162,0.15646075277455584,0.035181220709584224,0.035181220709584224,0.13092765599306216,0.13205935161983168,0.0011316956267695133,0.05710661905371537,0.05710661905371537,0.18066885011880496,1311
10_1_12,0.2533290253699256,0.2902408139368775,0.03691178856695193,0.03691178856695193,0.17296433603642675,0.16195497394793712,-0.011009362088489627,0.04553357579956889,0.04553357579956889,0.18026731306635663,1312
24_1_20,0.12415367875932054,0.0989016565610155,-0.025252022198305038,0.025252022198305038,0.15983141991578273,0.10550709537704783,-0.0543243245387349,-0.034087220418272175,0.034087220418272175,0.18022280274833713,1313
7_1_1,0.10778997250235477,0.13764335421176646,0.029853381709411694,0.029853381709411694,0.13905282155525897,0.1678988437063677,0.028846022151108736,0.04518366169364562,0.04518366169364562,0.18010332178986488,1314
1_2_18,0.23180286655239596,0.26427818491124333,0.03247531835884737,0.03247531835884737,0.16685527434818004,0.1403273676651442,-0.02652790668303584,0.04170413050124673,0.04170413050124673,0.17990973235896457,1315
23_2_17,0.06606970109255367,0.09636589074548829,0.030296189652934624,0.030296189652934624,0.10926012990646933,0.09949842221374045,-0.009761707692728883,0.05918781663632814,0.05918781663632814,0.17965731676323413,1316
14_2_1,0.19625088271423838,0.22716799618461742,0.030917113470379037,0.030917113470379037,0.15002939940166282,0.12307403825149393,-0.02695536115016889,0.044187794713404165,0.044187794713404165,0.1795422559287722,1317
3_0_12,0.05645815069939924,0.07607663649079763,0.01961848579139839,0.01961848579139839,0.09956339348199214,0.15924969744727535,0.05968630396528321,0.04045404371903691,0.04045404371903691,0.1794977481670682,1318
6_0_18,0.0809479763489302,0.1120017595340576,0.0310537831851274,0.0310537831851274,0.11838627913780028,0.13065500392751428,0.012268724789713997,0.05548768574393397,0.05548768574393397,0.17936735449653932,1319
11_2_23,0.08509590073976306,0.11329297956166855,0.02819707882190549,0.02819707882190549,0.11514408357553571,0.1394731790751877,0.02432909549965198,0.0515113450285516,0.0515113450285516,0.17932953353207692,1320
2_1_28,0.05213090277892183,0.07289804270473774,0.020767139925815907,0.020767139925815907,0.08733704122778913,0.13316686272378453,0.045829821495995404,0.049053063612825944,0.049053063612825944,0.1792700814510852,1321
22_0_15,0.11972757395135358,0.15300794318282868,0.03328036923147509,0.03328036923147509,0.15125297744954783,0.1689199488635774,0.017666971414029564,0.046533686330165636,0.046533686330165636,0.17901394566812973,1322
4_0_11,0.18689391387092213,0.22111660799925473,0.03422269412833259,0.03422269412833259,0.16249088683242965,0.14531163181803602,-0.01717925501439363,0.04502161900800237,0.04502161900800237,0.17896349302369602,1323
16_0_21,0.2376819682630355,0.27501048735753036,0.03732851909449486,0.03732851909449486,0.1667287995926541,0.1730142535046511,0.006285453911997002,0.04753808469416484,0.04753808469416484,0.17894745286560138,1324
28_2_13,0.16642137412527205,0.19709415602775232,0.030672781902480267,0.030672781902480267,0.17018529422272083,0.2049070192276259,0.03472172500490506,0.03795012412683777,0.03795012412683777,0.17878129815297852,1325
1_0_31,0.09585345719846858,0.06945514603180962,-0.026398311166658958,0.026398311166658958,0.14109406779597786,0.09878481418171675,-0.042309253614261105,-0.04030386956552401,0.04030386956552401,0.17869119508578551,1326
24_1_12,0.09200256408070719,0.06641485850850774,-0.025587705572199443,0.025587705572199443,0.12958670716411386,0.08812246633552723,-0.04146424082858663,-0.04256022097817648,0.04256022097817648,0.17866205733835724,1327
5_1_17,0.14051873295173373,0.17205378839612961,0.03153505544439589,0.03153505544439589,0.1449598318734606,0.16742868998355134,0.02246885811009075,0.04591521103479996,0.04591521103479996,0.17866151047531847,1328
5_2_15,0.1799196247122105,0.1456605082091043,-0.0342591165031062,0.0342591165031062,0.20599072092597542,0.1774433938965979,-0.02854732702937751,-0.035614968209948715,0.035614968209948715,0.17856272478998417,1329
16_2_23,0.12243327235467012,0.1591994402299463,0.03676616787527619,0.03676616787527619,0.17416373659789577,0.18483597042604744,0.010672233828151662,0.044776317176130176,0.044776317176130176,0.17840691310577272,1330
21_1_11,0.10375349940953862,0.07925072401211325,-0.024502775397425375,0.024502775397425375,0.11822835571055612,0.07719987980599667,-0.04102847590455945,-0.04470631888683444,0.04470631888683444,0.17816952281061382,1331
16_0_26,0.04833550802640144,0.0717442730118383,0.023408764985436863,0.023408764985436863,0.10407166094548925,0.14508434312318697,0.04101268217769771,0.046808259756610425,0.046808259756610425,0.17806251174406207,1332
9_1_7,0.17421583834994236,0.1441144406303251,-0.030101397719617257,0.030101397719617257,0.19464184993577074,0.15340143953811441,-0.04124041039765633,-0.03321695167150589,0.03321695167150589,0.17782756899917374,1333
13_1_13,0.11137629692580395,0.14297392476051687,0.03159762783471293,0.03159762783471293,0.11217778766981326,0.1161502477631225,0.0039724600933092324,0.05977533194615553,0.05977533194615553,0.17760894208449535,1334
6_2_28,0.13668684236407894,0.1665072508765179,0.029820408512438973,0.029820408512438973,0.19847496190679892,0.24214587976851595,0.043670917861717035,0.0316150027978348,0.0316150027978348,0.17751213299304686,1335
7_2_16,0.14498041917164659,0.17571611669838355,0.030735697526736966,0.030735697526736966,0.12604783644135606,0.11052249694677571,-0.015525339494580348,0.05214536959269806,0.05214536959269806,0.17741502761736497,1336
24_1_25,0.16003874207260751,0.19576506793861675,0.03572632586600924,0.03572632586600924,0.2210680186697613,0.24671296711459548,0.02564494844483417,0.03419641426806122,0.03419641426806122,0.1773930706132169,1337
7_2_0,0.22439557805435165,0.25437626257110574,0.02998068451675409,0.02998068451675409,0.19657222291721863,0.15497916517881913,-0.0415930577383995,0.03275899278281915,0.03275899278281915,0.17723844667484678,1338
26_1_2,0.27656571524071677,0.3125449849020971,0.03597926966138032,0.03597926966138032,0.15895129973316047,0.1520215345194911,-0.006929765213669364,0.048246040632491896,0.048246040632491896,0.17689560934343052,1339
25_1_2,0.1416563836657692,0.17078306747500252,0.029126683809233334,0.029126683809233334,0.15627061225282826,0.12212481063959066,-0.0341458016132376,0.0400335437289527,0.0400335437289527,0.1767497572369998,1340
23_0_13,0.13815671723234757,0.1674263476977781,0.02926963046543052,0.02926963046543052,0.18824357828953175,0.2309936969352916,0.04275011864575984,0.03270337026937931,0.03270337026937931,0.17647176568017647,1341
17_2_26,0.13975888739981715,0.1690931325427726,0.029334245142955462,0.029334245142955462,0.1310021687559912,0.1553470586903202,0.02434488993432901,0.04717892604198523,0.04717892604198523,0.17639915323566396,1342
4_0_3,0.17556211288756302,0.20860824869058417,0.033046135803021154,0.033046135803021154,0.1485923628717493,0.1637997991569553,0.015207436285206016,0.04706789567724266,0.04706789567724266,0.17634105291738844,1343
15_0_27,0.06916987892243362,0.0966957952940232,0.027525916371589576,0.027525916371589576,0.09481072238973727,0.10549387261977641,0.010683150230039143,0.06136392117932432,0.06136392117932432,0.17601495725991761,1344
23_0_14,0.08327603888535622,0.11140426684279969,0.028128227957443477,0.028128227957443477,0.1198840363632446,0.14409945755706277,0.02421542119381817,0.04938502947484689,0.04938502947484689,0.17599761951756582,1345
5_2_31,0.14573642795721192,0.18548336088248474,0.039746932925272815,0.039746932925272815,0.18789197896982085,0.18716882962906986,-0.0007231493407509892,0.045012188906409234,0.045012188906409234,0.1758762737285614,1346
8_0_18,0.11997934170871122,0.1463601515358322,0.026380809827120988,0.026380809827120988,0.11749762332771133,0.08789262025664384,-0.02960500307106749,0.048267077440136405,0.048267077440136405,0.17559462883923999,1347
1_1_26,0.15172250124899958,0.18845691579040888,0.0367344145414093,0.0367344145414093,0.20564048732859383,0.22258331772102266,0.01694283039242883,0.037860107628607226,0.037860107628607226,0.17559443004056235,1348
21_2_22,0.14834774680262966,0.18060322690664085,0.03225548010401119,0.03225548010401119,0.15280414036059473,0.17218918512202375,0.01938504476142902,0.044623027661339916,0.044623027661339916,0.17537367901715478,1349
26_1_27,0.12098757297693258,0.1500078427633502,0.029020269786417613,0.029020269786417613,0.13349608779532632,0.1591790054900692,0.025682917694742874,0.045788315665483754,0.045788315665483754,0.17505883237470038,1350
8_0_28,0.10276931478783821,0.12926767788798008,0.026498363100141864,0.026498363100141864,0.11311779810039069,0.14054205702118047,0.027424258920789785,0.04919348739597564,0.04919348739597564,0.17477714425602964,1351
7_2_22,0.12287879358688979,0.15376212986692606,0.03088333628003627,0.03088333628003627,0.13007917432200067,0.11553338013668282,-0.014545794185317845,0.05075121422846559,0.05075121422846559,0.17475024516579177,1352
27_0_21,0.08931116380620491,0.06564540707870037,-0.02366575672750454,0.02366575672750454,0.1203632311830752,0.07786594716388731,-0.042497284019187884,-0.042425665604909846,0.042425665604909846,0.17425074842946522,1353
8_0_1,0.12884893265236372,0.15895649011898716,0.03010755746662344,0.03010755746662344,0.17971637392561093,0.21506207929691862,0.035345705371307684,0.03529319003265241,0.03529319003265241,0.17413881539736795,1354
0_1_7,0.23249439214310486,0.26584753448027426,0.033353142337169406,0.033353142337169406,0.1586421640865035,0.14357991005626036,-0.015062254030243138,0.04492143437073785,0.04492143437073785,0.1739982762279716,1355
20_0_17,0.22193715384158558,0.25258249277039374,0.030645338928808163,0.030645338928808163,0.16072066617109784,0.13404223739751625,-0.02667842877358159,0.040869222200557255,0.040869222200557255,0.17376945191248416,1356
5_2_10,0.23683314880276807,0.26653649551978575,0.029703346717017687,0.029703346717017687,0.18612060084195453,0.14897487662157358,-0.037145724220380955,0.03426094288780832,0.03426094288780832,0.1735739506288644,1357
17_2_28,0.21516932471680503,0.24413311304559454,0.028963788328789514,0.028963788328789514,0.13776592962412432,0.16413510699965475,0.026369177375530434,0.04428823935623688,0.04428823935623688,0.17355020098962232,1358
10_0_21,0.1544852729707392,0.1870263034666922,0.032541030495953,0.032541030495953,0.14471553673756332,0.15792408635400382,0.013208549616440496,0.047616135421662015,0.047616135421662015,0.1734483731949322,1359
14_2_25,0.12505617933232702,0.10053096844133916,-0.02452521089098786,0.02452521089098786,0.1541022534909685,0.10439903483632366,-0.049703218654644846,-0.03431716912202425,0.03431716912202425,0.17330179056686507,1360
26_1_4,0.10379954339712336,0.08105365611358127,-0.022745887283542085,0.022745887283542085,0.14008500662783835,0.08723505458954947,-0.05284995203828888,-0.035072297143624816,0.035072297143624816,0.17293296798186408,1361
21_2_28,0.07167879947081435,0.10078410398495459,0.029105304514140243,0.029105304514140243,0.10626118783271363,0.11428718577280997,0.008025997940096341,0.05801577132002695,0.05801577132002695,0.17270384153071397,1362
26_2_18,0.06835201471768826,0.09357381805134915,0.02522180333366089,0.02522180333366089,0.10160246640244956,0.12666115910348022,0.025058692701030658,0.052110093295921936,0.052110093295921936,0.17266293528204743,1363
8_2_6,0.1520500514716815,0.19151942386982476,0.03946937239814327,0.03946937239814327,0.199688419292195,0.1975531473986137,-0.0021352718935812864,0.04207637625141902,0.04207637625141902,0.17253354798433485,1364
17_1_2,0.23464007435861534,0.26960827309946783,0.034968198740852496,0.034968198740852496,0.17098164806379457,0.18243525041421046,0.011453602350415898,0.04336941888290187,0.04336941888290187,0.17225764246195577,1365
9_0_3,0.2433661980006699,0.28243517906820725,0.03906898106753737,0.03906898106753737,0.199834022160182,0.19645364642543064,-0.003380375734751362,0.041632147695154297,0.041632147695154297,0.17218637595771658,1366
22_2_10,0.18512373042102792,0.22012307788928168,0.034999347468253755,0.034999347468253755,0.14944236419031692,0.15271585829930337,0.0032734941089864467,0.04976065483341957,0.04976065483341957,0.1721722160388487,1367
24_0_3,0.09560834887722881,0.07297462310517452,-0.02263372577205429,0.02263372577205429,0.11989767553717269,0.07478721374446258,-0.04511046179271011,-0.04076530713072341,0.04076530713072341,0.17195406791926868,1368
24_2_30,0.06204743364328038,0.04138662604580213,-0.02066080759747825,0.02066080759747825,0.09529837987457697,0.05307330989392419,-0.04222506998065278,-0.04689563404162943,0.04689563404162943,0.17185310061243694,1369
29_1_0,0.15868341652587045,0.19500918007878038,0.03632576355290992,0.03632576355290992,0.18067740886396175,0.1723830643365606,-0.00829434452740116,0.04286834978591057,0.04286834978591057,0.17179028096250543,1370
8_1_24,0.12304036389869485,0.1500158622321663,0.02697549833347146,0.02697549833347146,0.17448965613683384,0.21893183489209225,0.04444217875525841,0.032464456151884556,0.032464456151884556,0.17161279771048196,1371
10_2_30,0.08120468946745729,0.10911875168768541,0.027914062220228117,0.027914062220228117,0.11593876030596402,0.13504034149078634,0.019101581184822317,0.05077763917482942,0.05077763917482942,0.1716038664908915,1372
21_2_12,0.18091697502036264,0.21353977306993693,0.0326227980495743,0.0326227980495743,0.1755110028584526,0.19731599730404528,0.021804994445592668,0.039306547773469355,0.039306547773469355,0.1716032429874119,1373
11_0_7,0.1167962851804044,0.07920139741276892,-0.037594887767635476,0.037594887767635476,0.17153193062155878,0.17178902773276622,0.00025709711120744383,-0.046620403421911524,0.046620403421911524,0.17159780481257314,1374
9_0_5,0.1861130280468198,0.2210913498440025,0.03497832179718269,0.03497832179718269,0.14852649313356045,0.1463700316065693,-0.0021564615269911436,0.05012366174109834,0.05012366174109834,0.17136792349607305,1375
7_2_23,0.09425017757169982,0.12707286069876897,0.03282268312706915,0.03282268312706915,0.13390751998257638,0.13894661359407762,0.005039093611501233,0.052033693523560326,0.052033693523560326,0.17128219717347284,1376
12_2_14,0.15894198508263485,0.1914398850056066,0.03249789992297175,0.03249789992297175,0.14376667831473935,0.15478577272772523,0.011019094412985875,0.04790207168739501,0.04790207168739501,0.17126391680133116,1377
1_1_5,0.13107245692824335,0.10418284834687483,-0.026889608581368518,0.026889608581368518,0.15619956106389787,0.11766771692332673,-0.03853184414057115,-0.0370187404837473,0.0370187404837473,0.17115736238883622,1378
28_2_18,0.13781029737006303,0.1170855473220164,-0.020724750048046636,0.020724750048046636,0.15743636522421586,0.09286300398453719,-0.06457336123967868,-0.02846777801341752,0.02846777801341752,0.17113512233980127,1379
17_2_2,0.1752128526204412,0.20594005738795046,0.03072720476750926,0.03072720476750926,0.17713678137087305,0.20631243029037943,0.029175648919506386,0.03660690403053654,0.03660690403053654,0.1707789459268981,1380
28_2_17,0.13495176679888027,0.10504007373114874,-0.029911693067731532,0.029911693067731532,0.16386972207155465,0.1358743696234854,-0.02799535244806925,-0.03913458403129816,0.03913458403129816,0.1707422449168648,1381
3_0_1,0.10402335127252701,0.07462546931109998,-0.029397881961427036,0.029397881961427036,0.1497355018492511,0.12430306695664539,-0.025432434892605715,-0.042086258249406844,0.042086258249406844,0.17059248143430505,1382
16_1_13,0.3271270429425307,0.3646720285127744,0.037544985570243716,0.037544985570243716,0.22960171767696275,0.2154162362986269,-0.014185481378335835,0.03490194438714799,0.03490194438714799,0.17056826712732331,1383
16_2_6,0.1178255525936736,0.14296648706285792,0.02514093446918432,0.02514093446918432,0.15010172862663984,0.1946892255956514,0.04458749696901157,0.035081700425263894,0.035081700425263894,0.17034199333871808,1384
20_2_10,0.0839407960985935,0.10889570386627198,0.024954907767678475,0.024954907767678475,0.10945119958926995,0.1384806255903195,0.02902942600104956,0.047819909575654615,0.047819909575654615,0.1703170099586042,1385
12_0_11,0.23907729766468033,0.27305415803447697,0.033976860369796635,0.033976860369796635,0.19501031818304443,0.21525088565396613,0.020240567470921705,0.03688751962157955,0.03688751962157955,0.1702083475059689,1386
23_1_16,0.07990723599297031,0.10872056816931382,0.028813332176343506,0.028813332176343506,0.10273663111410587,0.09857955558028893,-0.004157075533816945,0.059732287478077406,0.059732287478077406,0.16995428442059057,1387
20_1_3,0.11039972477394815,0.14337947155079084,0.03297974677684269,0.03297974677684269,0.12844109543189128,0.12827887332519292,-0.000162222106698362,0.05460302891551212,0.05460302891551212,0.1698620542540414,1388
11_0_10,0.19448061524281404,0.22487113133524791,0.030390516092433872,0.030390516092433872,0.16190165032238749,0.13726827156049137,-0.024633378761896113,0.04021220793902059,0.04021220793902059,0.16981942095476496,1389
8_2_13,0.0728425325889863,0.0983432520231977,0.025500719434211394,0.025500719434211394,0.09630927383695141,0.11320930806606094,0.01690003422910953,0.055794457463316405,0.055794457463316405,0.16946307473231492,1390
4_1_28,0.10796254624181978,0.13463474658381264,0.026672200341992858,0.026672200341992858,0.11505940944260395,0.1378058163929947,0.022746406950390735,0.04880539669883705,0.04880539669883705,0.16944072036565283,1391
27_2_1,0.0855574816168339,0.06553809185942792,-0.02001938975740597,0.02001938975740597,0.11642880378636902,0.06271002364005661,-0.053718780146312414,-0.037226523788202896,0.037226523788202896,0.1693229737449188,1392
20_0_0,0.09828789609445582,0.06837684601201392,-0.029911050082441895,0.029911050082441895,0.13239132714360616,0.11747434536052785,-0.014916981783078306,-0.04830262119016569,0.04830262119016569,0.1689771366780088,1393
13_1_26,0.08755838667310799,0.06448946562210475,-0.023068921051003236,0.023068921051003236,0.1272074444675117,0.08376415156080172,-0.04344329290670998,-0.03912145905885338,0.03912145905885338,0.16896622948974302,1394
24_0_14,0.18829731573734734,0.21973664098703583,0.03143932524968848,0.03143932524968848,0.1549567581712038,0.1726997405388259,0.01774298236762209,0.04292089345909928,0.04292089345909928,0.16882521727761246,1395
21_1_29,0.10882154039459872,0.13347760797133837,0.024656067576739646,0.024656067576739646,0.11251774797932329,0.14305175047952728,0.030534002500203994,0.045947057707867285,0.045947057707867285,0.16852402735828043,1396
18_2_21,0.14545945357370324,0.179901354942526,0.03444190136882275,0.03444190136882275,0.14484189653719517,0.1444499436441157,-0.00039195289307947245,0.05058109679606792,0.05058109679606792,0.1685231654516493,1397
21_0_11,0.2445117790976117,0.2772766044086921,0.03276482531108041,0.03276482531108041,0.1759237481755633,0.19446734785458558,0.018543599679022277,0.03942380994411211,0.03942380994411211,0.16849022753163606,1398
19_2_21,0.24886775413587478,0.27782522744979266,0.028957473313917875,0.028957473313917875,0.1559736738065808,0.128688878148933,-0.027284795657647798,0.03980955276397299,0.03980955276397299,0.16822306749702948,1399
26_0_29,0.060483957180304,0.07613867027268481,0.015654713092380812,0.015654713092380812,0.09523123089118883,0.16335773364357856,0.06812650275238973,0.03347395123208979,0.03347395123208979,0.16802302938194558,1400
22_0_4,0.11605390124775124,0.08762538449694277,-0.028428516750808472,0.028428516750808472,0.14380537528325785,0.11865456352258458,-0.02515081176067327,-0.04238481864249567,0.04238481864249567,0.1679814746503476,1401
2_0_8,0.1508733092480289,0.11536980193334548,-0.03550350731468341,0.03550350731468341,0.19492037830054032,0.1831457225894887,-0.01177465571105163,-0.03886837116221629,0.03886837116221629,0.16774618785655881,1402
6_2_25,0.06874673393094227,0.09318082875574162,0.024434094824799343,0.024434094824799343,0.10331600405346775,0.12884249122149438,0.025526487168026635,0.049650328938281856,0.049650328938281856,0.16750013046012635,1403
29_2_15,0.20099729823540624,0.23644285815212784,0.0354455599167216,0.0354455599167216,0.17278288569607772,0.167329852850543,-0.005453032845534722,0.04371040985360567,0.04371040985360567,0.1673128016049989,1404
14_2_31,0.10092254232953289,0.1181511120745246,0.017228569744991706,0.017228569744991706,0.13075591985388543,0.2020812699371473,0.07132535008326188,0.02716565538640309,0.02716565538640309,0.16710719151334627,1405
4_1_11,0.13667449494793388,0.16730790698212036,0.030633412034186486,0.030633412034186486,0.13426859503926272,0.12337449508480823,-0.010894099954454492,0.0487098386844264,0.0487098386844264,0.16704231205688863,1406
24_1_14,0.11572886175495381,0.13575855401213247,0.020029692257178655,0.020029692257178655,0.12398244979496163,0.180278773027546,0.056296323232584364,0.033507249274298434,0.033507249274298434,0.16699144067892358,1407
9_2_14,0.19585873597367587,0.22426739964660053,0.02840866367292466,0.02840866367292466,0.16119120491469924,0.1920488890335006,0.030857684118801354,0.037137295661063184,0.037137295661063184,0.16692960313550537,1408
8_1_13,0.203214223805826,0.23518454554638063,0.03197032174055464,0.03197032174055464,0.14599574261509574,0.1361089447069607,-0.009886797908135042,0.04672885553869205,0.04672885553869205,0.1668477431026792,1409
29_2_21,0.15563142963856272,0.18891029478879223,0.033278865150229514,0.033278865150229514,0.1873044354836174,0.2053546632056067,0.018050227721989304,0.03762958631130435,0.03762958631130435,0.16683377625541718,1410
7_2_27,0.06277117177841013,0.0841442152036668,0.02137304342525667,0.02137304342525667,0.09328934484866461,0.12812760467060982,0.03483825982194522,0.04773727629138201,0.04773727629138201,0.1667124091384528,1411
27_1_0,0.12373422140115091,0.09675687414024375,-0.026977347260907156,0.026977347260907156,0.18182276177025664,0.141054931049881,-0.040767830720375625,-0.03188471068242395,0.03188471068242395,0.16665445842153206,1412
7_2_7,0.07332945194904934,0.10299035587085689,0.02966090392180755,0.02966090392180755,0.11050634146023232,0.10818492404628946,-0.0023214174139428584,0.05712332285057575,0.05712332285057575,0.16656541223244392,1413
24_0_1,0.1339517204641154,0.10669402693451964,-0.02725769352959577,0.02725769352959577,0.14514525144704848,0.11591169845413213,-0.029233552992916356,-0.040309494674788865,0.040309494674788865,0.1663651475215996,1414
16_0_15,0.20862234856717002,0.242558605040043,0.03393625647287299,0.03393625647287299,0.17817429894571118,0.19052699493146832,0.01235269598575714,0.04039072027790466,0.04039072027790466,0.16616193467276247,1415
1_2_12,0.1820089827635907,0.2100669370246313,0.028057954261040602,0.028057954261040602,0.20328067521061932,0.16294229779064467,-0.04033837741997465,0.029634206038256998,0.029634206038256998,0.16601155840178486,1416
24_1_23,0.1058382557545909,0.13424841272400645,0.028410156969415554,0.028410156969415554,0.13292317933254977,0.15284334309599282,0.01992016376344305,0.04512526892276488,0.04512526892276488,0.16591321292874744,1417
8_2_20,0.06322918226036149,0.08828040420734448,0.02505122194698299,0.02505122194698299,0.0994668682168374,0.11769724564236378,0.018230377425526384,0.0530560916236619,0.0530560916236619,0.16582594586622146,1418
28_2_25,0.17399096446089504,0.20594831283727982,0.03195734837638478,0.03195734837638478,0.1409055365447061,0.13395023981899912,-0.006955296725706994,0.048353510190359814,0.048353510190359814,0.16580677932393625,1419
8_1_18,0.1369805863082225,0.16988767862937942,0.03290709232115693,0.03290709232115693,0.1454960272918683,0.15022779304511308,0.004731765753244771,0.048034143022940214,0.048034143022940214,0.16550893015619644,1420
5_0_8,0.052270510898380175,0.03655617748945914,-0.015714333408921033,0.015714333408921033,0.08479090463104019,0.02794478282818324,-0.056846121802856954,-0.04030027148537854,0.04030027148537854,0.16513808047336961,1421
27_0_12,0.19006406178612548,0.21751401454517966,0.02744995275905418,0.02744995275905418,0.16217420424603357,0.1295232506176301,-0.03265095362840348,0.03633673004665819,0.03633673004665819,0.1651314259330663,1422
17_1_31,0.1491855142781891,0.1185695386502696,-0.030615975627919498,0.030615975627919498,0.1968505829267208,0.16837127452522702,-0.02847930840149379,-0.033316499862410066,0.033316499862410066,0.16502303275292582,1423
15_1_6,0.07948947425269709,0.1081603660326373,0.028670891779940214,0.028670891779940214,0.11296892044466313,0.12055452789584636,0.007585607451183238,0.05379205298439164,0.05379205298439164,0.16500935005042058,1424
21_2_8,0.1456220159871723,0.18122812103117042,0.03560610504399811,0.03560610504399811,0.17406589497671968,0.17106605037242759,-0.00299984460429209,0.043555977510677545,0.043555977510677545,0.16477816524033684,1425
3_1_1,0.0867763398878615,0.062223364780062254,-0.024552975107799246,0.024552975107799246,0.13098678699804214,0.09649369525279448,-0.03449309174524766,-0.040327380478698265,0.040327380478698265,0.1647414251479571,1426
12_0_6,0.14216025409790384,0.17249636716515043,0.030336113067246595,0.030336113067246595,0.14036689675975528,0.15339912922363,0.013032232463874721,0.045765233414475914,0.045765233414475914,0.16445036057008494,1427
9_0_13,0.23928229275994128,0.2679587889527527,0.02867649619281143,0.02867649619281143,0.1371796209806177,0.15623623661341,0.01905661563279229,0.04416287550166306,0.04416287550166306,0.16432318753749064,1428
2_2_10,0.08445091301251048,0.11016434065963458,0.0257134276471241,0.0257134276471241,0.09823026616672502,0.11047676229301312,0.0122464961262881,0.05531247651402547,0.05531247651402547,0.16413003630404807,1429
1_2_7,0.11931603303607345,0.0901975852672316,-0.029118447768841857,0.029118447768841857,0.1656713244034681,0.13983766468426767,-0.02583365971920043,-0.03766190456285269,0.03766190456285269,0.16399702930803753,1430
19_2_24,0.11415496100796116,0.0852223340022983,-0.02893262700566286,0.02893262700566286,0.16152688994342065,0.1361406493168733,-0.025386240626547346,-0.038382591418433316,0.038382591418433316,0.16399238425877474,1431
21_2_27,0.1071845448968818,0.13953901744826264,0.03235447255138084,0.03235447255138084,0.1522189153025687,0.1441392807085711,-0.008079634593997603,0.0453300256963043,0.0453300256963043,0.1639059795972097,1432
4_2_28,0.08574333511811887,0.11333279928732876,0.02758946416920989,0.02758946416920989,0.11244863309239941,0.12404711304127063,0.011598479948871213,0.05191193451551826,0.05191193451551826,0.16384115236036428,1433
9_0_18,0.07260603818430438,0.09884622521144311,0.026240187027138734,0.026240187027138734,0.10175592902750247,0.11336367554480153,0.011607746517299067,0.0545226480602035,0.0545226480602035,0.16376752805852995,1434
6_1_2,0.08748266247395543,0.10669333672089538,0.01921067424693995,0.01921067424693995,0.10777891898619453,0.15888935385603142,0.05111043486983689,0.03691498915871768,0.03691498915871768,0.16367499609644798,1435
9_0_8,0.1299362776256886,0.15607763633817906,0.02614135871249046,0.02614135871249046,0.1903311219888911,0.23428631082937712,0.04395518884048602,0.028884816120090893,0.028884816120090893,0.1636577008144265,1436
20_2_9,0.14899885928491366,0.17819996004255295,0.029201100757639292,0.029201100757639292,0.16484336723153636,0.19041832229852526,0.025574955066988897,0.03740152112124968,0.03740152112124968,0.1635682577921604,1437
11_2_15,0.13727693911681832,0.10856559105370327,-0.028711348063115052,0.028711348063115052,0.18679185123303546,0.15455660160508772,-0.03223524962794774,-0.0329640821240014,0.0329640821240014,0.16342167702228402,1438
11_2_3,0.2096404753572819,0.23572157009924197,0.026081094741960076,0.026081094741960076,0.19334440835455996,0.23788514524983204,0.044540736895272076,0.02837043772434893,0.02837043772434893,0.16342065549803508,1439
0_1_6,0.23817482769045195,0.275474515763907,0.03729968807345507,0.03729968807345507,0.21282836300539099,0.21831866506436456,0.0054903020589735785,0.03725033404653478,0.03725033404653478,0.16340289957011428,1440
24_1_27,0.07291126460192611,0.052793772411104445,-0.020117492190821665,0.020117492190821665,0.10584770098217985,0.062477420707211795,-0.04337028027496806,-0.04108334203475065,0.04108334203475065,0.16339173195819973,1441
15_0_6,0.11420086652475865,0.09313222534736158,-0.02106864117739707,0.02106864117739707,0.1560183806217676,0.10008644143976894,-0.05593193918199865,-0.02915705622175985,0.02915705622175985,0.16333204969635157,1442
0_1_27,0.11815508681449803,0.14977582170663245,0.03162073489213442,0.03162073489213442,0.1544024496886157,0.1661073477256285,0.0117048980370128,0.043409300825278704,0.043409300825278704,0.1632175365746547,1443
9_1_27,0.10264165072832813,0.0777323671071798,-0.02490928362114833,0.02490928362114833,0.12727699642278062,0.0972198570211663,-0.030057139401614322,-0.042060361807034936,0.042060361807034936,0.16319243174981737,1444
4_2_23,0.1365576894666419,0.10949926264638972,-0.027058426820252182,0.027058426820252182,0.183830203436331,0.14607208246111228,-0.03775812097521872,-0.03160892091730823,0.03160892091730823,0.16309786711074747,1445
10_0_10,0.22431512703685372,0.2614167270059206,0.037101599969066895,0.037101599969066895,0.19708181144746614,0.19503063075192018,-0.0020511806955459677,0.04007808368161265,0.04007808368161265,0.16297447758805914,1446
8_1_31,0.12790838558367004,0.15664448743804382,0.02873610185437378,0.02873610185437378,0.13945129018009725,0.1578596966664023,0.01840840648630504,0.04355098036913922,0.04355098036913922,0.1628929574323345,1447
21_1_19,0.09208766100028548,0.0673674689555768,-0.024720192044708683,0.024720192044708683,0.11497168091351039,0.08993630118402159,-0.0250353797294888,-0.04616829480661829,0.04616829480661829,0.16281760541333895,1448
1_1_30,0.1142990159734644,0.13820209373184433,0.023903077758379937,0.023903077758379937,0.15806837575811267,0.2030957976859567,0.045027421927844036,0.03169992447730344,0.03169992447730344,0.16258085828415275,1449
3_2_12,0.2676848421361133,0.30293822509944507,0.03525338296333175,0.03525338296333175,0.2047643780556847,0.19476676603192383,-0.009997612023760871,0.03672285051347142,0.03672285051347142,0.1620037841427688,1450
29_2_12,0.0561638826226521,0.03795532852460472,-0.018208554098047385,0.018208554098047385,0.08063787005934643,0.04353885372355369,-0.03709901633579274,-0.04886134023048636,0.04886134023048636,0.1619857461962957,1451
26_1_1,0.2051955667763644,0.17944984703442005,-0.025745719741944367,0.025745719741944367,0.18920612125640876,0.14621429274115372,-0.04299182851525504,-0.02924727687805466,0.02924727687805466,0.1619761906886695,1452
10_2_8,0.08801523569011438,0.10642774373010475,0.018412508039990366,0.018412508039990366,0.12268345313615514,0.1815855594907421,0.05890210635458695,0.03107682274542752,0.03107682274542752,0.16195636708812716,1453
22_2_29,0.15065352371337648,0.12296829240464073,-0.02768523130873575,0.02768523130873575,0.20142473105787864,0.16366637756065816,-0.03775835349722048,-0.029497427817499717,0.029497427817499717,0.16186465442300216,1454
10_2_24,0.10303682949206355,0.12674667268594236,0.02370984319387881,0.02370984319387881,0.13408948466798515,0.17210098918341415,0.03801150451542901,0.037062847061985954,0.037062847061985954,0.16172317164773992,1455
26_2_23,0.05596343721922807,0.08000290236199478,0.02403946514276671,0.02403946514276671,0.0840932780704529,0.07721309842270953,-0.006880179647743373,0.06099283074814857,0.06099283074814857,0.16143252034900418,1456
26_0_3,0.07073617898067612,0.090380144914436,0.019643965933759874,0.019643965933759874,0.08831194059511369,0.12456788478124159,0.0362559441861279,0.046242494150812094,0.046242494150812094,0.16134914567553474,1457
13_1_7,0.06099129043190299,0.08443192032305316,0.023440629891150172,0.023440629891150172,0.09191544840268313,0.1087785749399455,0.016863126537262366,0.05372119957056321,0.05372119957056321,0.16071320685105017,1458
15_1_11,0.1468296158800187,0.17577342802782198,0.028943812147803283,0.028943812147803283,0.16163933310125972,0.1846488192173681,0.02300948611610837,0.03783228686151987,0.03783228686151987,0.16056485380813929,1459
28_1_8,0.10682912907042107,0.12480899137100668,0.01797986230058561,0.01797986230058561,0.1320517825411796,0.19434611248313574,0.062294329941956134,0.028211790552923756,0.028211790552923756,0.1605117493607186,1460
23_1_20,0.05198274660555904,0.07232841099948434,0.0203456643939253,0.0203456643939253,0.08361078509518488,0.11158577871039835,0.027974993615213467,0.05081750454948367,0.05081750454948367,0.16045722261262452,1461
29_2_0,0.0866439066814405,0.10855703810792587,0.021913131426485377,0.021913131426485377,0.12151812659016652,0.16204673831840713,0.04052861172824061,0.03768325719188398,0.03768325719188398,0.16040500128458474,1462
4_1_1,0.16396003066091228,0.19008215112022336,0.026122120459311088,0.026122120459311088,0.16418674535365688,0.13019934583044782,-0.03398739952320906,0.034165253313687804,0.034165253313687804,0.15984270852811538,1463
9_0_12,0.15939181625279236,0.19022088003291399,0.030829063780121624,0.030829063780121624,0.12771766769580922,0.12731039282561274,-0.00040727487019648345,0.051344944780864064,0.051344944780864064,0.15949853527409996,1464
9_0_26,0.14587538066663805,0.174410007690886,0.028534627024247944,0.028534627024247944,0.14243108978634536,0.15971933215019748,0.017288242363852124,0.042366893159698764,0.042366893159698764,0.15938884038482085,1465
23_2_31,0.10208356262630705,0.07506917754620593,-0.027014385080101122,0.027014385080101122,0.1442661780587931,0.12050192919028282,-0.02376424886851028,-0.04013515657841125,0.04013515657841125,0.1592701978113873,1466
19_2_27,0.10332878876275045,0.13056698605131337,0.027238197288562915,0.027238197288562915,0.1281107775937623,0.11163852324933723,-0.016472254344425064,0.04549262828720409,0.04549262828720409,0.1592621352892719,1467
2_0_27,0.048933142521769814,0.028977492793038705,-0.01995564972873111,0.01995564972873111,0.07982471444190918,0.05589404316383058,-0.023930671278078602,-0.053818290416831345,0.053818290416831345,0.15905369288642485,1468
27_1_25,0.0667079371192599,0.0854808316863009,0.018772894567040996,0.018772894567040996,0.09446754982856918,0.13714925513444898,0.042681705305879794,0.041210932793026865,0.041210932793026865,0.1590283854670551,1469
6_2_14,0.08998835400486377,0.11610768585802814,0.026119331853164368,0.026119331853164368,0.11862906151907784,0.10178449723253012,-0.016844564286547722,0.04713343068028694,0.04713343068028694,0.1588700779363919,1470
23_0_1,0.05323885209578262,0.07648235926606536,0.023243507170282743,0.023243507170282743,0.08942661436928692,0.07617398897590923,-0.013252625393377696,0.055630620956656884,0.055630620956656884,0.15879393224692212,1471
26_0_15,0.09281330809563457,0.07009587128815878,-0.022717436807475788,0.022717436807475788,0.14133154629754277,0.10066503518244539,-0.04066651111509738,-0.03461869983978518,0.03461869983978518,0.15847485083303525,1472
8_0_24,0.10602759260654404,0.07751170138064936,-0.02851589122589468,0.02851589122589468,0.1500682817976142,0.13151580192046997,-0.01855247987714423,-0.04065804412829558,0.04065804412829558,0.15834199304794855,1473
9_2_22,0.19425870809720208,0.22627782248684727,0.03201911438964519,0.03201911438964519,0.14274294502202403,0.14179296548557385,-0.0009499795364501795,0.047730097779800085,0.047730097779800085,0.15832647144120404,1474
5_0_4,0.15759424630564361,0.18762816608767935,0.030033919782035734,0.030033919782035734,0.14810066753445347,0.13671357250822944,-0.011387095026224037,0.04329897145704513,0.04329897145704513,0.15825660724126572,1475
14_0_1,0.053091379891002675,0.034936272946202364,-0.01815510694480031,0.01815510694480031,0.07792556758098781,0.04632967851321448,-0.03159588906777334,-0.05033314644232642,0.05033314644232642,0.15771558381408574,1476
17_1_19,0.17232343074112422,0.14651223158092636,-0.025811199160197862,0.025811199160197862,0.16943728424233817,0.1349066939976146,-0.034530590244723575,-0.0327100339553288,0.0327100339553288,0.15752332836809538,1477
26_1_26,0.12839593378572925,0.10755303852839275,-0.0208428952573365,0.0208428952573365,0.15648935196448163,0.10489726097769175,-0.05159209098678988,-0.028731599647227754,0.028731599647227754,0.15720412718763171,1478
16_1_10,0.24764436802302586,0.2796275022243446,0.031983134201318764,0.031983134201318764,0.16731154909300472,0.1585603913790798,-0.008751157713924929,0.04077420075592686,0.04077420075592686,0.1571715879514492,1479
9_1_11,0.2487223622140408,0.2788909902209382,0.03016862800689743,0.03016862800689743,0.22242718205130343,0.25083465685198125,0.028407474800677818,0.02868750192344608,0.02868750192344608,0.15713395366672656,1480
19_0_14,0.10118882616402403,0.11859843634553953,0.017409610181515503,0.017409610181515503,0.11311452719390222,0.16912144776629184,0.056006920572389624,0.03183706751069656,0.03183706751069656,0.1569584983872395,1481
24_2_16,0.12190770704056825,0.14400919628500225,0.022101489244434003,0.022101489244434003,0.12424230443218137,0.08830851245513782,-0.03593379197704355,0.038309495106734676,0.038309495106734676,0.1566391513049791,1482
23_0_26,0.042337260403321135,0.027617546864088287,-0.014719713539232848,0.014719713539232848,0.08016815112460703,0.027934110710645662,-0.05223404041396136,-0.03991419534712069,0.03991419534712069,0.1566045381888198,1483
0_1_0,0.10757681309265134,0.13844719583779966,0.03087038274514832,0.03087038274514832,0.16623589967988367,0.17883208900464856,0.01259618932476489,0.03936912195985347,0.03936912195985347,0.15639903537018898,1484
24_2_23,0.2987599044978106,0.27901324864738464,-0.019746655850425954,0.019746655850425954,0.21592110131870976,0.15121427408256546,-0.0647068272361443,-0.019712589044517125,0.019712589044517125,0.15614769000714845,1485
25_2_28,0.12674281542019789,0.1539979571614249,0.027255141741227007,0.027255141741227007,0.1579947643223018,0.13361498716574013,-0.02437977715656167,0.03696321105561904,0.03696321105561904,0.1561473710028249,1486
19_0_9,0.07233121439084185,0.053467097983314435,-0.018864116407527415,0.018864116407527415,0.10279537184871229,0.06098198391483679,-0.0418133879338755,-0.03966646732541347,0.03966646732541347,0.1561180840691759,1487
26_1_8,0.06283040608149186,0.03792396517671804,-0.02490644090477382,0.02490644090477382,0.09119998778548094,0.08773873362810625,-0.0034612541573746936,-0.058163174953825975,0.058163174953825975,0.15600048458164326,1488
14_2_6,0.13665515033745487,0.16035169205427394,0.023696541716819064,0.023696541716819064,0.19342081369421452,0.24052344608361587,0.04710263238940135,0.02574875414132054,0.02574875414132054,0.15591504706748557,1489
9_0_10,0.24037053146098133,0.27252093237383807,0.03215040091285673,0.03215040091285673,0.17950701597073146,0.19002838076100861,0.010521364790277155,0.03800517135087024,0.03800517135087024,0.1557151901041287,1490
6_2_17,0.13936676443287735,0.17001849848072456,0.030651734047847212,0.030651734047847212,0.15822370161358648,0.1482026652019159,-0.01002103641167057,0.04134088962950639,0.04134088962950639,0.15567501828873254,1491
13_2_19,0.15704283817642506,0.1819334163720308,0.02489057819560575,0.02489057819560575,0.1461462893678417,0.17732329230939858,0.031177002941556897,0.03584556654749874,0.03584556654749874,0.15560255341482823,1492
23_2_26,0.031924116215821904,0.045800614687718316,0.013876498471896412,0.013876498471896412,0.058150378449974845,0.10015508277274401,0.04200470432276917,0.04853704627364004,0.04853704627364004,0.1549186099697616,1493
23_0_28,0.038198889202271345,0.05764973673079896,0.019450847528527618,0.019450847528527618,0.06266471535473614,0.06918014773371196,0.0065154323789758245,0.06561812998886084,0.06561812998886084,0.15471290897900414,1494
10_1_26,0.08976086460418709,0.10740803067018523,0.017647166065998143,0.017647166065998143,0.11788619181902964,0.17205619141638062,0.054169999597350985,0.031039568444477823,0.031039568444477823,0.15442388663763923,1495
3_0_0,0.1558677791455764,0.17835779039462435,0.022490011249047953,0.022490011249047953,0.21769647623693855,0.2714972101356012,0.053800733898662634,0.021710194707255204,0.021710194707255204,0.15436742134422402,1496
2_1_4,0.05129047461754526,0.034094313351926225,-0.017196161265619035,0.017196161265619035,0.08166093945378002,0.04472827708388991,-0.0369326623698901,-0.04556412945919095,0.04556412945919095,0.15429258065452148,1497
2_0_23,0.1293313105120422,0.1001647108076896,-0.02916659970435259,0.02916659970435259,0.17120877733631837,0.1525986034560296,-0.018610173880288766,-0.03643370229097517,0.03643370229097517,0.1542487881868064,1498
1_1_21,0.23613867888061935,0.2674211456441208,0.03128246676350144,0.03128246676350144,0.16742009732573837,0.15840374885695718,-0.009016348468781188,0.03985935878995383,0.03985935878995383,0.15421184017426448,1499
15_2_13,0.09772955097851725,0.1184042300630231,0.020674679084505848,0.020674679084505848,0.1311987178510169,0.17517208326629963,0.04397336541528274,0.03293239846850913,0.03293239846850913,0.1540913663402274,1500
6_2_1,0.08733260493599275,0.11125577029435903,0.023923165358366277,0.023923165358366277,0.1162157827760148,0.1389362634242223,0.022720480648207503,0.04335578699986265,0.04335578699986265,0.15399188882969542,1501
8_2_30,0.13881785568119417,0.16418852931708136,0.025370673635887186,0.025370673635887186,0.1911374976847574,0.22941146373244398,0.03827396604768657,0.027964256515960257,0.027964256515960257,0.15378943097522887,1502
25_2_15,0.22542203184274234,0.2473165385170554,0.021894506674313058,0.021894506674313058,0.15025230584784793,0.19378780830726638,0.04353550245941845,0.030538866576794207,0.030538866576794207,0.1536265695814737,1503
18_1_4,0.14005287793785903,0.16891634495609015,0.028863467018231115,0.028863467018231115,0.14842826112831514,0.16122766685876166,0.012799405730446523,0.041200866605060706,0.041200866605060706,0.15359830807819255,1504
26_2_27,0.06066977477962498,0.07643417845500425,0.01576440367537927,0.01576440367537927,0.11131908818194122,0.171717295665915,0.06039820748397379,0.029201331802944926,0.029201331802944926,0.15356723959098265,1505
11_0_24,0.1303521276418467,0.10373959844591354,-0.026612529195933154,0.026612529195933154,0.1825256174138228,0.15168754041040033,-0.030838077003422476,-0.03126571254577374,0.03126571254577374,0.15356050310281238,1506
0_0_17,0.23855605650801023,0.26679620258186915,0.028240146073858913,0.028240146073858913,0.1688186763987096,0.1477650619456775,-0.021053614453032082,0.03580102935650498,0.03580102935650498,0.15351176148994863,1507
6_1_28,0.16621203704785348,0.19501375573590743,0.02880171868805395,0.02880171868805395,0.14786863132325553,0.13573005264897023,-0.012138578674285305,0.04160026270501065,0.04160026270501065,0.153245778198905,1508
1_1_24,0.11681732662878622,0.14703004209209952,0.030212715463313305,0.030212715463313305,0.16350394278252978,0.17491705466891,0.011413111886380223,0.03918633847690904,0.03918633847690904,0.1529635233981529,1509
0_1_12,0.21443658207668392,0.2483964059058445,0.033959823829160574,0.033959823829160574,0.19422969014809757,0.198817773732468,0.004588083584370434,0.03716649653633468,0.03716649653633468,0.15290838472566468,1510
28_0_20,0.08581656830159458,0.11262090642767478,0.0268043381260802,0.0268043381260802,0.12284478254353944,0.11235319495352086,-0.010491587590018572,0.04659823669097804,0.04659823669097804,0.15286909633026102,1511
0_1_31,0.09942025015123561,0.07596001853537133,-0.023460231615864274,0.023460231615864274,0.13399818383453105,0.10401883201870923,-0.029979351815821814,-0.03761579913204869,0.03761579913204869,0.15275093001581871,1512
1_0_17,0.11940911861899359,0.14397265865836512,0.02456354003937153,0.02456354003937153,0.13396008225900766,0.15982752277081352,0.025867440511805867,0.038632386248052916,0.038632386248052916,0.1526460336715603,1513
26_2_8,0.1157922786226912,0.08796010584605532,-0.027832172776635883,0.027832172776635883,0.16553039195787422,0.1446832340192619,-0.020847157938612332,-0.03598637036887634,0.03598637036887634,0.1523982552737563,1514
23_2_21,0.08827997216828021,0.10834238581305478,0.020062413644774568,0.020062413644774568,0.11537304666406134,0.1550860134995802,0.039712966835518865,0.03631621058776696,0.03631621058776696,0.1523638151000399,1515
18_1_6,0.10546851575678465,0.13147277780111963,0.02600426204433498,0.02600426204433498,0.13634904293561315,0.1561878736549209,0.019838830719307754,0.040283878131984176,0.040283878131984176,0.1522246509067857,1516
9_1_3,0.1536836684857497,0.18054727359191147,0.02686360510616176,0.02686360510616176,0.16829136020628427,0.19422412172903578,0.025932761522751507,0.03370899661218797,0.03370899661218797,0.15219323568421061,1517
29_1_24,0.13343621979393464,0.16004084198372398,0.026604622189789345,0.026604622189789345,0.19493568858424684,0.22747406751472454,0.0325383789304777,0.0288053358745429,0.0288053358745429,0.1519714855941121,1518
14_1_28,0.22251667090536828,0.2518106471707373,0.02929397626536903,0.02929397626536903,0.19221735994839784,0.17149371307331004,-0.020723646875087792,0.03259645350986813,0.03259645350986813,0.15155504614405862,1519
5_0_21,0.14251243636680022,0.16885526918365007,0.026342832816849848,0.026342832816849848,0.14260876356261964,0.12344336170826552,-0.019165401854354128,0.03954397210919853,0.03954397210919853,0.1513664115120474,1520
24_2_26,0.1279315458315017,0.14839289108194745,0.02046134525044574,0.02046134525044574,0.14164845162117842,0.09734220490246862,-0.04430624671870981,0.031141114525351066,0.031141114525351066,0.15133246199081235,1521
9_0_27,0.2792469958130587,0.31144725978415966,0.032200263971100984,0.032200263971100984,0.20587781756990603,0.19359491740557605,-0.01228290016432998,0.03338134356971785,0.03338134356971785,0.15129367682494343,1522
29_2_9,0.19958795855395622,0.23056849114610617,0.030980532592149945,0.030980532592149945,0.1498877379185525,0.1518733890827176,0.001985651164165103,0.043946378284689225,0.043946378284689225,0.15122624686233194,1523
10_0_29,0.1458302608580028,0.1726877562841981,0.02685749542619531,0.02685749542619531,0.1504671736491953,0.17048008917889707,0.020012915529701775,0.037730813692098235,0.037730813692098235,0.1511966633419622,1524
24_1_4,0.08739631437774051,0.06361187550973127,-0.02378443886800924,0.02378443886800924,0.12823446943722222,0.10325993674345081,-0.02497453269377141,-0.03980208519165224,0.03980208519165224,0.15111249401582344,1525
15_2_20,0.09342590714933267,0.11954830074328945,0.02612239359395678,0.02612239359395678,0.11216230966068148,0.11921806932474989,0.007055759664068406,0.049384850663196624,0.049384850663196624,0.15103033025605778,1526
7_2_11,0.13359193905323152,0.1600442323980958,0.026452293344864264,0.026452293344864264,0.11193303297715564,0.1069601331015743,-0.0049728998755813325,0.05036738815238937,0.05036738815238937,0.15099769434374208,1527
27_2_10,0.2928172303571265,0.3244181895060155,0.031600959148888996,0.031600959148888996,0.16800688763299929,0.1731944306381178,0.005187543005118506,0.03996449556322934,0.03996449556322934,0.1509364046798287,1528
22_0_2,0.1803254813186466,0.20125280963050324,0.020927328311856647,0.020927328311856647,0.182205548381011,0.23373699324095001,0.05153144485993902,0.024084988477766456,0.024084988477766456,0.15079281925002633,1529
0_0_15,0.20697426355105075,0.17445357680180112,-0.03252068674924963,0.03252068674924963,0.19786076464525862,0.18903286667010696,-0.008827897975151655,-0.03505360937933854,0.03505360937933854,0.15066411956399015,1530
19_1_10,0.12392398913285094,0.14933061673603593,0.02540662760318499,0.02540662760318499,0.15083639791614975,0.1767287508977589,0.025892352981609162,0.035533772759673135,0.035533772759673135,0.15064894544868546,1531
8_2_25,0.09557665941238119,0.07196036715194264,-0.023616292260438557,0.023616292260438557,0.1286707936734026,0.10320905143938776,-0.02546174223401483,-0.03939211859534162,0.03939211859534162,0.15061012616616865,1532
7_1_0,0.08400123745971444,0.06241918525232637,-0.02158205220738807,0.02158205220738807,0.11289533587993837,0.08466309417371307,-0.028232241706225306,-0.04110721597365311,0.04110721597365311,0.15046212315380492,1533
16_2_31,0.118013097848449,0.14908278623205953,0.03106968838361053,0.03106968838361053,0.17635681137378134,0.1855208522683168,0.009164040894535458,0.03739699437213246,0.03739699437213246,0.1502954642312776,1534
26_2_31,0.0637579904244335,0.04622903350481321,-0.017528956919620295,0.017528956919620295,0.10699281140590879,0.061737411556411166,-0.04525539984949762,-0.035435105186441516,0.035435105186441516,0.15026597399360284,1535
18_0_10,0.07510793056905599,0.05377342829057613,-0.021334502278479855,0.021334502278479855,0.09894871874963485,0.07736156940346849,-0.02158714934616636,-0.04629769908207349,0.04629769908207349,0.14962615190654224,1536
4_2_17,0.14480835486433155,0.1702154842098506,0.02540712934551906,0.02540712934551906,0.13988709636681237,0.11913736763822931,-0.020749728728583064,0.038904833216190565,0.038904833216190565,0.14962571026114507,1537
0_2_12,0.07669882090204982,0.0548078685962365,-0.021890952305813324,0.021890952305813324,0.09591640729677277,0.07928548406520648,-0.016630923231566286,-0.04891557368330155,0.04891557368330155,0.14930438910723934,1538
3_1_9,0.15647643488435645,0.18435710683041598,0.027880671946059532,0.027880671946059532,0.1483393762514871,0.13595842213273918,-0.012380954118747928,0.04014695409964664,0.04014695409964664,0.14888032501768514,1539
2_0_7,0.12924463405777709,0.15398822716794897,0.02474359311017188,0.02474359311017188,0.1830431390183475,0.2178443952550073,0.03480125623665978,0.028494762595391923,0.028494762595391923,0.14886820642366116,1540
21_0_17,0.23611666790431968,0.26345624886605856,0.027339580961738885,0.027339580961738885,0.17233583145828918,0.19423912306125288,0.021903291602963698,0.033549788012949625,0.033549788012949625,0.14875853737695705,1541
1_2_30,0.12979770751228684,0.1061424833763317,-0.02365522413595514,0.02365522413595514,0.17378241004981612,0.13749883098536417,-0.036283579064451954,-0.02923702740792626,0.02923702740792626,0.14854076304317712,1542
24_2_1,0.22017681769325162,0.2495277265449801,0.029350908851728474,0.029350908851728474,0.18654073804824742,0.20338623990486487,0.016845501856617456,0.03333948604040494,0.03333948604040494,0.14839431830437275,1543
18_1_25,0.09662296370301675,0.11120577892132288,0.014582815218306136,0.014582815218306136,0.12656877527050547,0.1920156457846499,0.06544687051414444,0.02380288361343685,0.02380288361343685,0.1483042798878399,1544
24_2_27,0.10775802857436342,0.08450204876871589,-0.02325597980564753,0.02325597980564753,0.14162336106572176,0.11227626401638047,-0.029347097049341297,-0.03526152527451412,0.03526152527451412,0.14813215628023715,1545
8_2_27,0.1009622844529349,0.07599777615479575,-0.02496450829813915,0.02496450829813915,0.14731281299892585,0.12359537882537713,-0.023717434173548713,-0.036322428407804405,0.036322428407804405,0.1480747172241263,1546
1_0_1,0.14855146953216075,0.12455907214221676,-0.023992397389943992,0.023992397389943992,0.19140400560740242,0.15354208408940445,-0.03786192151799797,-0.026914039846537455,0.026914039846537455,0.14797573043425838,1547
22_1_23,0.12501126480940378,0.09491186221247339,-0.03009940259693039,0.03009940259693039,0.18528475022832305,0.17244854382043023,-0.01283620640789282,-0.03468486641309508,0.03468486641309508,0.14787645782178657,1548
3_0_29,0.0331921438758904,0.05008031631593256,0.016888172440042155,0.016888172440042155,0.06389704118282308,0.08358866715422243,0.019691625971399354,0.055271299929874035,0.055271299929874035,0.1477365050706979,1549
25_0_5,0.11340853079735032,0.1431178063149706,0.029709275517620273,0.029709275517620273,0.15483613712820044,0.16089725852782047,0.006061121399620034,0.04075029067461501,0.04075029067461501,0.14773331510041324,1550
22_0_23,0.15974921695545935,0.13497781927089242,-0.02477139768456693,0.02477139768456693,0.22366031632473082,0.18409789937412255,-0.039562416950608276,-0.023762662002058694,0.023762662002058694,0.1476134712653916,1551
12_1_9,0.18938495339836314,0.21612624625331972,0.026741292854956578,0.026741292854956578,0.18572596218754173,0.21194671780633542,0.026220755618793695,0.03042991970315074,0.03042991970315074,0.1475320849838883,1552
20_2_8,0.07589254047952664,0.09922575947766912,0.023333218998142488,0.023333218998142488,0.0898762105446003,0.08649586039533431,-0.0033803501492659788,0.055299992989990755,0.055299992989990755,0.1474467419783795,1553
5_0_6,0.18258217388981518,0.21512895944960425,0.03254678555978907,0.03254678555978907,0.18236058471118147,0.1801788803628381,-0.0021817043483433607,0.03800188049236571,0.03800188049236571,0.14741876150873917,1554
18_0_12,0.23781529868875212,0.2702562036053707,0.03244090491661861,0.03244090491661861,0.1805912035719768,0.18265764345847182,0.0020664398864950195,0.03820647726901214,0.03820647726901214,0.1472818259570336,1555
17_0_8,0.14543209646505462,0.16709595072289324,0.02166385425783862,0.02166385425783862,0.1339136785383988,0.16805462549565825,0.034140946957259444,0.033969651486349346,0.033969651486349346,0.14724638672905316,1556
15_2_16,0.08745241525569097,0.06270812738218076,-0.024744287873510212,0.024744287873510212,0.12587682763522978,0.10956841730611093,-0.016308410329118853,-0.042068845175409805,0.042068845175409805,0.14724123067395106,1557
15_1_3,0.15284530607042793,0.17953148663972995,0.026686180569302026,0.026686180569302026,0.14236269196943102,0.1286423519633391,-0.01372034000609193,0.04006291397307641,0.04006291397307641,0.14692433032852345,1558
6_2_4,0.0871984546133888,0.1118233670776742,0.024624912464285387,0.024624912464285387,0.1191827895127745,0.13343585998424906,0.01425307047147456,0.04369547471376655,0.04369547471376655,0.14689273522524715,1559
28_1_18,0.13040047085812217,0.15451506007563046,0.02411458921750828,0.02411458921750828,0.17307612731508729,0.20637699891973738,0.03330087160465009,0.029365163062852574,0.029365163062852574,0.1466465572609068,1560
18_1_21,0.08035591908748675,0.09722494759924574,0.01686902851175899,0.01686902851175899,0.09446956052500337,0.13603249475193438,0.04156293422693101,0.03706547006717901,0.03706547006717901,0.14656232627345026,1561
7_1_10,0.13051896555936082,0.15982309040825315,0.029304124848892332,0.029304124848892332,0.15618364244410174,0.16324629230159718,0.00706264985749544,0.03983729067027862,0.03983729067027862,0.14643441773937146,1562
16_1_21,0.21568637119886008,0.24257047094444575,0.02688409974558567,0.02688409974558567,0.164683170540275,0.14548572354015366,-0.019197447000121354,0.034926828436368504,0.034926828436368504,0.14638142317540187,1563
23_1_15,0.11750891975149419,0.1462333751590861,0.028724455407591915,0.028724455407591915,0.14043551363331666,0.14416757194811994,0.003732058314803277,0.043461411499275605,0.043461411499275605,0.14618677902749597,1564
26_1_6,0.11905371377040957,0.1009797555665188,-0.01807395820389078,0.01807395820389078,0.14194411281077027,0.09170305112415786,-0.05024106168661241,-0.02749014683707424,0.02749014683707424,0.14616423119778207,1565
5_2_6,0.11732260218296547,0.09130301254395384,-0.02601958963901163,0.02601958963901163,0.16666534429474897,0.14370481455813705,-0.022960529736611918,-0.033433137387030375,0.033433137387030375,0.14608659954639386,1566
27_2_16,0.0497259016574028,0.05692068947672134,0.007194787819318538,0.007194787819318538,0.07066890311681406,0.1574288222604165,0.08675991914360243,0.01988217883346243,0.01988217883346243,0.14607990596460707,1567
19_0_24,0.13092874088772377,0.10649295725270727,-0.0244357836350165,0.0244357836350165,0.1871292950322546,0.15350702523647386,-0.03362226979578073,-0.028016782505044326,0.028016782505044326,0.14599964694166973,1568
20_1_4,0.12929962978335666,0.1035862673101674,-0.025713362473189255,0.025713362473189255,0.19210863853630797,0.16259626596028837,-0.029512372576019602,-0.028686786516393035,0.028686786516393035,0.14589458719618886,1569
18_0_20,0.24395385567109443,0.2740088141567319,0.030054958485637467,0.030054958485637467,0.18576640448845966,0.17444882545314042,-0.011317579035319242,0.034531114279898606,0.034531114279898606,0.14582204827411555,1570
26_0_1,0.13160687630599477,0.15549544273331692,0.02388856642732215,0.02388856642732215,0.11404974564275663,0.10039185964403183,-0.013657885998724806,0.044801860030143185,0.044801860030143185,0.1457250138336269,1571
14_0_23,0.12958452327306572,0.10438754291628091,-0.025196980356784804,0.025196980356784804,0.15471573703900895,0.1320608606518456,-0.022654876387163347,-0.034887519035254014,0.034887519035254014,0.1454963467863644,1572
9_1_21,0.053069835183346854,0.07556143847009823,0.02249160328675138,0.02249160328675138,0.09430224161327488,0.08511058060274146,-0.009191661010533425,0.05095134768362901,0.05095134768362901,0.14548276029308155,1573
2_2_18,0.13440034092627795,0.10619427257004924,-0.028206068356228714,0.028206068356228714,0.16478336976809455,0.1517295909737645,-0.013053778794330034,-0.03656061929390081,0.03656061929390081,0.14547249664733347,1574
16_1_25,0.21185538365542814,0.23715413371510513,0.025298750059676994,0.025298750059676994,0.19451878022991512,0.2261620093608228,0.031643229130907696,0.027457547160204876,0.027457547160204876,0.14539463838565944,1575
11_2_22,0.1902019260843506,0.16892987399514875,-0.021272052089201854,0.021272052089201854,0.16152110567392353,0.12100143273355518,-0.040519672940368345,-0.028332622998830024,0.028332622998830024,0.1453582220721785,1576
2_2_1,0.1102113174724355,0.1350366748928378,0.024825357420402303,0.024825357420402303,0.11447691495879926,0.10537350190413397,-0.00910341305466529,0.04630119741634529,0.04630119741634529,0.14533812448545075,1577
9_1_2,0.16314596083957386,0.19035765117193143,0.02721169033235757,0.02721169033235757,0.15114678740933266,0.1643096912643034,0.013162903854970737,0.038147380565637684,0.038147380565637684,0.14505601765827134,1578
26_1_29,0.07431963289727474,0.05426411056833354,-0.0200555223289412,0.0200555223289412,0.09204555006337682,0.07197473746985888,-0.020070812593517937,-0.04678498900334178,0.04678498900334178,0.1450227474658555,1579
5_0_3,0.11004324830290214,0.13540260913680596,0.02535936083390382,0.02535936083390382,0.10496239485865476,0.10604837914638686,0.0010859842877321002,0.051358434856253764,0.051358434856253764,0.14495623514007205,1580
24_1_11,0.0873704371900274,0.07009603714862,-0.0172744000414074,0.0172744000414074,0.14230001825035954,0.08956229857049758,-0.05273771967986196,-0.02622286168693545,0.02622286168693545,0.1449441766089946,1581
9_2_19,0.21648899581756637,0.23934770369841257,0.022858707880846207,0.022858707880846207,0.15030381293417575,0.11968900785507554,-0.030614805079100207,0.03265595636666758,0.03265595636666758,0.1447587889418971,1582
7_0_4,0.08310842449113869,0.10335441907277935,0.02024599458164067,0.02024599458164067,0.09512424903884277,0.11689669933154803,0.02177245029270526,0.04474003767099229,0.04474003767099229,0.14457934793390975,1583
22_1_14,0.11075787052927424,0.13947578819260514,0.0287179176633309,0.0287179176633309,0.13511522389874703,0.1350425042360568,-7.271966269023489e-05,0.045217968169013606,0.045217968169013606,0.14453002567748147,1584
4_0_22,0.18065143030521874,0.15966835633733717,-0.02098307396788157,0.02098307396788157,0.14953996529259234,0.11151286215189271,-0.038027103140699625,-0.03018902377030362,0.03018902377030362,0.14436688555358906,1585
19_2_25,0.10556940369814598,0.129478518418429,0.023909114720283023,0.023909114720283023,0.14428229841782078,0.12030179293033842,-0.02398050548748236,0.03552602410672874,0.03552602410672874,0.14428631060974687,1586
10_0_2,0.1301412469559332,0.10378559670654983,-0.026355650249383383,0.026355650249383383,0.18958309704781617,0.1645668191795361,-0.025016277868280062,-0.0297674245064934,0.0297674245064934,0.14415541978122634,1587
25_0_26,0.05738115167473018,0.040974074257689744,-0.016407077417040436,0.016407077417040436,0.09754209366269805,0.05628898421967234,-0.0412531094430257,-0.03637944308905267,0.03637944308905267,0.14394718551729052,1588
8_0_12,0.11509119100530145,0.13594701860710218,0.020855827601800728,0.020855827601800728,0.12729233608033005,0.0957035734761237,-0.03158876260420636,0.03523656702833074,0.03523656702833074,0.1438987159487378,1589
26_1_5,0.07636818426162066,0.05756505376092234,-0.018803130500698324,0.018803130500698324,0.11064796994644961,0.07573269097789465,-0.034915278968554966,-0.03663176203338633,0.03663176203338633,0.14387289451802707,1590
10_2_29,0.04432524778640306,0.028941680687951193,-0.015383567098451865,0.015383567098451865,0.07549006308892628,0.04153077243982108,-0.033959290649105196,-0.04409339171447256,0.04409339171447256,0.1437786858331014,1591
0_2_10,0.06975072004078064,0.05089640457896686,-0.018854315461813785,0.018854315461813785,0.093365552900186,0.067296360947145,-0.026069191953041,-0.043464544914474386,0.043464544914474386,0.14371798262386037,1592
9_2_17,0.15497941436762916,0.18112807273179382,0.026148658364164662,0.026148658364164662,0.11461843083868697,0.11614464858143084,0.0015262177427438628,0.048495599110744275,0.048495599110744275,0.1436105294853487,1593
13_1_23,0.10105642178836119,0.07964930329606876,-0.021407118492292432,0.021407118492292432,0.15964112572338784,0.12174220047515846,-0.03789892524822938,-0.02883361240332553,0.02883361240332553,0.14349134462156915,1594
12_2_5,0.3373965204424822,0.36563456919822146,0.028238048755739265,0.028238048755739265,0.16452739912831443,0.17592912389288765,0.011401724764573212,0.03640209938431914,0.03640209938431914,0.14347505378309658,1595
15_1_18,0.11640699210496462,0.13942235994094826,0.02301536783598364,0.02301536783598364,0.15453097256436804,0.12462550423135088,-0.02990546833301716,0.0319684389202358,0.0319684389202358,0.1434245161559315,1596
14_1_5,0.18364804463909884,0.21308295430099813,0.029434909661899294,0.029434909661899294,0.16605848074708823,0.17282407515388779,0.006765594406799552,0.03764708235026135,0.03764708235026135,0.143364678625364,1597
23_2_13,0.09603340935265177,0.12498010769670678,0.028946698344055014,0.028946698344055014,0.14422952389658594,0.14586494383909887,0.0016354199425129279,0.04267848400403068,0.04267848400403068,0.1433370760659033,1598
0_0_21,0.11332283403676817,0.13053866604938025,0.01721583201261208,0.01721583201261208,0.1261706266328809,0.17468677840124672,0.04851615176836582,0.028432153463981518,0.028432153463981518,0.14314881454866626,1599
15_1_12,0.0721047158216513,0.09723895657054285,0.025134240748891548,0.025134240748891548,0.12248201763181361,0.1323964551404071,0.009914437508593485,0.043485383816044186,0.043485383816044186,0.14313088192360787,1600
17_2_0,0.20682175680219195,0.23616503748215867,0.02934328067996672,0.02934328067996672,0.17935444371786596,0.1897557239338244,0.01040128021595843,0.03472159490948813,0.03472159490948813,0.14306450664260897,1601
7_2_10,0.07130007551663188,0.08320123345168351,0.011901157935051629,0.011901157935051629,0.09829178681955375,0.1645439973117925,0.06625221049223876,0.02473740663179284,0.02473740663179284,0.14302127346106938,1602
10_2_4,0.1809253326722181,0.21180511399431415,0.03087978132209604,0.03087978132209604,0.17465411633851452,0.1775162855857712,0.002862169247256685,0.037596076982400126,0.037596076982400126,0.14294023670731348,1603
19_2_7,0.18116680053875833,0.20963771657370275,0.02847091603494442,0.02847091603494442,0.1787721770049797,0.19240783267245565,0.01363565566747596,0.03376898755689707,0.03376898755689707,0.14291775291591566,1604
29_1_31,0.13152130914558074,0.16300914824613946,0.03148783910055872,0.03148783910055872,0.19410727242530326,0.19933592117000348,0.0052286487447002206,0.03448058198196829,0.03448058198196829,0.14290064821880902,1605
12_1_10,0.24791428464751572,0.2761303401663245,0.028216055518808764,0.028216055518808764,0.16018631365649383,0.15078709692676887,-0.009399216729724963,0.03758726060773104,0.03758726060773104,0.14283388522463092,1606
13_1_15,0.0914482233400232,0.114423194100706,0.022974970760682806,0.022974970760682806,0.12291627843206064,0.14295287306150614,0.0200365946294455,0.03944459417130275,0.03944459417130275,0.14277085573810377,1607
10_0_18,0.2999517888324696,0.32568663290996597,0.025734844077496377,0.025734844077496377,0.2051285916583874,0.1762852056450048,-0.0288433860133826,0.026875379800753798,0.026875379800753798,0.14263561676002823,1608
16_2_26,0.11258935379635854,0.08784432194850252,-0.024745031847856022,0.024745031847856022,0.16056786170199247,0.13699095768485225,-0.023576904017140216,-0.03301568821746853,0.03301568821746853,0.14261899704691827,1609
28_1_10,0.08618100239936288,0.10200132549063745,0.01582032309127457,0.01582032309127457,0.12361064913266483,0.1772848146035275,0.053674165470862664,0.026585094173198313,0.026585094173198313,0.1424384226996354,1610
20_0_8,0.09601058940201442,0.11672451516167112,0.020713925759656707,0.020713925759656707,0.1121400548522513,0.13816587873755626,0.026025823885304958,0.03883095628136043,0.03883095628136043,0.14231880294850302,1611
13_1_3,0.12404592109332487,0.1519071690730703,0.027861247979745443,0.027861247979745443,0.1806247138470022,0.1965779511007699,0.015953237253767683,0.03268797686309389,0.03268797686309389,0.14229165110744232,1612
4_1_29,0.10168825096573497,0.12944763188254443,0.027759380916809462,0.027759380916809462,0.13132336680495194,0.13188397217592515,0.0005606053709732162,0.04496096377148494,0.04496096377148494,0.14203026675589966,1613
4_2_6,0.0466754047129648,0.06444576246508157,0.017770357752116772,0.017770357752116772,0.06602134109772714,0.07657373234765212,0.010552391249924978,0.05676310550498783,0.05676310550498783,0.14201689250731575,1614
22_0_0,0.1495700703049058,0.12410012171698129,-0.025469948587924507,0.025469948587924507,0.173985317125799,0.15080560224832504,-0.023179714877473973,-0.031346189937721036,0.031346189937721036,0.14183849150422884,1615
29_2_20,0.11874483337514459,0.14732390877099805,0.028579075395853457,0.028579075395853457,0.15358926004670462,0.1587604456281729,0.005171185581468285,0.03953088735153447,0.03953088735153447,0.14183638686513547,1616
21_0_25,0.10633008726301237,0.08772001249399697,-0.018610074769015397,0.018610074769015397,0.1353762795258535,0.09329185429139625,-0.04208442523445724,-0.029635291562579328,0.029635291562579328,0.14150784105520522,1617
9_2_5,0.15240803153700727,0.17365015316642216,0.021242121629414884,0.021242121629414884,0.13564141779191843,0.10517154629455411,-0.030469871497364326,0.03365260649631419,0.03365260649631419,0.14147680230965967,1618
0_0_9,0.09806536397756478,0.0794620251733533,-0.018603338804211486,0.018603338804211486,0.12196508271230966,0.0841508126224398,-0.03781427008986986,-0.03287780909033993,0.03287780909033993,0.141265967963505,1619
9_2_21,0.07903357983932886,0.09971606613427256,0.020682486294943694,0.020682486294943694,0.07625518038187712,0.07754600077214346,0.001290820390266345,0.05761748069150158,0.05761748069150158,0.14094484873752655,1620
22_2_27,0.12397445277318851,0.1510328486384485,0.02705839586526,0.02705839586526,0.15934812572904947,0.1471262860029285,-0.012221839726120953,0.03626567381130505,0.03626567381130505,0.14090101367905833,1621
13_0_21,0.08711417017359478,0.10708903089149222,0.019974860717897433,0.019974860717897433,0.09566484673769438,0.11585091980557125,0.02018607306787687,0.04393757509997175,0.04393757509997175,0.14089478615012346,1622
12_2_26,0.12407901430969855,0.15094193888975754,0.026862924580058997,0.026862924580058997,0.13001743339944155,0.12709720405220507,-0.002920229347236486,0.04400340684070459,0.04400340684070459,0.1408227667537229,1623
2_2_5,0.09694377975345018,0.11853193063533929,0.021588150881889104,0.021588150881889104,0.11493981403217118,0.13640714662108788,0.0214673325889167,0.039583797056012913,0.039583797056012913,0.14069504140282807,1624
16_1_20,0.11502366016893383,0.13965864593213934,0.02463498576320551,0.02463498576320551,0.13544068719153704,0.12074021249642768,-0.014700474695109364,0.038895859660305586,0.038895859660305586,0.14062921035233392,1625
9_2_1,0.06333922728221279,0.0772741573226394,0.013934930040426605,0.013934930040426605,0.08218598033014338,0.12833413919975398,0.0461481588696106,0.03491021531476268,0.03491021531476268,0.14045848078307327,1626
6_0_20,0.24388014199519736,0.2727580602381195,0.02887791824292213,0.02887791824292213,0.15382556321036198,0.15645153345909396,0.0026259702487319847,0.03991453550215763,0.03991453550215763,0.14034743101368424,1627
19_2_8,0.16096031117566084,0.1884585132222985,0.027498202046637665,0.027498202046637665,0.13935878000255786,0.14287064666721397,0.0035118666646561103,0.041933046813518636,0.041933046813518636,0.1403383138402469,1628
21_0_18,0.3093537900941253,0.33468037990680644,0.025326589812681155,0.025326589812681155,0.20421754738391562,0.23274558185376987,0.028528034469854247,0.02621567854094991,0.02621567854094991,0.14020198509271098,1629
21_2_23,0.12560074755000694,0.10152845856637113,-0.02407228898363581,0.02407228898363581,0.17090833873126957,0.14426043391177493,-0.02664790481949464,-0.030188777470605856,0.030188777470605856,0.14019342486509312,1630
8_1_5,0.08282600407701754,0.10390264511450212,0.021076641037484578,0.021076641037484578,0.09911904144463352,0.11466899176586749,0.015549950321233977,0.0448777635873878,0.0448777635873878,0.14008641131496163,1631
16_1_9,0.17971894866170968,0.20444007992113722,0.024721131259427542,0.024721131259427542,0.12301564030341335,0.11417469980419973,-0.00884094049921362,0.04289842641355143,0.04289842641355143,0.1399318852861367,1632
26_2_13,0.059169712022976766,0.07469485926557881,0.015525147242602046,0.015525147242602046,0.09099800642264144,0.1320033893750831,0.04100538295244166,0.03539147938442596,0.03539147938442596,0.1397976999722624,1633
3_2_5,0.14043666067551724,0.11708444433031344,-0.023352216345203805,0.023352216345203805,0.1924144924785721,0.15921725422539734,-0.03319723825317475,-0.02603297352823297,0.02603297352823297,0.13967515491363158,1634
13_0_29,0.09076116000400739,0.1142891587662449,0.023527998762237518,0.023527998762237518,0.11935293237607174,0.13241570971375144,0.013062777337679701,0.041715276834052885,0.041715276834052885,0.13967317132478974,1635
27_2_19,0.15119075700310655,0.17996395317654273,0.028773196173436183,0.028773196173436183,0.16266692776099456,0.15769207510341,-0.004974852657584572,0.03769636365574064,0.03769636365574064,0.13956132296268436,1636
1_2_29,0.12438913978100671,0.10277444505717341,-0.021614694723833303,0.021614694723833303,0.16252479058882874,0.12829411289010484,-0.0342306776987239,-0.028568032121115722,0.028568032121115722,0.13956120248847037,1637
26_2_15,0.06857247419659769,0.08735802316766345,0.018785548971065755,0.018785548971065755,0.10724513894193828,0.13827701798972827,0.031031879047789993,0.036703312507736154,0.036703312507736154,0.13954663960129557,1638
19_1_24,0.08493952300785189,0.11172985121298769,0.0267903282051358,0.0267903282051358,0.13092194469464463,0.13297589066176527,0.002053945967120635,0.043503399422167764,0.043503399422167764,0.13893465975335614,1639
25_2_24,0.11990141159830867,0.14742613418494993,0.027524722586641265,0.027524722586641265,0.14619487407097612,0.15066755089821926,0.004472676827243144,0.040003436460494236,0.040003436460494236,0.13876358820524895,1640
1_2_6,0.13902674909239443,0.11639686870224093,-0.022629880390153498,0.022629880390153498,0.19126445473294032,0.1566173445771123,-0.034647110155828026,-0.025388534733151294,0.025388534733151294,0.13837323429587764,1641
28_2_12,0.07551516900099764,0.09621262838567812,0.020697459384680483,0.020697459384680483,0.07969420549229342,0.0817337508462326,0.0020395453539391872,0.055155525194957554,0.055155525194957554,0.13834486091416995,1642
4_2_15,0.08263173563114774,0.061591339211138976,-0.021040396420008767,0.021040396420008767,0.10376416470874454,0.08787696619941109,-0.015887198509333456,-0.04343462085491294,0.04343462085491294,0.13832161252459058,1643
27_2_8,0.10318170649668292,0.08256034236383872,-0.020621364132844197,0.020621364132844197,0.12627504637314707,0.09888922937654225,-0.02738581699660482,-0.035080372758366875,0.035080372758366875,0.13828198648582504,1644
8_1_2,0.10862402798032536,0.13522510736287938,0.026601079382554016,0.026601079382554016,0.14901237497158576,0.140444890567101,-0.008567484404484765,0.03809037792542886,0.03809037792542886,0.13808325120965814,1645
9_2_12,0.31371833542815086,0.3415252695344287,0.027806934106277825,0.027806934106277825,0.23155906087656491,0.2103956952002085,-0.021163365676356405,0.025671730761301182,0.025671730761301182,0.13807868608313895,1646
29_1_15,0.16443994994003674,0.19242495153103006,0.02798500159099332,0.02798500159099332,0.19297343570286346,0.2071759315822094,0.014202495879345939,0.030757117094912044,0.030757117094912044,0.13793049800188092,1647
3_0_18,0.12143467254594192,0.1417178595294749,0.020283186983532986,0.020283186983532986,0.15072838370955094,0.1870817892818811,0.03635340557233016,0.028284234140211344,0.028284234140211344,0.13782159357317894,1648
16_1_1,0.10480746511658184,0.08549807577122236,-0.019309389345359487,0.019309389345359487,0.11705097133922795,0.08735605568393714,-0.02969491565529081,-0.03548506934705135,0.03548506934705135,0.13778212930519812,1649
24_2_21,0.3028389531196872,0.33103252436214115,0.02819357124245392,0.02819357124245392,0.22829383622845112,0.20929993411287454,-0.018993902115576583,0.026390988169776315,0.026390988169776315,0.13773459275858388,1650
9_2_30,0.1487280027045764,0.17525794176554835,0.026529939060971952,0.026529939060971952,0.1591108792392161,0.14782523788402704,-0.011285641355189058,0.03560214338486185,0.03560214338486185,0.13742517335532403,1651
0_2_19,0.1485308813889382,0.12529405512867867,-0.023236826260259524,0.023236826260259524,0.1656554422610981,0.13954545451629335,-0.026109987744804747,-0.030067276387007427,0.030067276387007427,0.1370738688947295,1652
4_0_1,0.06378489298299866,0.08244265254101064,0.01865775955801198,0.01865775955801198,0.10882656851844168,0.13892612054085898,0.030099552022417306,0.035952092254341164,0.035952092254341164,0.13707370327465473,1653
18_0_24,0.14207852501800042,0.16490772390185682,0.0228291988838564,0.0228291988838564,0.19286396385911708,0.22607111896661128,0.033207155107494196,0.024978506322794438,0.024978506322794438,0.13672768537010632,1654
16_2_4,0.10729414496115876,0.13527920081434439,0.027985055853185628,0.027985055853185628,0.159195084282123,0.16400465326394972,0.004809568981826717,0.03735559736498175,0.03735559736498175,0.13668401504631622,1655
28_0_17,0.10474463325902113,0.12893864936209237,0.024194016103071245,0.024194016103071245,0.13568328516631448,0.1493257327603633,0.013642447594048812,0.037756744844363706,0.037756744844363706,0.13658774290713926,1656
20_2_26,0.10977652688889794,0.09004803618107363,-0.019728490707824314,0.019728490707824314,0.15288855676108512,0.11568236779137632,-0.0372061889697088,-0.02775321191475274,0.02775321191475274,0.13647682852278292,1657
24_1_28,0.13095762935515098,0.10626340098667952,-0.02469422836847146,0.02469422836847146,0.17069134414399278,0.14997410241385312,-0.02071724173013967,-0.030962927781786612,0.030962927781786612,0.13634586693036022,1658
22_2_26,0.09374165426602234,0.11729505292257585,0.02355339865655351,0.02355339865655351,0.11036744387196976,0.10511601661832877,-0.005251427253640986,0.04550100629383165,0.04550100629383165,0.13629803646259425,1659
7_1_22,0.11983891292370177,0.10428092573640084,-0.015557987187300934,0.015557987187300934,0.13334642799883814,0.08293062617877708,-0.05041580182006106,-0.02520954342902593,0.02520954342902593,0.13608196455321048,1660
19_0_29,0.09458711106629786,0.07117802552084121,-0.023409085545456648,0.023409085545456648,0.12781156698175658,0.11448689617560995,-0.013324670806146632,-0.03915886225508481,0.03915886225508481,0.13601539564125953,1661
9_1_17,0.18216537044238987,0.208187902086057,0.026022531643667135,0.026022531643667135,0.15617961192440832,0.16778151455483065,0.011601902630422323,0.035331505930305755,0.035331505930305755,0.13597671937886052,1662
18_2_7,0.12868348136800528,0.15320472800666618,0.0245212466386609,0.0245212466386609,0.16460008638100967,0.18467514533891138,0.02007505895790171,0.031516114578298185,0.031516114578298185,0.13592043624922506,1663
16_2_18,0.13544541504920782,0.1632496189116595,0.027804203862451693,0.027804203862451693,0.18514910024486417,0.1963417072793794,0.011192607034515245,0.03186982849705171,0.03186982849705171,0.13560599467674422,1664
3_0_31,0.2517627009037018,0.2810383769327073,0.029275676029005493,0.029275676029005493,0.21796149274034987,0.2296564140373641,0.011694921297014216,0.028517389371535307,0.028517389371535307,0.13554852699910713,1665
16_0_18,0.11724720495169788,0.09567536621447427,-0.02157183873722361,0.02157183873722361,0.15748723786418306,0.12780647749780252,-0.029680760366380537,-0.029397410160489537,0.029397410160489537,0.13548573811154838,1666
16_0_8,0.1414638076342172,0.16313566706041552,0.021671859426198314,0.021671859426198314,0.1200681666902399,0.1385288580045934,0.018460691314353517,0.03811105366418018,0.03811105366418018,0.13545441035510386,1667
23_2_1,0.08894155998042474,0.11504954178159936,0.026107981801174615,0.026107981801174615,0.13694125903235277,0.13266853667435685,-0.004272722357995917,0.040626752511487424,0.040626752511487424,0.135450919312883,1668
2_2_16,0.06912515820115905,0.05333826943754712,-0.015786888763611936,0.015786888763611936,0.09466472497459638,0.05899422521532661,-0.03567049975926977,-0.036019740777392055,0.036019740777392055,0.13540596519954462,1669
20_1_21,0.11628014903204674,0.14102264602106407,0.02474249698901733,0.02474249698901733,0.13486970504147114,0.12541282120127853,-0.00945688384019261,0.03916474282682557,0.03916474282682557,0.13539936150679094,1670
28_0_5,0.10793926005969155,0.13040214143299084,0.022462881373299284,0.022462881373299284,0.14194830024557534,0.16421032464284616,0.02226202439727082,0.0334132366929225,0.0334132366929225,0.1353046759442365,1671
18_0_17,0.15395700640846544,0.1308352714878845,-0.023121734920580922,0.023121734920580922,0.15542226848118956,0.13286975051491987,-0.022552517966269697,-0.031870094054695514,0.031870094054695514,0.1352932943911645,1672
29_2_10,0.10064767923889872,0.12417954691994659,0.02353186768104787,0.02353186768104787,0.1095322192802832,0.10556864317187722,-0.003963576108405975,0.04578156887067628,0.04578156887067628,0.13518300040079273,1673
27_2_3,0.15765802325919975,0.17806372138314153,0.020405698123941773,0.020405698123941773,0.1555519812944368,0.12172303564322387,-0.033828945651212916,0.028186749409360983,0.028186749409360983,0.1351806647437051,1674
8_2_21,0.07413830434062035,0.05449070957091847,-0.019647594769701883,0.019647594769701883,0.11396518978062738,0.08941376454645467,-0.02455142523417271,-0.03702943579845369,0.03702943579845369,0.13511762654651605,1675
21_1_0,0.09362017683823665,0.10918897246036045,0.015568795622123807,0.015568795622123807,0.1371029118095114,0.18854154461071093,0.051438632801199535,0.023678699269457443,0.023678699269457443,0.13509778310291795,1676
29_2_26,0.09391398859115986,0.07530984660209962,-0.01860414198906024,0.01860414198906024,0.11996423799598538,0.08826130933374583,-0.031702928662239546,-0.03337392209302591,0.03337392209302591,0.13508052948835467,1677
17_2_23,0.07902855804741268,0.06278209748383938,-0.016246460563573303,0.016246460563573303,0.1112995102094853,0.07148259617610647,-0.03981691403337882,-0.03151425840745768,0.03151425840745768,0.1349888784205499,1678
22_2_5,0.16421364473329184,0.19211798759753268,0.027904342864240844,0.027904342864240844,0.14926030094420092,0.14960881751235625,0.0003485165681553215,0.0397769067492177,0.0397769067492177,0.13485680946559853,1679
3_0_15,0.21460838819809172,0.19917770124113396,-0.015430686956957762,0.015430686956957762,0.1774536001734516,0.1197922729685273,-0.0576613272049243,-0.018759535986245537,0.018759535986245537,0.13476105927425056,1680
1_2_13,0.15929744975337118,0.13973916167649375,-0.019558288076877428,0.019558288076877428,0.191163297901519,0.14787513135849592,-0.04328816654302309,-0.021994293236795134,0.021994293236795134,0.13470244524599564,1681
18_0_11,0.2190996096773765,0.24870717406925777,0.02960756439188128,0.02960756439188128,0.17426886960301372,0.17399051708531454,-0.0002783525176991708,0.03615992037816776,0.03615992037816776,0.1344286947577621,1682
9_1_4,0.1145874038927554,0.13937432066947894,0.02478691677672354,0.02478691677672354,0.14383279566292015,0.15555070351177192,0.011717907848851766,0.036527835406496595,0.036527835406496595,0.13433918495901015,1683
24_1_17,0.08642134565220276,0.11095429499846916,0.024532949346266403,0.024532949346266403,0.13469931305677252,0.14415935638294444,0.009460043326171924,0.038624036168545824,0.038624036168545824,0.13405012062694022,1684
15_1_30,0.10444154719501401,0.1311605874495506,0.026719040254536572,0.026719040254536572,0.14346248236163905,0.14086400824776354,-0.0025984741138755096,0.03966503225957251,0.03966503225957251,0.13391376533746213,1685
7_2_2,0.04735512334432229,0.03079761228979111,-0.016557511054531182,0.016557511054531182,0.0841101623742249,0.05969415109417932,-0.024416011280045585,-0.04238823816613761,0.04238823816613761,0.13389423155341237,1686
23_1_4,0.029045054576568096,0.04628927506732182,0.017244220490753723,0.017244220490753723,0.06319279830225986,0.06619492801492051,0.003002129712660645,0.057881457544715326,0.057881457544715326,0.13361370122609864,1687
17_2_30,0.23521381600967572,0.25903767733227495,0.023823861322599227,0.023823861322599227,0.15582575613480482,0.13773078985338227,-0.018094966281422542,0.032712222843864165,0.032712222843864165,0.13342753028838805,1688
18_0_6,0.25593378102149056,0.2804741437549967,0.024540362733506127,0.024540362733506127,0.1927486878254312,0.1695751018477377,-0.023173585977693506,0.027250439895884392,0.027250439895884392,0.1334272849890248,1689
6_2_13,0.07146434719878665,0.0930127214332334,0.02154837423444675,0.02154837423444675,0.09638367873206206,0.1015629376284176,0.0051792588963555375,0.047432874525072034,0.047432874525072034,0.1333339020083374,1690
16_0_9,0.12917193379733471,0.1469240581282502,0.017752124330915497,0.017752124330915497,0.13727416780754775,0.09807772517713617,-0.03919644263041158,0.027855476242682215,0.027855476242682215,0.13332756766743048,1691
19_2_26,0.09771655401259198,0.11939374838187504,0.02167719436928306,0.02167719436928306,0.1222681855891191,0.13964301097264342,0.01737482538352432,0.037458930296651434,0.037458930296651434,0.13332171406824941,1692
12_2_6,0.14405685727279127,0.12223003617495279,-0.021826821097838484,0.021826821097838484,0.12656028801842303,0.10895400433786943,-0.0176062836805536,-0.03693055786555982,0.03693055786555982,0.1332537710284588,1693
13_1_22,0.12629047662443585,0.15093902009949436,0.024648543475058515,0.024648543475058515,0.17439884402411981,0.19376731465849334,0.019368470634373525,0.029918377254239875,0.029918377254239875,0.13321812819413645,1694
22_1_31,0.12557484862670443,0.15424974783492848,0.028674899208224053,0.028674899208224053,0.18951830056079394,0.18322496764612525,-0.006293332914668687,0.032254982398022665,0.032254982398022665,0.1330674915239162,1695
28_2_31,0.10940831904056555,0.08784144673533006,-0.02156687230523549,0.02156687230523549,0.16795951071151616,0.1382509345735292,-0.02970857613798697,-0.027546965881983423,0.027546965881983423,0.132882984831536,1696
21_1_12,0.05149793004697052,0.03796461824458069,-0.013533311802389834,0.013533311802389834,0.09102647477541258,0.04731348508836885,-0.04371298968704373,-0.032209770939406066,0.032209770939406066,0.13276381721269295,1697
16_2_5,0.0962530188535657,0.1143180026057962,0.018064983752230507,0.018064983752230507,0.12851178870374225,0.16439011760162936,0.03587832889788711,0.02947946329243567,0.02947946329243567,0.1327627889428174,1698
15_0_14,0.1976492583118078,0.22449407510300928,0.026844816791201487,0.026844816791201487,0.1542773908630166,0.15888303653392266,0.004605645670906072,0.036976947829177195,0.036976947829177195,0.13272288839859553,1699
13_2_8,0.1462413915568534,0.11790430462047659,-0.028337086936376807,0.028337086936376807,0.17913771082662638,0.18424767240552914,0.005109961578902755,-0.03362178476955814,0.03362178476955814,0.1327220982473133,1700
7_2_29,0.11674063820310804,0.10245890108462383,-0.014281737118484211,0.014281737118484211,0.1327935819386745,0.07983930752641039,-0.05295427441226411,-0.023253440793168753,0.023253440793168753,0.13259796544004193,1701
7_2_31,0.1271617337532215,0.14527847784124442,0.018116744088022912,0.018116744088022912,0.1840853314810844,0.23070715494596924,0.04662182346488483,0.020674818378800797,0.020674818378800797,0.13255325494077091,1702
25_0_31,0.11081261760133469,0.13317338779683507,0.022360770195500382,0.022360770195500382,0.16046809317448033,0.18530539265838797,0.024837299483907643,0.02942957764939933,0.02942957764939933,0.13228122847994214,1703
23_0_12,0.07403100793014057,0.09145678691629974,0.01742577898615917,0.01742577898615917,0.09378402559755682,0.11876424798311641,0.024980222385559595,0.03898295163395406,0.03898295163395406,0.13214148459017122,1704
28_2_11,0.14747480454741774,0.16998233038209903,0.022507525834681297,0.022507525834681297,0.15744462364066514,0.18075038066389315,0.023305757023228013,0.03020190047975989,0.03020190047975989,0.13205932342355212,1705
3_0_26,0.1254690804079048,0.14053733652788264,0.015068256119977835,0.015068256119977835,0.1749175941782579,0.23183610857610804,0.056918514397850145,0.018020544416906852,0.018020544416906852,0.1318616179712663,1706
1_1_17,0.08097034928569125,0.06530882503504629,-0.01566152425064496,0.01566152425064496,0.0909916888080245,0.059646990483633394,-0.0313446983243911,-0.03713700564455736,0.03713700564455736,0.13175962468229005,1707
24_1_2,0.19895589775217395,0.22355275323744078,0.024596855485266828,0.024596855485266828,0.1875667932386756,0.20829991357373137,0.020733120335055782,0.027762136307509445,0.027762136307509445,0.13155865530484845,1708
6_2_11,0.06632783691157494,0.05250439232022162,-0.013823444591353325,0.013823444591353325,0.08739824461843455,0.04816271087471138,-0.039235533743723176,-0.03423551565832986,0.03423551565832986,0.13139714850537146,1709
9_2_0,0.09082118687962447,0.10799833180083536,0.01717714492121089,0.01717714492121089,0.10915979908899666,0.07790517648678257,-0.031254622602214094,0.03388973927101276,0.03388973927101276,0.13130690323231758,1710
11_1_22,0.13484198837226286,0.11482474939200286,-0.02001723898025999,0.02001723898025999,0.14167380896013052,0.11304716059457891,-0.028626648365551607,-0.03033889660199756,0.03033889660199756,0.13127428746492634,1711
21_1_1,0.13630159980901346,0.15934658512225075,0.023044985313237287,0.023044985313237287,0.19870600862918042,0.22699761811192537,0.02829160948274495,0.024513153581093107,0.024513153581093107,0.13113141963253194,1712
11_2_2,0.2985870289925024,0.3285922441383719,0.030005215145869513,0.030005215145869513,0.2646465992630847,0.27613288104922495,0.011486281786140251,0.024087125168292135,0.024087125168292135,0.131084354910246,1713
10_2_11,0.12854630794353372,0.15275988912317057,0.024213581179636845,0.024213581179636845,0.13340599011351792,0.14105800447869393,0.007652014365176013,0.038515913442480024,0.038515913442480024,0.13096367605400083,1714
20_2_29,0.13282653815940706,0.15990754314798877,0.02708100498858171,0.02708100498858171,0.1821803754047774,0.19133886691078203,0.009158491506004618,0.03156307270828994,0.03156307270828994,0.13085181933821713,1715
2_1_29,0.06470256482936719,0.04602796597078725,-0.018674598858579937,0.018674598858579937,0.09426654565812966,0.07794481819047494,-0.016321727467654715,-0.042471048831257685,0.042471048831257685,0.13081793613042889,1716
7_0_10,0.13721255757599995,0.16109191608965537,0.023879358513655413,0.023879358513655413,0.11768225437775842,0.1202257446062937,0.0025434902285352834,0.04312725151567588,0.04312725151567588,0.13079717034857685,1717
18_0_2,0.11378086128605897,0.14022292092879188,0.026442059642732912,0.026442059642732912,0.1635593993690323,0.15689067001618356,-0.006668729352848735,0.03447345807955691,0.03447345807955691,0.13037543239477828,1718
5_2_2,0.24481945730605656,0.27426215915990027,0.029442701853843706,0.029442701853843706,0.2085811153402246,0.20397249827760108,-0.004608617062623527,0.03007836321738141,0.03007836321738141,0.13023747131125243,1719
10_2_31,0.09227586068869766,0.11647824938417299,0.024202388695475335,0.024202388695475335,0.12328933911616154,0.12621693671665143,0.002927597600489898,0.041720909324961315,0.041720909324961315,0.1301440322239583,1720
28_0_24,0.13441947468666512,0.10956802783811734,-0.024851446848547787,0.024851446848547787,0.1937130178707375,0.17448340711164181,-0.019229610759095683,-0.027433735642140394,0.027433735642140394,0.13011191551881002,1721
26_1_19,0.09751416668284979,0.11916087086132798,0.021646704178478193,0.021646704178478193,0.11365764977969955,0.12453679526119939,0.010879145481499833,0.04033395830609176,0.04033395830609176,0.12998377282148754,1722
10_1_27,0.12617401920377927,0.13918078847299412,0.013006769269214846,0.013006769269214846,0.1501041107264374,0.21037118181582487,0.060267071089387475,0.01804071508950938,0.01804071508950938,0.12988900503467948,1723
27_0_23,0.12441104156194627,0.09648575935800699,-0.027925282203939278,0.027925282203939278,0.17991470969636258,0.17582750476668246,-0.004087204929680122,-0.03307150399785362,0.03307150399785362,0.12963589790159374,1724
7_2_3,0.1019439633246337,0.12805624540204114,0.026112282077407442,0.026112282077407442,0.14329698363459756,0.14457785678264487,0.0012808731480473123,0.0387606806369326,0.0387606806369326,0.1294475098129689,1725
23_0_17,0.0717449971374358,0.0891945398520668,0.01744954271463099,0.01744954271463099,0.11676881021258646,0.0857463801842093,-0.031022430028377165,0.03216219504610984,0.03216219504610984,0.12936223013669446,1726
21_1_21,0.3334730087966149,0.30778347169343767,-0.02568953710317723,0.02568953710317723,0.2085131754066978,0.19075903280181733,-0.01775414260488048,-0.026330577091847267,0.026330577091847267,0.12923476395952072,1727
9_2_27,0.24177597590896394,0.27010931576558556,0.02833333985662162,0.02833333985662162,0.20220663281203843,0.20899785014803163,0.006791217335993194,0.0297783305555409,0.0297783305555409,0.1291648495983643,1728
6_1_1,0.06243666228017926,0.04836938720060125,-0.014067275079578008,0.014067275079578008,0.0962597173524997,0.05649102568556693,-0.039768691666932775,-0.03160321474828323,0.03160321474828323,0.12895419468171493,1729
25_0_30,0.1520893964894548,0.13206468410795197,-0.02002471238150283,0.02002471238150283,0.21218522667365253,0.1731137685195414,-0.039071458154111116,-0.02025550420749465,0.02025550420749465,0.128793223366134,1730
4_0_26,0.18825308601271865,0.20310400905910075,0.014850923046382108,0.014850923046382108,0.22232840110546617,0.2820868323677271,0.05975843126226091,0.01402153761748522,0.01402153761748522,0.12879194406184205,1731
29_0_16,0.11781823016558036,0.14264973505797912,0.024831504892398756,0.024831504892398756,0.1429806886040901,0.14903305338374312,0.006052364779653013,0.036883629002312984,0.036883629002312984,0.1285803572957867,1732
21_2_26,0.049440970115539794,0.035360855822463455,-0.014080114293076339,0.014080114293076339,0.08202769916308875,0.04960707442334163,-0.03242062473974712,-0.037093854935073216,0.037093854935073216,0.12848031254997094,1733
29_1_16,0.1816524389148035,0.20915440350336353,0.027501964588560024,0.027501964588560024,0.20987564151723462,0.19936886696464798,-0.01050677455258664,0.027960138139425276,0.027960138139425276,0.12844980219366386,1734
13_1_5,0.11266535888918205,0.1335696400325164,0.02090428114333434,0.02090428114333434,0.15642085924155358,0.18299691710107496,0.026576057859521385,0.028202292395747765,0.028202292395747765,0.12842254570959905,1735
12_2_29,0.06548452976529884,0.08415361372823148,0.01866908396293264,0.01866908396293264,0.08925938490395896,0.10125843053009724,0.01199904562613828,0.04419705964226048,0.04419705964226048,0.1283729162014261,1736
27_2_7,0.11543827246374043,0.0955281155680023,-0.019910156895738135,0.019910156895738135,0.17455306214346078,0.1409427278591194,-0.033610334284341375,-0.024487335252785677,0.024487335252785677,0.1283073342833307,1737
7_2_21,0.14563083352332898,0.16604934947218078,0.0204185159488518,0.0204185159488518,0.1336544889464014,0.15621625726546193,0.022561768319060538,0.0322372115745987,0.0322372115745987,0.12824888959408423,1738
1_1_16,0.06635072197553707,0.08203233332541873,0.015681611349881663,0.015681611349881663,0.08513864989818277,0.11147972481807841,0.026341074919895638,0.03854530319221737,0.03854530319221737,0.12816874591228392,1739
21_1_8,0.11598011333143782,0.09705822636260414,-0.01892188696883368,0.01892188696883368,0.16651627448931916,0.13052814240906022,-0.035988132080258944,-0.024417298059796845,0.024417298059796845,0.1281197669393292,1740
27_1_23,0.14960965474606105,0.1266182472883685,-0.022991407457692542,0.022991407457692542,0.17049837703021314,0.15025598849675573,-0.020242388533457417,-0.028859048926793935,0.028859048926793935,0.128059981891102,1741
0_1_14,0.2628433950756117,0.28980247867550674,0.026959083599895017,0.026959083599895017,0.18728306783191842,0.17928446217885566,-0.007998605653062762,0.03070178615411546,0.03070178615411546,0.12798291460530736,1742
29_0_24,0.1886567624221081,0.20777570086798658,0.019118938445878475,0.019118938445878475,0.16365903570304943,0.19880642904567056,0.035147393342621125,0.024593745951335528,0.024593745951335528,0.12797388707256546,1743
14_1_13,0.24001488478995023,0.2649888892052631,0.02497400441531286,0.02497400441531286,0.19225529913076764,0.20902804513025924,0.016772745999491606,0.02753379490668821,0.02753379490668821,0.1278270452605439,1744
24_2_13,0.13330024729143447,0.1573339965450052,0.02403374925357074,0.02403374925357074,0.13811544030244302,0.13139636095853746,-0.00671907934390556,0.03711585630615574,0.03711585630615574,0.12742548442343254,1745
23_2_23,0.04018452376288884,0.02877560767099549,-0.011408916091893352,0.011408916091893352,0.0647034517599058,0.028098014593972716,-0.036605437165933084,-0.03826935495484817,0.03826935495484817,0.12737798839385955,1746
14_0_16,0.13657993026888726,0.12056546450938659,-0.016014465759500676,0.016014465759500676,0.1577014683840444,0.11206801991049309,-0.0456334484735513,-0.021880044144352035,0.021880044144352035,0.1272547239525896,1747
6_0_29,0.08584107844455921,0.07131266153550594,-0.014528416909053266,0.014528416909053266,0.11878855969276242,0.07524236075214448,-0.04354619894061794,-0.026416145369877613,0.026416145369877613,0.12716047083334694,1748
29_0_27,0.13861038400371806,0.16004651128411082,0.021436127280392764,0.021436127280392764,0.12775467157595793,0.11349943019983938,-0.014255241376118555,0.03589014593299821,0.03589014593299821,0.1269077034276837,1749
28_0_6,0.22512302435315296,0.24935266686895413,0.024229642515801175,0.024229642515801175,0.18915043329329473,0.171190100014891,-0.01796033327840374,0.02738741182425957,0.02738741182425957,0.12687293390109844,1750
15_0_4,0.058599632336281876,0.04404193124370108,-0.014557701092580796,0.014557701092580796,0.08469914559973231,0.05511140277317092,-0.02958774282656139,-0.03708996632480572,0.03708996632480572,0.12661914103436578,1751
8_1_25,0.10603602942738251,0.12934254598836634,0.023306516560983828,0.023306516560983828,0.15033425717563317,0.1634852154413601,0.01315095826572693,0.03285492767101067,0.03285492767101067,0.12660587354869884,1752
18_2_6,0.23838869164594723,0.26406477588475435,0.02567608423880713,0.02567608423880713,0.1967561336144065,0.21049765892013766,0.013741525305731167,0.02768471501585273,0.02768471501585273,0.12659051491913342,1753
21_0_27,0.34729230324548455,0.34044826831067765,-0.006844034934806897,0.006844034934806897,0.16084533319001576,0.24507146568475113,0.08422613249473537,-0.008788821580489782,0.008788821580489782,0.1265323649564958,1754
6_0_25,0.1227644740449708,0.10213715591883302,-0.020627318126137786,0.020627318126137786,0.17299756168673916,0.14411313712951626,-0.0288844245572229,-0.02557080629813984,0.02557080629813984,0.126522877810443,1755
10_0_11,0.14650607735658372,0.16315120581711215,0.01664512846052843,0.01664512846052843,0.16108573841633278,0.11812893258286457,-0.04295680583346821,0.02224596521428872,0.02224596521428872,0.12652227983039954,1756
15_0_31,0.1109544606103519,0.0940239299325931,-0.016930530677758793,0.016930530677758793,0.1340998537694393,0.09823401346015702,-0.03586584030928229,-0.027178324021097947,0.027178324021097947,0.12631149384373205,1757
8_2_18,0.08791954156413122,0.10879288545005292,0.0208733438859217,0.0208733438859217,0.11570923394081697,0.12793197472922174,0.012222740788404768,0.0381869500789856,0.0381869500789856,0.12629144409080834,1758
9_2_6,0.18818639821615069,0.16873649321136389,-0.0194499050047868,0.0194499050047868,0.15629738963419204,0.1266516405450499,-0.029645749089142137,-0.02671077154263374,0.02671077154263374,0.12569617862447618,1759
3_0_4,0.09707563826667844,0.10986913951198303,0.012793501245304595,0.012793501245304595,0.12499333204890385,0.17792166408663343,0.05292833203772958,0.021278436548346918,0.021278436548346918,0.12560197194762,1760
7_1_12,0.08657920609860872,0.10101322053219039,0.014434014433581666,0.014434014433581666,0.14670109767154732,0.19627765404083866,0.04957655636929134,0.020565427711195697,0.020565427711195697,0.12541030205173065,1761
5_1_4,0.11025735560045055,0.13352239133045654,0.02326503573000599,0.02326503573000599,0.13297432250059976,0.12649598439910575,-0.006478338101494008,0.037317647196370304,0.037317647196370304,0.12528578992330947,1762
20_1_20,0.12293516450746651,0.13670445471854775,0.01376929021108124,0.01376929021108124,0.12521909223025324,0.17318729361310256,0.047968201382849324,0.022918299777968262,0.022918299777968262,0.12506598555603188,1763
22_1_19,0.20648724452526093,0.18237709829826504,-0.024110146226995893,0.024110146226995893,0.20259333032430027,0.18352638569648314,-0.019066944627817134,-0.02544441675002714,0.02544441675002714,0.12503448548351945,1764
26_0_21,0.08407244656416392,0.062149196382251935,-0.021923250181911984,0.021923250181911984,0.13381830826392718,0.146130900270112,0.012312592006184814,-0.03470899599987273,0.03470899599987273,0.12440995562333784,1765
15_2_5,0.11763815189963019,0.0958093453539611,-0.021828806545669086,0.021828806545669086,0.16653135452190068,0.1456398794637707,-0.020891475058129994,-0.028061056371473242,0.028061056371473242,0.12440413096324124,1766
0_0_28,0.15413416477702924,0.1780849876350355,0.02395082285800626,0.02395082285800626,0.1992773015935143,0.21811701263730038,0.018839711043786067,0.025467097062017836,0.025467097062017836,0.1243639693545398,1767
3_0_19,0.10430292122973615,0.08739812090655318,-0.016904800323182978,0.016904800323182978,0.13319796286178986,0.09930009692782592,-0.03389786593396395,-0.027307932664248268,0.027307932664248268,0.12420414375981548,1768
6_2_7,0.07935368525127122,0.10136495064098924,0.022011265389718024,0.022011265389718024,0.11428241204567842,0.11033683661114475,-0.003945575434533666,0.041048559766646384,0.041048559766646384,0.12419997922919235,1769
1_1_7,0.11612872125863065,0.14132723845323797,0.02519851719460732,0.02519851719460732,0.16482341790527658,0.1715908794206412,0.0067674615153646145,0.03247564614718531,0.03247564614718531,0.12417336008500977,1770
28_2_9,0.11280697877021252,0.09235176860130803,-0.02045521016890449,0.02045521016890449,0.1484616085164855,0.1264024830113233,-0.022059125505162175,-0.029522931610221154,0.029522931610221154,0.12394163593541413,1771
2_0_19,0.08257667964137917,0.06707146487209878,-0.015505214769280393,0.015505214769280393,0.11017548591072289,0.07718045190941032,-0.03299503400131257,-0.030326313683270704,0.030326313683270704,0.1235384636805671,1772
24_2_9,0.16293257066067032,0.18388756467021278,0.020954994009542455,0.020954994009542455,0.14830407890685307,0.12896166427556408,-0.019342414631288996,0.030252929338772137,0.030252929338772137,0.12331280907524853,1773
9_0_20,0.17107016756068322,0.18759871467347186,0.016528547112788644,0.016528547112788644,0.16793162065815498,0.12632373119780282,-0.041607889460352154,0.02117565131794511,0.02117565131794511,0.12315923847916088,1774
1_1_25,0.09368153521959612,0.07539399796628836,-0.018287537253307756,0.018287537253307756,0.12286148805930461,0.09949738821171103,-0.023364099847593578,-0.031944916867935734,0.031944916867935734,0.1227683899923922,1775
22_2_22,0.14542585049460535,0.12262346481142075,-0.0228023856831846,0.0228023856831846,0.19829695967209257,0.21997280666368643,0.02167584699159386,-0.02434781544325276,0.02434781544325276,0.12275863577023793,1776
10_0_0,0.067531837762814,0.0501283303743843,-0.017403507388429704,0.017403507388429704,0.10003734447270404,0.08128553660703002,-0.018751807865674028,-0.03732583617773925,0.03732583617773925,0.12271046071244524,1777
22_1_26,0.0955223461153803,0.11264866364894666,0.01712631753356636,0.01712631753356636,0.1088730853072966,0.08501832845819564,-0.02385475684910096,0.03379588424381073,0.03379588424381073,0.12268867142224754,1778
25_1_30,0.14326478262995337,0.16711986716465346,0.02385508453470009,0.02385508453470009,0.1649965055718326,0.17592179204696726,0.01092528647513466,0.030675197403939744,0.030675197403939744,0.12254723665945266,1779
28_2_29,0.07600419824138374,0.09663819773643387,0.020633999495050126,0.020633999495050126,0.10264645384410466,0.09918859582592235,-0.003457858018182311,0.04283732557942057,0.04283732557942057,0.12232374382684882,1780
13_1_4,0.07096880924924538,0.07733355070568937,0.006364741456443987,0.006364741456443987,0.0940597052731849,0.1695502667813117,0.07549056150812679,0.0136942055699337,0.0136942055699337,0.12228644043393995,1781
23_0_10,0.029830376349566222,0.018425636785919138,-0.011404739563647084,0.011404739563647084,0.0605672539342758,0.03169026313686742,-0.028876990797408374,-0.04077784479180904,0.04077784479180904,0.1222048972290501,1782
12_1_6,0.12329214623006704,0.13771128927136006,0.01441914304129302,0.01441914304129302,0.16194331833487266,0.21096475003078433,0.049021431695911666,0.018651162512555847,0.018651162512555847,0.12203219390305395,1783
4_1_7,0.021552489797350343,0.032932722748897025,0.011380232951546682,0.011380232951546682,0.044390401901450896,0.03358693666362745,-0.010803465237823447,0.055076251543517765,0.055076251543517765,0.12200569452821342,1784
3_0_28,0.08911569581631851,0.07187258535148887,-0.01724311046482964,0.01724311046482964,0.11945062973915241,0.09310562249020737,-0.026345007248945035,-0.031017759370300598,0.031017759370300598,0.12188976874254724,1785
15_0_1,0.05271464107581547,0.04078090359072478,-0.01193373748509069,0.01193373748509069,0.08833489257500378,0.04681514805729447,-0.04151974451770931,-0.029263091534976655,0.029263091534976655,0.121636461862137,1786
9_2_25,0.2609713792054179,0.2848646557072067,0.023893276501788796,0.023893276501788796,0.2051836635570144,0.18789544206596065,-0.017288221491053746,0.024886833202284714,0.024886833202284714,0.12163186262620246,1787
7_1_15,0.15301289505435314,0.17430896987386563,0.021296074819512484,0.021296074819512484,0.1451802796986758,0.1610080927023484,0.015827813003672586,0.031053711094268143,0.031053711094268143,0.12143993610553039,1788
18_2_24,0.13080967991520576,0.14926938604203438,0.018459706126828623,0.018459706126828623,0.13083608897067164,0.15524255695776878,0.02440646798709714,0.02974565277545979,0.02974565277545979,0.12131191098451496,1789
13_2_28,0.06344378409389301,0.08122324325551877,0.017779459161625766,0.017779459161625766,0.10582552365287125,0.12473153330059467,0.018906009647723418,0.03542935391659108,0.03542935391659108,0.1212523787602332,1790
0_0_27,0.061906057888122534,0.04923253761236939,-0.012673520275753143,0.012673520275753143,0.10210981010593706,0.059810212949600865,-0.042299597156336195,-0.02684541187401109,0.02684541187401109,0.12116524538695429,1791
13_0_31,0.11022154068915245,0.1272183891047525,0.01699684841560005,0.01699684841560005,0.14867320931412178,0.18370796679544246,0.03503475748132068,0.024039502431344242,0.024039502431344242,0.12111580756341928,1792
23_0_2,0.039513530639892006,0.05419951349612565,0.014685982856233647,0.014685982856233647,0.06634264631451252,0.07866414881332272,0.0123215024988102,0.04664181815783064,0.04664181815783064,0.12103719095877352,1793
10_1_4,0.08505349899201453,0.1036040356909556,0.018550536698941064,0.018550536698941064,0.10261549924543309,0.11559110667440509,0.012975607428971997,0.03822600853037215,0.03822600853037215,0.12068684523343133,1794
19_2_31,0.18148885796422298,0.2078987285905633,0.026409870626340315,0.026409870626340315,0.171089952686004,0.17095922551650905,-0.000130727169494943,0.03285630504209384,0.03285630504209384,0.12062416329715561,1795
5_0_17,0.15634114956522085,0.13521794995751857,-0.021123199607702287,0.021123199607702287,0.1442562422056953,0.12915342370644906,-0.015102818499246246,-0.03131621722765211,0.03131621722765211,0.12050983969991119,1796
18_2_27,0.2047046692782664,0.22730358893612834,0.022598919657861954,0.022598919657861954,0.18545396533320244,0.20374824210827358,0.018294276775071144,0.025815009804740784,0.025815009804740784,0.1204535068306336,1797
1_2_15,0.24233605913539474,0.2676580008601201,0.02532194172472535,0.02532194172472535,0.20701507889265827,0.19615931737191483,-0.01085576152074344,0.026103656069175536,0.026103656069175536,0.12010589451642223,1798
20_0_27,0.18579262095417762,0.20671063478008472,0.020918013825907106,0.020918013825907106,0.13768073355375915,0.1518504533900399,0.014169719836280764,0.03217300461183327,0.03217300461183327,0.12009607308923614,1799
14_0_8,0.0944781662902441,0.1152598823952663,0.020781716105022205,0.020781716105022205,0.11081239329292171,0.11567507122794564,0.004862677935023929,0.03982160048098451,0.03982160048098451,0.12005129547063823,1800
26_2_16,0.1374671357362204,0.12325877250837207,-0.014208363227848339,0.014208363227848339,0.19414023792398508,0.14281671674801924,-0.051323521175965836,-0.0157567783250657,0.0157567783250657,0.11993864097680462,1801
2_2_9,0.18508192633450476,0.20924911642639882,0.024167190091894053,0.024167190091894053,0.15083166845928425,0.15440717739358184,0.0035755089342975888,0.03406290953099206,0.03406290953099206,0.11993228725752605,1802
22_0_24,0.1374032049039289,0.15727078726696261,0.01986758236303371,0.01986758236303371,0.19345437893441914,0.22317239585599788,0.029718016921578744,0.021695299993456502,0.021695299993456502,0.11984620426447407,1803
4_1_15,0.13241709148068906,0.11214667802651183,-0.020270413454177225,0.020270413454177225,0.15355822767443955,0.17441091674298206,0.020852689068542513,-0.02790856393974776,0.02790856393974776,0.1197777157573938,1804
6_0_7,0.08517931571948158,0.10001200464831894,0.014832688928837365,0.014832688928837365,0.12108260535345138,0.1582624702819661,0.03717986492851473,0.025649951696396375,0.025649951696396375,0.11975048592042628,1805
11_2_8,0.2636992734986862,0.27563269407759583,0.011933420578909615,0.011933420578909615,0.178969975491037,0.12056931974836126,-0.058400655742675736,0.014386582048531354,0.014386582048531354,0.11960292094673708,1806
27_0_7,0.05469904940795588,0.04233281504628628,-0.012366234361669594,0.012366234361669594,0.08248169316732133,0.04791621110318996,-0.034565482064131375,-0.03242710796875028,0.03242710796875028,0.11948803054329483,1807
15_1_15,0.07591432021047709,0.0845610401230475,0.00864671991257042,0.00864671991257042,0.10941837024653024,0.17346203253324458,0.06404366228671433,0.016251387784902573,0.016251387784902573,0.11939597563514324,1808
22_0_7,0.1585280540533099,0.18630421687813206,0.027776162824822148,0.027776162824822148,0.20921391100651687,0.210583238606111,0.0013693275995941279,0.028253238162196662,0.028253238162196662,0.11933122337301261,1809
27_0_10,0.3359977949680279,0.35417512405759594,0.01817732908956804,0.01817732908956804,0.2231632726406773,0.18442724161443957,-0.03873603102623774,0.017475912779654587,0.017475912779654587,0.11930265853339392,1810
1_2_31,0.08698501679649447,0.10595105886572502,0.018966042069230554,0.018966042069230554,0.12034858554712526,0.10405451752787599,-0.016294068019249264,0.03374506376338785,0.03374506376338785,0.11924755623302191,1811
0_2_14,0.1912008043338972,0.2150367879616319,0.023835983627734703,0.023835983627734703,0.1883585748810681,0.2008996312327077,0.012541056351639601,0.026851504935344897,0.026851504935344897,0.11890111601650581,1812
19_0_8,0.1522608904918113,0.17413203766174692,0.02187114716993563,0.02187114716993563,0.17492136840911093,0.15753846008591318,-0.01738290832319775,0.026738126565301727,0.026738126565301727,0.11869382539003408,1813
24_1_3,0.06884981261666295,0.08861882229187659,0.01976900967521364,0.01976900967521364,0.10989208306006831,0.10197081972320914,-0.007921263336859177,0.03840921074271026,0.03840921074271026,0.11866205434533136,1814
16_2_27,0.07289197525024317,0.09337590786907558,0.020483932618832412,0.020483932618832412,0.10937970000924654,0.11373900297322768,0.00435930296398114,0.03977310628602056,0.03977310628602056,0.11858068646517399,1815
24_0_8,0.11823220172419871,0.13460858894823025,0.016376387224031536,0.016376387224031536,0.12391747430850199,0.1534126237087142,0.02949514940021221,0.027782669854822285,0.027782669854822285,0.11843189887547953,1816
7_1_13,0.058415354045579765,0.04655733590986157,-0.011858018135718192,0.011858018135718192,0.10078768059368953,0.05731385883973147,-0.043473821753958065,-0.025460756254616825,0.025460756254616825,0.11824335416546333,1817
6_0_3,0.09535271551323651,0.07702314791503262,-0.018329567598203894,0.018329567598203894,0.12942375683900748,0.10824772534002007,-0.021176031498987405,-0.03036427890690195,0.03036427890690195,0.11818108860055176,1818
1_0_13,0.28395818249838034,0.30402103700268,0.020062854504299676,0.020062854504299676,0.18459930537521516,0.15897991573404643,-0.02561938964116872,0.02328242247642959,0.02328242247642959,0.11801975271609429,1819
18_2_23,0.07018056523480688,0.057491032385821386,-0.012689532848985496,0.012689532848985496,0.09981586722628821,0.06120253040503333,-0.03861333682125488,-0.027474411940992864,0.027474411940992864,0.11794472656556004,1820
10_1_0,0.09644995035038884,0.07999797526768401,-0.016451975082704823,0.016451975082704823,0.11630204875410849,0.09078690731679435,-0.025515141437314134,-0.030395066795953496,0.030395066795953496,0.11785558846412547,1821
26_0_9,0.2243549820477721,0.24367216087187363,0.019317178824101527,0.019317178824101527,0.18278698433512422,0.15492229151483664,-0.027864692820287584,0.022652426273440936,0.022652426273440936,0.11756968432165871,1822
1_0_2,0.11794228086940958,0.13630498309953162,0.01836270223012204,0.01836270223012204,0.16902085820067525,0.1396173362880999,-0.029403521912575337,0.023306864949944266,0.023306864949944266,0.11755676677210022,1823
12_1_31,0.12627963949921037,0.10280298813347959,-0.02347665136573078,0.02347665136573078,0.17050924902375308,0.1614880847644526,-0.009021164259300496,-0.029380840547956793,0.029380840547956793,0.11750725980301964,1824
6_0_9,0.051317686712500456,0.06835486752964905,0.01703718081714859,0.01703718081714859,0.08299529895377354,0.09006858018078838,0.007073281227014838,0.04349095461217423,0.04349095461217423,0.1172468335161866,1825
2_1_6,0.07181597268092718,0.08166700445361277,0.009851031772685592,0.009851031772685592,0.11086364840768585,0.16726333058007123,0.056399682172385376,0.0183697569767967,0.0183697569767967,0.11715200571987074,1826
2_1_27,0.06623360345374504,0.04690926501647451,-0.019324338437270536,0.019324338437270536,0.09731417566055606,0.09455133748015515,-0.002762838180400906,-0.042307249403938,0.042307249403938,0.11711978141534063,1827
20_1_23,0.10117776079548976,0.12281886385572345,0.021641103060233688,0.021641103060233688,0.14431063033316507,0.15448640265594615,0.01017577232278108,0.03180918194646154,0.03180918194646154,0.11710412840220788,1828
5_0_9,0.3164383306229221,0.33507323761543134,0.018634906992509248,0.018634906992509248,0.21875270745498204,0.1841110454995017,-0.03464166195548035,0.018265596155983613,0.018265596155983613,0.11708685237032171,1829
0_2_27,0.12869844879705783,0.11221090093644825,-0.016487547860609575,0.016487547860609575,0.16069056575304141,0.12546636010175075,-0.03522420565129067,-0.022051097911327814,0.022051097911327814,0.11708674569907895,1830
29_2_18,0.06916560519086923,0.08632931391684612,0.01716370872597689,0.01716370872597689,0.08494955686783803,0.07799000656993653,-0.006959550297901504,0.04314912926385554,0.04314912926385554,0.1169891324914751,1831
0_2_18,0.1079495769151334,0.12786409535466975,0.019914518439536344,0.019914518439536344,0.12241055434948443,0.11200078060444138,-0.010409773745043052,0.03475958572291799,0.03475958572291799,0.11670762497477631,1832
19_1_15,0.09518929533543742,0.1139424881972172,0.018753192861779774,0.018753192861779774,0.12120890100432048,0.1058955072465974,-0.015313393757723087,0.033117667651902265,0.033117667651902265,0.11665709882068287,1833
14_2_12,0.0922274003111559,0.10997887381266544,0.017751473501509546,0.017751473501509546,0.12871635399739786,0.10658738574135787,-0.022128968256039994,0.02957880920214041,0.02957880920214041,0.11652338443164648,1834
22_0_16,0.14102082348973613,0.15902402779646474,0.01800320430672861,0.01800320430672861,0.19394721720473285,0.22793954113286544,0.03399232392813259,0.01958717203813266,0.01958717203813266,0.1164560024291474,1835
16_1_24,0.15602990359762675,0.1314213029951899,-0.02460860060243686,0.02460860060243686,0.18332635651412046,0.17744282188631078,-0.005883534627809689,-0.028617642074377874,0.028617642074377874,0.11606091666332674,1836
22_0_10,0.24203998365987814,0.2663815262162088,0.02434154255633067,0.02434154255633067,0.2064198896290873,0.2173084156967355,0.010888526067648202,0.025040285222864646,0.025040285222864646,0.11588995172457998,1837
19_1_23,0.09114279388520366,0.07355118988567039,-0.017591603999533273,0.017591603999533273,0.1272332362255016,0.10541071218158933,-0.02182252404391226,-0.029653562581508537,0.029653562581508537,0.11583576725687625,1838
9_1_1,0.06683876031240536,0.08713777428967875,0.020299013977273392,0.020299013977273392,0.10669074013329823,0.1055155164513403,-0.0011752236819579237,0.040505502002683075,0.040505502002683075,0.11550972601146792,1839
9_0_1,0.12686434753431347,0.10920866187883924,-0.017655685655474235,0.017655685655474235,0.1844554863504718,0.15168034026597849,-0.032775146084493306,-0.020538625448897944,0.020538625448897944,0.11545716910897212,1840
23_1_28,0.049760503009228324,0.06345722457483911,0.01369672156561079,0.01369672156561079,0.08958055193183505,0.11772054584541321,0.02813999391357816,0.03199532756844638,0.03199532756844638,0.11536042488626468,1841
4_1_23,0.12302282437957061,0.09995055365951175,-0.023072270720058866,0.023072270720058866,0.1673699131215603,0.1593127693042889,-0.008057143817271406,-0.02940996647396115,0.02940996647396115,0.11532851402892895,1842
4_0_16,0.15775847319800065,0.1314725189130121,-0.02628595428498856,0.02628595428498856,0.19569290390114902,0.19469029635481336,-0.0010026075463356598,-0.028600418435203858,0.028600418435203858,0.11523366923122197,1843
23_0_25,0.058775924647728156,0.07636818062527861,0.01759225597755046,0.01759225597755046,0.09285973437866929,0.10076528841574518,0.007905554037075893,0.04014317552323009,0.04014317552323009,0.11500014513876876,1844
21_0_21,0.4793956101673926,0.499544355916718,0.020148745749325347,0.020148745749325347,0.15639261333611076,0.1740315500839926,0.017638936747881834,0.027271922798664073,0.027271922798664073,0.11491200276857334,1845
3_2_4,0.1424272253442296,0.12209316104962231,-0.020334064294607296,0.020334064294607296,0.14431995642568446,0.13077355701829724,-0.013546399407387222,-0.03011996115437133,0.03011996115437133,0.1148499617449287,1846
13_2_27,0.07866950686519264,0.09808423209346288,0.019414725228270244,0.019414725228270244,0.1184147248192271,0.10880662922723239,-0.009608095591994714,0.035024394889404134,0.035024394889404134,0.11477827928013161,1847
13_0_7,0.0605163436571162,0.04431404176459932,-0.016202301892516882,0.016202301892516882,0.09076107061545355,0.0772094761097662,-0.013551594505687353,-0.038241182706849244,0.038241182706849244,0.11477775487643202,1848
28_2_28,0.09270577214351809,0.11277494369817212,0.020069171554654028,0.020069171554654028,0.12176188107852212,0.12980918276768935,0.00804730168916723,0.03496558209244253,0.03496558209244253,0.11476911670416069,1849
6_1_18,0.1252776318769228,0.14643678852692912,0.02115915665000631,0.02115915665000631,0.11902828520499006,0.11746736405801433,-0.00156092114697573,0.03785315715313026,0.03785315715313026,0.11459910031744586,1850
13_2_15,0.15651190041779392,0.17483700275057662,0.0183251023327827,0.0183251023327827,0.13653448272124452,0.11655264043530046,-0.01998184228594406,0.028756997520748367,0.028756997520748367,0.1145463156738857,1851
16_1_22,0.07733474510228765,0.09406012480563782,0.01672537970335017,0.01672537970335017,0.11508947199600114,0.13665293569727116,0.02156346370127002,0.030636223163400957,0.030636223163400957,0.11450788313190413,1852
13_1_28,0.060922511503825744,0.07716589396112222,0.01624338245729648,0.01624338245729648,0.0849251712839152,0.0953037931468264,0.010378621862911191,0.040449651563554845,0.040449651563554845,0.11444268127666515,1853
26_2_19,0.0680454263619066,0.08280968804166361,0.014764261679757015,0.014764261679757015,0.10071221371332255,0.12678963012026956,0.02607741640694701,0.030778968596555562,0.030778968596555562,0.1143039917707819,1854
0_1_29,0.055392914119865654,0.07271973788946309,0.01732682376959744,0.01732682376959744,0.08244659169343149,0.0847070336300674,0.0022604419366359096,0.04465134751148747,0.04465134751148747,0.11427534390971474,1855
20_2_5,0.33860131652933917,0.36091855410530566,0.022317237575966486,0.022317237575966486,0.19647893193826263,0.18123535604171853,-0.015243575896544098,0.024268334467054137,0.024268334467054137,0.11403465693862053,1856
26_0_19,0.07634113952875726,0.06450451600608496,-0.011836623522672299,0.011836623522672299,0.10864387568261542,0.06670223997013411,-0.041941635712481315,-0.02354713289147395,0.02354713289147395,0.11374629718272027,1857
17_0_22,0.13424037073063505,0.15020743869336545,0.015967067962730397,0.015967067962730397,0.1442855592938695,0.17624558405604887,0.03196002476217938,0.023288990955071122,0.023288990955071122,0.11370097775012408,1858
25_2_5,0.07556153104423659,0.09511621459972516,0.019554683555488575,0.019554683555488575,0.11129363394288966,0.11672388733536997,0.005430253392480308,0.03730289868864675,0.03730289868864675,0.11368650738147898,1859
10_1_7,0.0744204690835569,0.08248547967904284,0.008065010595485936,0.008065010595485936,0.11107541764961577,0.17294593733529856,0.06187051968568279,0.014961817692045368,0.014961817692045368,0.1134898738419837,1860
19_2_1,0.1135159842340479,0.1245791823195822,0.011063198085534298,0.011063198085534298,0.14416162187825143,0.09185899014622245,-0.05230263173202898,0.01657668107281509,0.01657668107281509,0.11339045896313668,1861
16_0_31,0.07707151867129512,0.059966263448366544,-0.017105255222928578,0.017105255222928578,0.10979273417457776,0.09380156873889586,-0.015991165435681895,-0.03337494226321832,0.03337494226321832,0.1131678712267843,1862
11_0_1,0.13567822866815119,0.15989130666890874,0.02421307800075756,0.02421307800075756,0.1666566000518818,0.16527005060355146,-0.001386549448330332,0.030937602764832952,0.030937602764832952,0.11316756573538178,1863
29_2_28,0.13186732540455387,0.11555054697191129,-0.01631677843264258,0.01631677843264258,0.1899528557049208,0.226371157199787,0.03641830149486622,-0.01810968589354454,0.01810968589354454,0.11237353457622304,1864
14_2_7,0.10165015305324135,0.08422807799756413,-0.017422075055677222,0.017422075055677222,0.1462447502770917,0.12195897745265155,-0.02428577282444014,-0.0255473418646116,0.0255473418646116,0.11232356077784385,1865
3_0_17,0.1149012821270953,0.09863712855566929,-0.016264153571426007,0.016264153571426007,0.129993400796292,0.10456611610553251,-0.0254272846907595,-0.02686146817453983,0.02686146817453983,0.1122267268057926,1866
22_2_30,0.15307944953325314,0.17185037808912745,0.01877092855587431,0.01877092855587431,0.18941415758158486,0.21603243975353528,0.02661828217195042,0.020950061759727724,0.020950061759727724,0.11222326772006518,1867
19_2_14,0.1770392641796106,0.19569635665867385,0.018657092479063248,0.018657092479063248,0.15264364108865042,0.1733732646486478,0.020729623559997384,0.02584265798648283,0.02584265798648283,0.1121930065309617,1868
28_2_22,0.08433369766321698,0.06811771522202768,-0.016215982441189297,0.016215982441189297,0.11908710184777395,0.09657933871290525,-0.0225077631348687,-0.02922517913403717,0.02922517913403717,0.11214713311862749,1869
22_2_31,0.12125619092675388,0.10369692330972238,-0.0175592676170315,0.0175592676170315,0.17852473414736506,0.14914704712060145,-0.029377687026763605,-0.02109370694548,0.02109370694548,0.11214254841053817,1870
6_2_5,0.07667453852639224,0.0631485385489132,-0.013525999977479039,0.013525999977479039,0.09016191442547292,0.06496136685319738,-0.025200547572275536,-0.03230320240571656,0.03230320240571656,0.11200394074617459,1871
1_1_14,0.07888288781698406,0.0938872278224082,0.015004340005424138,0.015004340005424138,0.086564634373653,0.07129810454838484,-0.01526652982526816,0.03717262223649668,0.03717262223649668,0.11184138130332258,1872
21_1_17,0.09565371981757874,0.11369537501947236,0.018041655201893617,0.018041655201893617,0.11239449114155306,0.12410264086476588,0.011708149723212824,0.0339876627733733,0.0339876627733733,0.11183050385364593,1873
14_1_26,0.16572638403817502,0.18478625775195112,0.0190598737137761,0.0190598737137761,0.15242716855395072,0.170922525106196,0.018495356552245268,0.026457928727227763,0.026457928727227763,0.11167384503591565,1874
19_0_11,0.12152532483388283,0.14184620004815515,0.020320875214272324,0.020320875214272324,0.15672634979901875,0.17076797581309455,0.014041626014075798,0.02747924444541686,0.02747924444541686,0.111632133695408,1875
17_2_8,0.2591398424397442,0.28071802863269046,0.02157818619294627,0.02157818619294627,0.17594048992605743,0.16341972827506612,-0.012520761650991308,0.026195085238154784,0.026195085238154784,0.11162220146252248,1876
6_0_31,0.1361224653225232,0.1578819292736972,0.021759463951174007,0.021759463951174007,0.19826786408126637,0.2139654448982424,0.01569758081697603,0.023274392905332043,0.023274392905332043,0.11157618380677994,1877
20_1_24,0.08326027151648573,0.06811747302767036,-0.015142798488815362,0.015142798488815362,0.11880118139781104,0.09184739989803714,-0.0269537814997739,-0.02739795686078655,0.02739795686078655,0.1115652814122278,1878
11_2_5,0.21218495866373413,0.20165279983420797,-0.010532158829526156,0.010532158829526156,0.2171214977503865,0.15753975361558628,-0.05958174413480022,-0.010448142096260202,0.010448142096260202,0.11143130134458801,1879
29_2_31,0.12758701509847328,0.10996745593209105,-0.017619559166382234,0.017619559166382234,0.15272350747896754,0.17711332618666503,0.02438981870769749,-0.024362311664244542,0.024362311664244542,0.11131625231834719,1880
13_0_20,0.09571745149275994,0.11234447954572283,0.016627028052962886,0.016627028052962886,0.12429139218912638,0.1462653136088427,0.021973921419716325,0.028219732842277485,0.028219732842277485,0.11127335061477056,1881
11_0_16,0.10599442379364554,0.12559688463476426,0.01960246084111872,0.01960246084111872,0.1075809112009353,0.10885298601612209,0.001272074815186791,0.03875242560975891,0.03875242560975891,0.11118478825306408,1882
20_2_6,0.1346177566674729,0.12252634175240222,-0.012091414915070667,0.012091414915070667,0.1381313877315685,0.0935126991261437,-0.0446186886054248,-0.018883296426853928,0.018883296426853928,0.1108745521242452,1883
17_0_18,0.2111072654509565,0.2260501308384708,0.014942865387514298,0.014942865387514298,0.15440173711228194,0.11928611865070166,-0.03511561846158029,0.02080618606806104,0.02080618606806104,0.11087320491798111,1884
18_1_19,0.2968850119379465,0.2736844413112151,-0.023200570626731365,0.023200570626731365,0.31959193547653514,0.2983846636236915,-0.021207271852843657,-0.015505193875454158,0.015505193875454158,0.11082509424521936,1885
6_2_9,0.11199005097726562,0.13031165961267324,0.01832160863540762,0.01832160863540762,0.11626999107324947,0.10584936121701641,-0.010420629856233057,0.033676190295576905,0.033676190295576905,0.11072231657078029,1886
15_0_2,0.16630703732273136,0.1895623440555059,0.02325530673277454,0.02325530673277454,0.2110065296960565,0.22201346976921135,0.011006940073154864,0.023404468818082426,0.023404468818082426,0.11066343653389246,1887
14_1_14,0.26850841578369006,0.28748753661333526,0.018979120829645202,0.018979120829645202,0.21743123431030745,0.1899143155811692,-0.02751691872913825,0.018691302009581773,0.018691302009581773,0.11062143585741471,1888
11_1_31,0.15245230332693127,0.17377311210837634,0.021320808781445072,0.021320808781445072,0.18984300230958298,0.20500971713074223,0.01516671482115925,0.023816072824414086,0.023816072824414086,0.11051552146084123,1889
7_0_15,0.0806887442864755,0.09808720526985375,0.017398460983378244,0.017398460983378244,0.09588168405276387,0.10233812055762406,0.006456436504860191,0.03848701881642112,0.03848701881642112,0.11047822979211346,1890
16_0_3,0.06308402749193258,0.05017121949888866,-0.012912807993043916,0.012912807993043916,0.10109513690427543,0.06979253539105988,-0.03130260151321555,-0.02753607939160121,0.02753607939160121,0.11041526154422143,1891
28_1_24,0.08873218576261353,0.06818832637333312,-0.02054385938928041,0.02054385938928041,0.13238653099917577,0.12702717205318598,-0.005359358945989795,-0.03309160507641419,0.03309160507641419,0.1104152191072032,1892
22_1_27,0.0804439354645771,0.06580935500750018,-0.014634580457076912,0.014634580457076912,0.10371847465142382,0.0802364520871646,-0.023482022564259228,-0.030325808944382596,0.030325808944382596,0.11037279350484464,1893
13_0_24,0.11049129463860324,0.09379356088497982,-0.01669773375362342,0.01669773375362342,0.15092854236839912,0.12436267936005196,-0.02656586300834715,-0.02373585588879675,0.02373585588879675,0.11029952419236844,1894
20_1_5,0.07004009337799867,0.08436165861374142,0.014321565235742753,0.014321565235742753,0.10073625951050295,0.07700881100841651,-0.02372744850208644,0.030565953824825493,0.030565953824825493,0.11011244060597775,1895
22_1_9,0.1454488840282281,0.16541584433862266,0.019966960310394577,0.019966960310394577,0.12778275267583478,0.1341915164571645,0.006408763781329735,0.03317688788648181,0.03317688788648181,0.11010259625311641,1896
0_2_15,0.15136810453086755,0.16921485925331176,0.017846754722444208,0.017846754722444208,0.14469786191024933,0.12462253488468698,-0.020075327025562348,0.02641970526906166,0.02641970526906166,0.11000177460756787,1897
7_0_12,0.06494913356254346,0.08328366003496313,0.018334526472419663,0.018334526472419663,0.1017270557817587,0.09808254161258297,-0.0036445141691757305,0.03841820354041157,0.03841820354041157,0.10983345302586991,1898
9_1_8,0.13302115673678383,0.15126395588330277,0.01824279914651894,0.01824279914651894,0.12214101416315584,0.1344152221523746,0.012274207989218772,0.03163271673221682,0.03163271673221682,0.10969776139644227,1899
8_2_16,0.08708798194777156,0.07068379366374938,-0.01640418828402218,0.01640418828402218,0.12185792407191316,0.10169892519929967,-0.020158998872613493,-0.028865347756889363,0.028865347756889363,0.10951689494526504,1900
16_2_14,0.10627652519851971,0.0931705708328191,-0.013105954365700612,0.013105954365700612,0.1267473075503325,0.09029416009562069,-0.036453147454711815,-0.022277734876893416,0.022277734876893416,0.10931768562802922,1901
28_1_15,0.11985971523389738,0.10534939312572864,-0.014510322108168744,0.014510322108168744,0.16070875201150306,0.12417004785593908,-0.036538704155563984,-0.019411510806888858,0.019411510806888858,0.10929078791117541,1902
7_0_20,0.08448818807403075,0.10025428627408606,0.015766098200055312,0.015766098200055312,0.11091812699584724,0.13103807067026746,0.020119943674420215,0.029975654026978726,0.029975654026978726,0.10925705062191798,1903
3_1_19,0.23906124500198994,0.25641119817005653,0.01734995316806659,0.01734995316806659,0.20883121173461075,0.17739271781671642,-0.03143849391789433,0.017808527143543557,0.017808527143543557,0.10922770977462741,1904
23_2_25,0.09816457243022264,0.11940684862945665,0.02124227619923401,0.02124227619923401,0.1415222464034472,0.13758399835603377,-0.00393824804741344,0.03199027226653606,0.03199027226653606,0.1092105596273317,1905
2_0_22,0.1030033149196676,0.12411261258703621,0.021109297667368604,0.021109297667368604,0.14453867307889,0.13920554484242864,-0.005333128236461371,0.031140460624537188,0.031140460624537188,0.10920726791805038,1906
14_0_11,0.24832908303296247,0.26129093438062473,0.012961851347662257,0.012961851347662257,0.1922141696880514,0.14574536602271207,-0.04646880366533934,0.014506814196696001,0.014506814196696001,0.10920246574465288,1907
6_1_26,0.05610974656121035,0.07056405084409544,0.014454304282885085,0.014454304282885085,0.08156449589581412,0.06846130505568802,-0.013103190840126094,0.037980041621142054,0.037980041621142054,0.10900438612931707,1908
28_1_16,0.10363858277505164,0.11919627691566707,0.015557694140615433,0.015557694140615433,0.15338087319936916,0.18455425552928445,0.03117338232991529,0.021369231939596427,0.021369231939596427,0.1089486360492306,1909
29_2_3,0.05436866301223567,0.0718165457534228,0.017447882741187137,0.017447882741187137,0.0897831888477736,0.0885520397400099,-0.0012311491077637016,0.0413764432505086,0.0413764432505086,0.10881688674695447,1910
16_1_28,0.11942633276598608,0.1280169323445445,0.008590599578558428,0.008590599578558428,0.11347200050155862,0.16865936065776332,0.05518736015620471,0.015675444835819407,0.015675444835819407,0.10843823821378056,1911
20_0_15,0.0562741999308078,0.07224241602409294,0.015968216093285137,0.015968216093285137,0.08222311288467339,0.07787243671707522,-0.004350676167598169,0.04142411165265982,0.04142411165265982,0.10825530602605335,1912
27_1_17,0.07056151303141615,0.0882109229824042,0.017649409950988043,0.017649409950988043,0.09907916760059836,0.09465763709926071,-0.004421530501337645,0.037986926972051555,0.037986926972051555,0.10817905380509402,1913
5_0_23,0.1327450274325555,0.14865969896042688,0.015914671527871377,0.015914671527871377,0.19821032806823774,0.23326271671214271,0.035052388643904975,0.01694182395319522,0.01694182395319522,0.10805313567518841,1914
21_2_31,0.0447799923893347,0.03297018425789276,-0.011809808131441939,0.011809808131441939,0.07478521513553554,0.051115714281222455,-0.02366950085431309,-0.03404487059274827,0.03404487059274827,0.10793502228935056,1915
21_1_30,0.07992104232667936,0.06619822026013589,-0.013722822066543475,0.013722822066543475,0.09569380027150112,0.07284412896728767,-0.022849671304213448,-0.030834823155924795,0.030834823155924795,0.10782578004620424,1916
10_2_17,0.06279334907102518,0.0792534784644972,0.016460129393472023,0.016460129393472023,0.09799542889822097,0.10791716845933555,0.009921739561114584,0.03556800118551441,0.03556800118551441,0.10762258450553354,1917
15_0_26,0.07971904781716041,0.06501628372637999,-0.014702764090780418,0.014702764090780418,0.11061406389545413,0.08755110265165633,-0.023062961243797794,-0.028549889643122977,0.028549889643122977,0.10757671194269289,1918
23_2_5,0.04708941492748842,0.06193636287027907,0.01484694794279065,0.01484694794279065,0.07251342566874003,0.06894046140760715,-0.003572964261132877,0.0436612637144285,0.0436612637144285,0.10740435526982972,1919
29_1_2,0.15636019514437344,0.17445175163224375,0.01809155648787031,0.01809155648787031,0.14318047055228614,0.1269049360167968,-0.016275534535489328,0.02703694702400909,0.02703694702400909,0.1072776936041355,1920
18_0_26,0.11420941122936626,0.09491231431892981,-0.019297096910436448,0.019297096910436448,0.1594798112283017,0.17441361546325057,0.014933804234948861,-0.025640196177569078,0.025640196177569078,0.10716523078882088,1921
24_0_12,0.16531591635994622,0.19057818934756757,0.025262272987621348,0.025262272987621348,0.2184387692726962,0.21981483459247142,0.001376065319775216,0.024613657968155955,0.024613657968155955,0.10714108764056363,1922
24_0_21,0.13308621029835824,0.1517921447216905,0.018705934423332266,0.018705934423332266,0.1136815660627019,0.11832372893047728,0.0046421628677753846,0.034951000401932046,0.034951000401932046,0.10708946150525797,1923
9_0_16,0.04919277003971896,0.0379062935648971,-0.011286476474821859,0.011286476474821859,0.08075155364076488,0.051728933371129056,-0.02902262026963582,-0.030177944913050325,0.030177944913050325,0.10702842453212731,1924
17_1_14,0.19017684040974597,0.17464267473406297,-0.015534165675682998,0.015534165675682998,0.23242438720115852,0.19409670007616023,-0.03832768712499829,-0.014335380182544351,0.014335380182544351,0.10698894930792516,1925
23_2_27,0.031906113133019616,0.02371286394252434,-0.008193249190495275,0.008193249190495275,0.07815616508188701,0.032450743679837864,-0.04570542140204915,-0.022772300801868418,0.022772300801868418,0.10668352704292662,1926
11_2_7,0.08126591432199422,0.10062519297387158,0.019359278651877365,0.019359278651877365,0.11328812511752956,0.11400101318636656,0.0007128880688370004,0.036356558149613125,0.036356558149613125,0.10648041209076298,1927
11_2_14,0.1571131900730049,0.14541272791092089,-0.011700462162084008,0.011700462162084008,0.1732745309540158,0.1265182450854696,-0.04675628586854619,-0.01454119466185039,0.01454119466185039,0.10604073953469288,1928
2_2_14,0.2673459122034851,0.29104515662812086,0.02369924442463578,0.02369924442463578,0.22967440236534645,0.23730976869981527,0.007635366334468818,0.02193387145868497,0.02193387145868497,0.10602379935979639,1929
7_0_24,0.13605892089542201,0.12034896201273468,-0.015709958882687336,0.015709958882687336,0.1864326732775801,0.1542430153947287,-0.032189657882851386,-0.018078607768399185,0.018078607768399185,0.1058616187486647,1930
28_2_23,0.15156114631435558,0.13161665781481932,-0.019944488499536256,0.019944488499536256,0.1930945975143314,0.2099475592863688,0.016852961772037406,-0.021896198901162532,0.021896198901162532,0.1058415816288456,1931
13_2_31,0.08728342197675108,0.07328735483632923,-0.013996067140421856,0.013996067140421856,0.12914724172737754,0.0993945472687484,-0.029752694458629145,-0.02329998795835941,0.02329998795835941,0.10570499061800837,1932
13_2_29,0.054566578684412365,0.0427166839544985,-0.011849894729913865,0.011849894729913865,0.08901141574130833,0.0607592331258183,-0.028252182615490028,-0.028706433170543545,0.028706433170543545,0.1056549153980576,1933
8_2_29,0.08811212280484713,0.07021868061162931,-0.017893442193217826,0.017893442193217826,0.12663119339515708,0.11538504337439255,-0.011246150020764525,-0.030200420286981243,0.030200420286981243,0.10553164935635012,1934
13_1_1,0.05764492090778194,0.04317215244082576,-0.014472768466956179,0.014472768466956179,0.07738596610854488,0.0699100283187961,-0.007475937789748782,-0.0399712418002071,0.0399712418002071,0.10553123437919985,1935
8_1_1,0.14539619005957538,0.1672984904104516,0.02190230035087623,0.02190230035087623,0.16948665471400817,0.1739600879802612,0.0044734332662530185,0.027474740596802216,0.027474740596802216,0.1052694814506234,1936
1_1_4,0.0626722855348765,0.05177077094413799,-0.010901514590738508,0.010901514590738508,0.09902284860218252,0.0625936458965297,-0.03642920270565282,-0.023780635955934326,0.023780635955934326,0.10524173026562791,1937
11_0_31,0.1452359394646912,0.1240657514387219,-0.021170188025969316,0.021170188025969316,0.20008262275033692,0.21263524165074388,0.012552618900406959,-0.022457812893984606,0.022457812893984606,0.10522295667449975,1938
22_1_6,0.17833503748526677,0.15643815490800253,-0.021896882577264243,0.021896882577264243,0.21749576640592644,0.22954847755276628,0.01205271114683984,-0.021377322962266437,0.021377322962266437,0.1051656493195241,1939
13_2_1,0.07248125705774022,0.09025349087737218,0.017772233819631958,0.017772233819631958,0.10101071746602718,0.09898779359475278,-0.0020229238712743958,0.037477917971766875,0.037477917971766875,0.10509818207962726,1940
19_2_5,0.235458118349526,0.2130938868207508,-0.022364231528775202,0.022364231528775202,0.22387368858540554,0.2129818339851366,-0.010891854600268952,-0.021317282013707237,0.021317282013707237,0.10508138954406428,1941
10_2_5,0.16023955220813316,0.17376912111090329,0.013529568902770128,0.013529568902770128,0.15466717113598008,0.11873547679321457,-0.03593169434276551,0.01881018756304662,0.01881018756304662,0.10500679678115957,1942
1_0_8,0.06017665070821129,0.04665529744783111,-0.013521353260380183,0.013521353260380183,0.0851960342042052,0.06848144473563458,-0.016714589468570615,-0.03406707469126295,0.03406707469126295,0.10492111656717304,1943
8_0_9,0.13620774144726583,0.15398026608537388,0.01777252463810805,0.01777252463810805,0.17812877189085555,0.20041308018859638,0.022284308297740835,0.02110970627241341,0.02110970627241341,0.10476540311992387,1944
20_1_12,0.1112724724058606,0.1268609185481073,0.015588446142246692,0.015588446142246692,0.14239279888511644,0.1673175089481393,0.024924710063022854,0.023098993624086867,0.023098993624086867,0.10443910996217154,1945
14_1_8,0.12294847389438286,0.13983447139694022,0.016885997502557357,0.016885997502557357,0.13766113089317877,0.15577506870782235,0.01811393781464357,0.02594082846272801,0.02594082846272801,0.10442021331653492,1946
23_2_7,0.08829335103487049,0.07674345617443609,-0.011549894860434395,0.011549894860434395,0.12719309144201596,0.08788955757348661,-0.03930353386852935,-0.01957935734907037,0.01957935734907037,0.10435025078285748,1947
25_2_31,0.11357530396469208,0.1307168580741207,0.017141554109428622,0.017141554109428622,0.13610838364108607,0.15249524234017728,0.016386858699091206,0.026649122883074867,0.026649122883074867,0.10419205932819958,1948
3_2_29,0.12059466032766117,0.10380944281237985,-0.016785217515281323,0.016785217515281323,0.16537574098893654,0.14226049516036246,-0.023115245828574077,-0.021744707282412366,0.021744707282412366,0.10383486209086541,1949
21_0_31,0.0838408524137629,0.0693388700251294,-0.01450198238863351,0.01450198238863351,0.1216451445612102,0.09776684715926352,-0.023878297401946677,-0.02559636388170034,0.02559636388170034,0.10375120459086376,1950
19_1_21,0.08185376378906656,0.09947428267442837,0.017620518885361813,0.017620518885361813,0.10489958640366552,0.10819630496406128,0.0032967185603957616,0.03569477279070813,0.03569477279070813,0.10358428814374399,1951
3_2_0,0.18859011993841265,0.2077483712275328,0.01915825128912016,0.01915825128912016,0.18289580488731333,0.16673460747812888,-0.016161197409184452,0.022391987837348994,0.022391987837348994,0.10356057843828198,1952
5_1_14,0.2869535714044599,0.3046773284029361,0.017723756998476226,0.017723756998476226,0.15168266380464918,0.1353707150921858,-0.016311948712463387,0.024997379977149792,0.024997379977149792,0.10340014857810775,1953
21_0_14,0.36894369530820237,0.38877466513581316,0.01983096982761079,0.01983096982761079,0.21582271572624612,0.19830996197751805,-0.01751275374872807,0.019636983910676867,0.019636983910676867,0.10306835857270999,1954
9_1_31,0.10177144513561906,0.08457303471240901,-0.017198410423210048,0.017198410423210048,0.11477169732088575,0.10634812260639928,-0.008423574714486473,-0.03200322734006504,0.03200322734006504,0.10295456395620918,1955
3_2_26,0.09128410207122281,0.10848419771328544,0.017200095642062624,0.017200095642062624,0.11940391766916968,0.1094582078723346,-0.009945709796835081,0.030779341901815662,0.030779341901815662,0.1029424026272901,1956
21_1_7,0.10729908802809796,0.11405154431588545,0.006752456287787492,0.006752456287787492,0.11514700751769731,0.17443150424234496,0.05928449672464765,0.012119391202479374,0.012119391202479374,0.10287156132235653,1957
9_1_13,0.0973319563532258,0.11120131511698009,0.013869358763754294,0.013869358763754294,0.11433146157912087,0.13901080624950343,0.02467934467038256,0.02553608261848685,0.02553608261848685,0.10279631173867437,1958
27_2_15,0.17548577156784098,0.15581391511458437,-0.019671856453256614,0.019671856453256614,0.2310730032415951,0.21173739213842474,-0.019335611103170364,-0.018196354912143185,0.018196354912143185,0.10263776633900923,1959
22_2_16,0.1167839719415559,0.13591784008815624,0.01913386814660034,0.01913386814660034,0.16622670017732294,0.15362691838250736,-0.012599781794815579,0.024591202417006713,0.024591202417006713,0.10259101914506433,1960
11_1_25,0.0825706642551201,0.09997774039250394,0.017407076137383848,0.017407076137383848,0.12746353368927388,0.11637508591911636,-0.011088447770157522,0.02918624361636665,0.02918624361636665,0.10255495046071314,1961
18_0_25,0.0643071720382006,0.05257678814597203,-0.011730383892228573,0.011730383892228573,0.09758158764815897,0.06834046384709459,-0.029241123801064375,-0.02590763948236496,0.02590763948236496,0.1024719638161897,1962
2_1_10,0.09274614632966668,0.07539744264545539,-0.017348703684211292,0.017348703684211292,0.10826947598002287,0.10339699339241266,-0.004872482587610208,-0.03417547797509541,0.03417547797509541,0.1024479225181124,1963
22_1_29,0.1328806537485441,0.11640887605886012,-0.016471777689683983,0.016471777689683983,0.18642231617997587,0.16029114969140462,-0.02613116648857125,-0.018930975553073225,0.018930975553073225,0.10237265145733644,1964
3_0_11,0.07464270806233328,0.0622791530698066,-0.012363554992526678,0.012363554992526678,0.10326134554501347,0.0755380604424505,-0.027723285102562972,-0.025776142636217254,0.025776142636217254,0.10234869619899029,1965
28_1_17,0.08818781691306979,0.10428025509602783,0.016092438182958038,0.016092438182958038,0.12662054472112214,0.1436204300392896,0.016999885318167457,0.0268728415447127,0.0268728415447127,0.10226027391840278,1966
24_0_27,0.13521733861641633,0.12310717917387684,-0.012110159442539487,0.012110159442539487,0.1540235322215863,0.11465924154453493,-0.03936429067705137,-0.016922166217088253,0.016922166217088253,0.1022261256641462,1967
21_1_6,0.090587111461749,0.07870307803271988,-0.01188403342902912,0.01188403342902912,0.12681063661892686,0.0910953759328868,-0.03571526068604006,-0.020187301923393144,0.020187301923393144,0.10210181053305267,1968
0_2_30,0.07887095366525329,0.09803342997100849,0.019162476305755197,0.019162476305755197,0.1252151823325755,0.12331817866691798,-0.0018970036656575234,0.03259647640110384,0.03259647640110384,0.10193976278466091,1969
16_1_5,0.17903038318412803,0.19904868559974243,0.020018302415614392,0.020018302415614392,0.13706372275950263,0.13565607216128617,-0.0014076505982164589,0.031102955626682263,0.031102955626682263,0.10167134899678656,1970
16_2_19,0.09238130354772174,0.07918927944535123,-0.013192024102370511,0.013192024102370511,0.12137302622949851,0.0934408125620946,-0.027932213667403907,-0.023367886783110962,0.023367886783110962,0.10149564764863539,1971
22_2_18,0.10750740273909017,0.08946924967677414,-0.01803815306231603,0.01803815306231603,0.1482497829190403,0.13576380361047297,-0.012485979308567347,-0.026002895219316126,0.026002895219316126,0.1013913528559115,1972
25_1_25,0.12292358451283861,0.14299551489065693,0.02007193037781832,0.02007193037781832,0.15092593348986685,0.14647555285726777,-0.004450380632599088,0.028349672043265415,0.028349672043265415,0.10135351532139211,1973
3_1_30,0.09692193593322841,0.1163395454757582,0.019417609542529787,0.019417609542529787,0.13898931752914187,0.1433339861056773,0.0043446685765354265,0.029693605067293415,0.029693605067293415,0.1013038507778634,1974
25_0_20,0.14386991125645693,0.12316499911781613,-0.0207049121386408,0.0207049121386408,0.19032414255909566,0.19973023948516425,0.009406096926068586,-0.02310545084772369,0.02310545084772369,0.10128873774251149,1975
28_1_1,0.08553474394692691,0.06920187931496188,-0.016332864631965024,0.016332864631965024,0.13041359305482636,0.11488255549955499,-0.015531037555271368,-0.02680450541984476,0.02680450541984476,0.10118116884989978,1976
24_1_30,0.14860780222896056,0.1268776406382993,-0.021730161590661268,0.021730161590661268,0.21176817577432533,0.20352939434309023,-0.008238781431235104,-0.0218869012877626,0.0218869012877626,0.1011200555564178,1977
20_1_10,0.20629520126184697,0.222780819386049,0.016485618124202017,0.016485618124202017,0.15798985899349216,0.1789118433203334,0.020921984326841253,0.022068123712895557,0.022068123712895557,0.10098053656904123,1978
3_0_21,0.15926490879139482,0.14487342183481086,-0.01439148695658396,0.01439148695658396,0.1652255261643511,0.13494504897494738,-0.030280477189403715,-0.018694708845986088,0.018694708845986088,0.10088704023833044,1979
17_1_0,0.13542490123298803,0.15398898984941703,0.018564088616428998,0.018564088616428998,0.14614617250376677,0.15562838574457083,0.00948221324080406,0.02695523544447046,0.02695523544447046,0.10082700088196996,1980
28_1_7,0.09744411134002635,0.08099656955511182,-0.016447541784914532,0.016447541784914532,0.13767430867890423,0.1212344791350444,-0.016439829543859835,-0.025570330109490676,0.025570330109490676,0.10077954282127889,1981
14_2_18,0.12049193211737423,0.13598213488806293,0.015490202770688702,0.015490202770688702,0.12406277182972279,0.1417971721699628,0.01773440034024,0.02638854266235729,0.02638854266235729,0.10071511871700017,1982
15_1_0,0.050691619078259115,0.04064281138439856,-0.010048807693860552,0.010048807693860552,0.07954312287708326,0.04947520765556223,-0.03006791522152103,-0.027294810795944095,0.027294810795944095,0.10065640332184875,1983
10_0_8,0.07434341446820966,0.09115975983679361,0.01681634536858395,0.01681634536858395,0.10493113891821591,0.1003414010967739,-0.004589737821442008,0.03417871458832819,0.03417871458832819,0.10064201091154296,1984
14_0_3,0.11112536263133613,0.09557246537691429,-0.01555289725442184,0.01555289725442184,0.16426723871422025,0.13915364636027913,-0.025113592353941117,-0.020295811712114722,0.020295811712114722,0.10058319460875055,1985
3_2_8,0.16293000174274383,0.18271316244566466,0.019783160702920827,0.019783160702920827,0.1522127361770155,0.1469516468557888,-0.0052610893212267085,0.027712592285695826,0.027712592285695826,0.100556288460725,1986
14_1_17,0.15360517444480862,0.16083322593166563,0.007228051486857012,0.007228051486857012,0.1653607064542157,0.22509903310569535,0.059738326651479656,0.009124736881295345,0.009124736881295345,0.10047550948244581,1987
8_0_25,0.14486230684521387,0.123135752674288,-0.021726554170925866,0.021726554170925866,0.20444971724567196,0.21101361413180586,0.006563896886133902,-0.02258996882867571,0.02258996882867571,0.10021714544683086,1988
10_0_9,0.12423747630880957,0.11430270435724141,-0.009934771951568167,0.009934771951568167,0.14192630660910222,0.09667081965771256,-0.04525548695138966,-0.015099277827531685,0.015099277827531685,0.10019128855944115,1989
29_2_27,0.037886228355113606,0.04813577486898245,0.010249546513868842,0.010249546513868842,0.08285185339829801,0.05338748266169022,-0.029464370736607785,0.026710117908504454,0.026710117908504454,0.09971051588556046,1990
23_0_31,0.03044505636068811,0.04229127658610976,0.011846220225421651,0.011846220225421651,0.06015750653822808,0.05410784202560277,-0.0060496645126253065,0.04209057206087205,0.04209057206087205,0.09956430317283628,1991
1_2_4,0.062145234699469254,0.07553072823121551,0.013385493531746256,0.013385493531746256,0.10652584689733084,0.08543563210560372,-0.021090214791727124,0.02697974057625575,0.02697974057625575,0.09943814023181738,1992
15_1_1,0.10027413842404194,0.1168759734589628,0.016601835034920867,0.016601835034920867,0.13506390173345564,0.14918756682274337,0.014123665089287724,0.026031637783867374,0.026031637783867374,0.09925375171340425,1993
24_1_22,0.12480141983999214,0.14403135150859678,0.019229931668604636,0.019229931668604636,0.14963597036334197,0.1438322446088192,-0.005803725754522787,0.027407047694721447,0.027407047694721447,0.09918523484815808,1994
28_1_31,0.10411593943376213,0.12096153776117247,0.016845598327410338,0.016845598327410338,0.14962799712093572,0.16567690912213445,0.016048912001198734,0.023840818759245527,0.023840818759245527,0.09900523855770405,1995
22_1_18,0.06875955102840099,0.08459605576278759,0.015836504734386594,0.015836504734386594,0.08737929644478169,0.08733160113159642,-4.769531318526976e-05,0.03856865767073086,0.03856865767073086,0.09899160781988142,1996
5_0_28,0.16996481779030415,0.18252877189100303,0.012563954100698882,0.012563954100698882,0.1690837069197839,0.20597834916596033,0.036894642246176446,0.01564296301796024,0.01564296301796024,0.09890198700498035,1997
6_2_23,0.10345057207740355,0.12161541879923177,0.01816484672182822,0.01816484672182822,0.14504019869720275,0.15424290423776718,0.009202705540564432,0.02657883849503851,0.02657883849503851,0.09886018858462776,1998
29_2_7,0.11445457826470505,0.12854664490317694,0.014092066638471887,0.014092066638471887,0.12162783104390759,0.10019895418172983,-0.02142887686217776,0.02485716147707115,0.02485716147707115,0.09879430823705518,1999
15_1_13,0.12252704498967662,0.14180954891709857,0.01928250392742195,0.01928250392742195,0.17432144531764007,0.1842988646111238,0.009977419293483725,0.023484124522125557,0.023484124522125557,0.09848334786893903,2000
3_2_9,0.28469961269866184,0.29592646542539774,0.011226852726735903,0.011226852726735903,0.20181306523589088,0.15794695625796645,-0.04386610897792442,0.011956868431143311,0.011956868431143311,0.09779577704819403,2001
24_2_25,0.21904042174728924,0.2339377076579095,0.014897285910620256,0.014897285910620256,0.17485902142424942,0.14804338579640627,-0.026815635627843143,0.01826377760066031,0.01826377760066031,0.09778773947889739,2002
5_1_2,0.16019810409251023,0.17799649175999419,0.017798387667483956,0.017798387667483956,0.11687990938938542,0.11522456199343936,-0.0016553473959460552,0.032433884543735,0.032433884543735,0.09761478150585667,2003
19_0_27,0.10222855783400178,0.12030010811845442,0.018071550284452634,0.018071550284452634,0.13777937560866135,0.13123324738945383,-0.006546128219207525,0.027983249975964204,0.027983249975964204,0.09759225207588858,2004
18_0_30,0.11548787798192783,0.13026559776374616,0.014777719781818327,0.014777719781818327,0.12345530945567318,0.1058259677458171,-0.017629341709856083,0.025645448098482303,0.025645448098482303,0.09754801975803634,2005
5_1_22,0.15015924692481683,0.1302922369340715,-0.019867009990745338,0.019867009990745338,0.20191793088788096,0.19113724150039166,-0.0107806893874893,-0.021000754570002233,0.021000754570002233,0.0975104173050306,2006
12_1_4,0.2052617584026503,0.22509306644073618,0.019831308038085887,0.019831308038085887,0.15587036866965695,0.1590971612171346,0.0032267925474776527,0.027057790875179875,0.027057790875179875,0.09747046456313752,2007
22_1_7,0.1373636625063291,0.1567274250872557,0.01936376258092662,0.01936376258092662,0.14256089351646592,0.14056902662431653,-0.001991866892149391,0.028932789987676948,0.028932789987676948,0.09742302052863872,2008
28_0_31,0.33813955653888655,0.35563013164108626,0.0174905751021997,0.0174905751021997,0.20297260198654893,0.18314804623648906,-0.01982455575005987,0.018429706472713563,0.018429706472713563,0.09740729504766575,2009
5_1_30,0.11487102902014414,0.1320498649462433,0.01717883592609916,0.01717883592609916,0.18367127079170506,0.20243374247339208,0.018762471681687015,0.01981315941761606,0.01981315941761606,0.09729528212437215,2010
16_0_27,0.10129947135777256,0.11806208960938722,0.016762618251614653,0.016762618251614653,0.12478435633767593,0.11630809550797383,-0.008476260829702098,0.028685339298211557,0.028685339298211557,0.09709476216423266,2011
25_0_10,0.1820573611445012,0.19246050185659133,0.010403140712090142,0.010403140712090142,0.15568918402840906,0.11352022720231501,-0.04216895682609405,0.014389789366374037,0.014389789366374037,0.09701919652566063,2012
5_0_24,0.1362438152037799,0.11794024368981357,-0.018303571513966332,0.018303571513966332,0.19535008963520703,0.17991285610800536,-0.015437233527201666,-0.02002194431006651,0.02002194431006651,0.09699352001165558,2013
13_0_0,0.11927405426540577,0.14002150225889765,0.020747447993491874,0.020747447993491874,0.17004352635541622,0.17187655953608458,0.001833033180668353,0.025961504635054033,0.025961504635054033,0.0969138682930243,2014
7_0_29,0.10942348424844621,0.12571632247614056,0.016292838227694353,0.016292838227694353,0.12361959153312793,0.11356217864056847,-0.010057412892559459,0.028161318531266414,0.028161318531266414,0.09681904680809938,2015
14_1_27,0.13165573695282298,0.14642333875684618,0.0147676018040232,0.0147676018040232,0.10840645578044085,0.09580798863447018,-0.012598467145970668,0.02915020205422448,0.02915020205422448,0.09681032603590897,2016
7_0_22,0.056043754987352694,0.06829649857072176,0.012252743583369065,0.012252743583369065,0.0643807293024405,0.06915775667053396,0.004777027368093462,0.040349087301936294,0.040349087301936294,0.0968026827656654,2017
0_0_11,0.09198201217907806,0.08265406466248251,-0.009327947516595547,0.009327947516595547,0.13100799020998508,0.08764264065430216,-0.043365349555682914,-0.015364619886394051,0.015364619886394051,0.09673561264958487,2018
0_2_21,0.2733674439188517,0.2630820278641084,-0.010285416054743313,0.010285416054743313,0.2174667118571256,0.17015471341283006,-0.04731199844429554,-0.010165989932826911,0.010165989932826911,0.09650696912455674,2019
26_1_14,0.0834547139236614,0.07803612814140322,-0.0054185857822581784,0.0054185857822581784,0.09799300290825018,0.1558751860927043,0.05788218318445411,-0.011368028269575725,0.011368028269575725,0.09648899166920721,2020
4_1_3,0.17926059095274063,0.1954337575432311,0.01617316659049048,0.01617316659049048,0.18590295604981613,0.2080631080305207,0.022160151980704562,0.018413412883484952,0.018413412883484952,0.09632597161524586,2021
2_2_24,0.046009090318157225,0.055125340392361666,0.00911625007420444,0.00911625007420444,0.08487125579048303,0.05129297087120786,-0.03357828491927517,0.023221962064103926,0.023221962064103926,0.09623394205266911,2022
21_1_28,0.22217534004296677,0.23826385809568934,0.016088518052722572,0.016088518052722572,0.20929185140845535,0.18469957438539827,-0.02459227702305708,0.016455080600182418,0.016455080600182418,0.09605789097342772,2023
20_2_7,0.09129493753601574,0.08008388959075284,-0.011211047945262897,0.011211047945262897,0.13247546229490453,0.09813000490830105,-0.03434545738660348,-0.01821595330150743,0.01821595330150743,0.09588027545970837,2024
24_0_24,0.06700837294514633,0.05636222812276822,-0.010646144822378113,0.010646144822378113,0.09874621331654523,0.06942771834204611,-0.02931849497449912,-0.02323501994735882,0.02323501994735882,0.0957366748000896,2025
10_0_1,0.11731262764236351,0.127657593138916,0.010344965496552491,0.010344965496552491,0.12970550588355573,0.16781401917507524,0.038108513291519513,0.01671653923597619,0.01671653923597619,0.09557291204029789,2026
20_0_23,0.21503735300300775,0.2001909853811862,-0.014846367621821538,0.014846367621821538,0.20227788163222107,0.23063080686381043,0.02835292523158936,-0.015517981624095803,0.015517981624095803,0.09549026479650106,2027
9_0_19,0.05821777353225624,0.07003292060585926,0.011815147073603025,0.011815147073603025,0.06031589988799083,0.05744220433913601,-0.002873695548854825,0.041772240014712504,0.041772240014712504,0.09544576313753622,2028
28_2_3,0.07892924789238913,0.09197314160426014,0.013043893711871007,0.013043893711871007,0.09677807531942352,0.08097875127357881,-0.015799324045844707,0.028897981575985138,0.028897981575985138,0.09523197597970742,2029
2_2_17,0.11086205729081003,0.09743784754867484,-0.013424209742135193,0.013424209742135193,0.11995397242390579,0.09906198610112268,-0.020891986322783107,-0.024008110069833537,0.024008110069833537,0.09511535759808457,2030
8_2_11,0.07748773734396112,0.09429918769030889,0.01681145034634776,0.01681145034634776,0.10853376842409761,0.10976391675039317,0.0012301483262955604,0.03295068952400771,0.03295068952400771,0.09510169328433248,2031
15_0_21,0.11213356328690204,0.1224590573330622,0.010325494046160164,0.010325494046160164,0.12317918420554856,0.08714302849551529,-0.03603615571003327,0.018064499458584897,0.018064499458584897,0.09509057912321821,2032
3_1_31,0.07294421530914423,0.0620082377594781,-0.010935977549666132,0.010935977549666132,0.09370558527028923,0.06809751544949595,-0.025608069820793278,-0.025129609280541393,0.025129609280541393,0.0950482334306563,2033
2_0_0,0.09307445014186749,0.11095948156012651,0.01788503141825902,0.01788503141825902,0.12340800456140877,0.12230029442045941,-0.0011077101409493612,0.03086171358352004,0.03086171358352004,0.09501396927572345,2034
10_1_18,0.22675782667042324,0.24402477931779284,0.017266952647369604,0.017266952647369604,0.17126417558110307,0.15696590687863926,-0.014298268702463812,0.021547894928112116,0.021547894928112116,0.09496542382667218,2035
16_1_4,0.3406623111512312,0.36109850109707226,0.020436189945841066,0.020436189945841066,0.23788157490379333,0.22769761557276244,-0.01018395933103089,0.01832863031319175,0.01832863031319175,0.09464885120547263,2036
8_2_26,0.0761227526249676,0.09281134348795342,0.016688590862985825,0.016688590862985825,0.11795857645156244,0.12269456807822843,0.004735991626665992,0.030056903844414368,0.030056903844414368,0.09461250997820464,2037
21_2_6,0.11276311937291598,0.12970705621407908,0.01694393684116309,0.01694393684116309,0.13432488067882337,0.14233701441874144,0.008012133739918076,0.026775105819554494,0.026775105819554494,0.09437469949197431,2038
6_2_29,0.04176516897650697,0.03357747125608234,-0.00818769772042463,0.00818769772042463,0.07800161507360466,0.043208260943401224,-0.03479335413020344,-0.022726370929275715,0.022726370929275715,0.09430022384901315,2039
21_2_29,0.1112572557052683,0.12731803342496817,0.016060777719699867,0.016060777719699867,0.1361045303091515,0.1484388293461599,0.01233429903700839,0.02500941501622569,0.02500941501622569,0.09427280518773568,2040
5_1_7,0.11685812417886308,0.09877030716478616,-0.018087817014076926,0.018087817014076926,0.15681729124612157,0.14908562948261758,-0.007731661763503983,-0.024612351675396275,0.024612351675396275,0.09420131753166201,2041
7_1_29,0.0661453896918903,0.05631320610064242,-0.009832183591247871,0.009832183591247871,0.09430180530879975,0.06347082774556036,-0.030830977563239395,-0.022492970404197173,0.022492970404197173,0.09411038649795953,2042
14_0_7,0.09485846685737809,0.10645959317777223,0.011601126320394145,0.011601126320394145,0.11199770539522455,0.139267942818043,0.02727023742281845,0.021772455753858656,0.021772455753858656,0.09403236468456483,2043
13_1_31,0.13111413008340025,0.11137622774266542,-0.01973790234073483,0.01973790234073483,0.1901401966516753,0.1836913329576389,-0.006448863694036411,-0.02213639744627256,0.02213639744627256,0.09387281912777048,2044
11_2_30,0.10104257204046303,0.1166915899470222,0.015649017906559162,0.015649017906559162,0.13142399032885355,0.11919003713875966,-0.01223395319009389,0.0254572030102235,0.0254572030102235,0.0936399427687821,2045
28_0_16,0.16921011331802321,0.18805129342455923,0.018841180106536015,0.018841180106536015,0.1956599511869758,0.20617003383121335,0.010510082644237556,0.020449057943344968,0.020449057943344968,0.09354966225009438,2046
21_2_4,0.10153850708018874,0.11890196525456079,0.017363458174372043,0.017363458174372043,0.1407424734356958,0.14744681282656302,0.006704339390867231,0.026203019577362954,0.026203019577362954,0.0932657112715156,2047
11_2_12,0.18281436951524277,0.16602502527430035,-0.016789344240942417,0.016789344240942417,0.1713578569932052,0.1566627383284291,-0.014695118664776075,-0.020942777986773856,0.020942777986773856,0.09321771113742862,2048
20_2_16,0.12201710299937646,0.10550648627951378,-0.016510616719862675,0.016510616719862675,0.1657809538276143,0.15102837738959876,-0.01475257643801553,-0.02129077769003538,0.02129077769003538,0.09299423308437375,2049
4_0_25,0.053913470137054664,0.06457543355682939,0.010661963419774725,0.010661963419774725,0.08624480303912521,0.06366037125959091,-0.0225844317795343,0.02660751955786187,0.02660751955786187,0.09296414321378503,2050
24_0_0,0.08161658607298898,0.09567667709718466,0.014060091024195684,0.014060091024195684,0.12184085282009166,0.10538839845446206,-0.0164524543656296,0.02471598779166572,0.02471598779166572,0.09289418758414197,2051
7_1_5,0.07356388216432061,0.08793216528652074,0.014368283122200134,0.014368283122200134,0.11444146885931017,0.12773246226945054,0.013290993410140367,0.026572795453859675,0.026572795453859675,0.09282261736510569,2052
11_1_23,0.13302221306080858,0.11297515899674035,-0.02004705406406823,0.02004705406406823,0.18871629515038751,0.18470721557158848,-0.004009079578799035,-0.02263917766799741,0.02263917766799741,0.09270030614063085,2053
3_1_26,0.06005147181543738,0.0713829996203724,0.011331527804935015,0.011331527804935015,0.08916938398976824,0.10969987244659123,0.020530488456822982,0.02672805735696987,0.02672805735696987,0.09269530334830578,2054
15_1_7,0.14120074671722052,0.15404004917696393,0.012839302459743407,0.012839302459743407,0.2006335071659458,0.23391886964373765,0.03328536247779185,0.013511696987359075,0.013511696987359075,0.09258645206143194,2055
9_0_24,0.11733225591641336,0.10270315948028963,-0.014629096436123729,0.014629096436123729,0.16205105729092492,0.14053296844712831,-0.021518088843796607,-0.019335667700533004,0.019335667700533004,0.09258135498849236,2056
17_2_17,0.1405801959621356,0.15427609882042412,0.013695902858288506,0.013695902858288506,0.14513509314278863,0.12278560063211158,-0.022349492510677055,0.02022947282190456,0.02022947282190456,0.09216943279581999,2057
13_1_16,0.08032385020046481,0.09422519034399593,0.013901340143531116,0.013901340143531116,0.10645369415301852,0.09442809208558371,-0.012025602067434804,0.02794071792765296,0.02794071792765296,0.09202450139834709,2058
1_0_23,0.10401307262533209,0.09004714448913184,-0.013965928136200248,0.013965928136200248,0.12826456108888373,0.11068663501915786,-0.01757792606972587,-0.023323666016122617,0.023323666016122617,0.09192773359797375,2059
8_0_3,0.19973381653909356,0.21972488100207657,0.019991064462983016,0.019991064462983016,0.20500810491243468,0.1992736335083521,-0.005734471404082592,0.020789203996476602,0.020789203996476602,0.09186916442567625,2060
23_2_12,0.028149703796857682,0.021852125114099348,-0.006297578682758334,0.006297578682758334,0.07079906188128436,0.02920133691605376,-0.041597724965230606,-0.019324849511751913,0.019324849511751913,0.09185896794251719,2061
2_0_14,0.12679712848266425,0.14500416153719972,0.01820703305453547,0.01820703305453547,0.1444948033925861,0.14705194734108312,0.002557143948497015,0.026801413865403183,0.026801413865403183,0.09180108315233478,2062
4_1_9,0.09873882191661423,0.11283470871905366,0.014095886802439422,0.014095886802439422,0.10753113856874341,0.09631054567745032,-0.011220592891293096,0.028037428340533056,0.028037428340533056,0.09179897886437477,2063
5_1_1,0.10691007087399082,0.09314235566737258,-0.013767715206618236,0.013767715206618236,0.1391222445581404,0.11860991092649935,-0.020512333631641053,-0.021208318290919476,0.021208318290919476,0.09168539786727195,2064
26_1_0,0.16747245900798766,0.15085525483898393,-0.016617204169003724,0.016617204169003724,0.21884936171161712,0.19919024429510152,-0.019659117416515604,-0.016234268387647056,0.016234268387647056,0.09166480519602471,2065
26_0_20,0.04000108986443236,0.03308386700101768,-0.006917222863414681,0.006917222863414681,0.07736588602378544,0.03759551308299248,-0.03977037294079296,-0.01939286956387631,0.01939286956387631,0.09163135118612631,2066
11_1_11,0.1180965237608671,0.13080067576719903,0.012704152006331931,0.012704152006331931,0.13824613274932443,0.16358724292212687,0.02534111017280244,0.019382395002582205,0.019382395002582205,0.09156388097037388,2067
21_1_5,0.10267556641140127,0.11924443392847792,0.016568867517076646,0.016568867517076646,0.11755983907811021,0.11990727122769147,0.0023474321495812606,0.029972137328815155,0.029972137328815155,0.09146404652179421,2068
26_0_13,0.051105696504409215,0.058552464534925144,0.0074467680305159295,0.0074467680305159295,0.09259936114463396,0.13425220909415564,0.041652847949521676,0.016691261815422683,0.016691261815422683,0.09141213400150977,2069
27_0_2,0.17583106307417812,0.1939224592359934,0.018091396161815293,0.018091396161815293,0.14588809384336993,0.14293763832626924,-0.0029504555171006863,0.02642473687998384,0.02642473687998384,0.09138712541617768,2070
0_0_30,0.051076772378842825,0.05946881655447731,0.008392044175634487,0.008392044175634487,0.08561882075147702,0.12014415608786465,0.03452533533638763,0.020403626306912826,0.020403626306912826,0.09128167914083067,2071
17_0_25,0.12438524000956772,0.11193885994449033,-0.012446380065077381,0.012446380065077381,0.1413210036807097,0.11506410533752072,-0.026256898343188992,-0.018904628464997686,0.018904628464997686,0.09119756829973096,2072
15_2_6,0.11182726976271772,0.12253934006892162,0.0107120703062039,0.0107120703062039,0.16638681141133463,0.20367694270688982,0.037290131295555196,0.013549282401542516,0.013549282401542516,0.09119411419225489,2073
14_1_15,0.23713313491189703,0.22638105161742234,-0.01075208329447469,0.01075208329447469,0.16297762594475876,0.1265963766251805,-0.03638124931957826,-0.014182641576177794,0.014182641576177794,0.09117834925658719,2074
14_2_23,0.11823188985539013,0.1368056995838114,0.018573809728421264,0.018573809728421264,0.1542557228140489,0.15667683140742789,0.00242110859337899,0.025614506871310838,0.025614506871310838,0.09099481297037282,2075
9_1_20,0.12387871690464916,0.1344775945989342,0.010598877694285053,0.010598877694285053,0.11503669327226335,0.14503431767621042,0.02999762440394707,0.01934754861740854,0.01934754861740854,0.09086531325588969,2076
20_2_27,0.0830534558280013,0.09433202813700807,0.011278572309006765,0.011278572309006765,0.10624327600447861,0.13070306273906476,0.024459786734586153,0.022330305736502146,0.022330305736502146,0.09074982776609769,2077
0_1_23,0.081901302762568,0.07505747382689289,-0.006843828935675117,0.006843828935675117,0.11487290733606423,0.06754284386428638,-0.047330063471777845,-0.012888853412530718,0.012888853412530718,0.09073922352758823,2078
4_2_29,0.1382810210730391,0.15642890216549582,0.018147881092456714,0.018147881092456714,0.1623762528869141,0.1678882571027062,0.005512004215792093,0.023755477743088352,0.023755477743088352,0.09065377086463963,2079
6_1_12,0.09855635797441192,0.11453895551836091,0.015982597543948984,0.015982597543948984,0.12498233249710912,0.11864761700632807,-0.0063347154907810455,0.027287059769463214,0.027287059769463214,0.0905146671041829,2080
9_2_20,0.09051729914999773,0.10201880312989012,0.011501503979892386,0.011501503979892386,0.11836942903608288,0.09287057592713696,-0.025498853108945924,0.020879883542364443,0.020879883542364443,0.09049221555288743,2081
22_0_25,0.1502182798699275,0.12968527756162382,-0.020533002308303683,0.020533002308303683,0.21728126714515705,0.22130409202282314,0.004022824877666087,-0.020102589893452285,0.020102589893452285,0.09048570945841665,2082
0_2_24,0.08679397929636679,0.07304219696484732,-0.013751782331519469,0.013751782331519469,0.124940081094199,0.10852486052785318,-0.016415220566345826,-0.023571423710755907,0.023571423710755907,0.09036761638154733,2083
10_1_24,0.0887867142964387,0.07847652540580344,-0.010310188890635258,0.010310188890635258,0.1296132608864833,0.09660298340197478,-0.033010277484508535,-0.017119650198402395,0.017119650198402395,0.09029830321244181,2084
17_0_28,0.1490217410285797,0.13385495344747117,-0.015166787581108537,0.015166787581108537,0.17201153377894,0.1532832883003271,-0.018728245478612904,-0.018866616810289977,0.018866616810289977,0.09027846290232398,2085
5_2_7,0.14831434287161063,0.1361924544971064,-0.01212188837450423,0.01212188837450423,0.20979491689861118,0.17553602258767934,-0.03425889431093185,-0.012392570332329293,0.012392570332329293,0.09008912775855524,2086
14_1_31,0.10661740790090692,0.11534310309272741,0.008725695191820496,0.008725695191820496,0.11391264364919823,0.15157779320148662,0.03766514955228839,0.016019252597949025,0.016019252597949025,0.08954835650416737,2087
11_2_6,0.0923389607338358,0.1062292532736498,0.013890292539814011,0.013890292539814011,0.0952653793973257,0.10132839824898014,0.006063018851654445,0.030939278922277054,0.030939278922277054,0.08951699569087543,2088
6_1_30,0.1276588241294683,0.14287004147630517,0.015211217346836864,0.015211217346836864,0.13845918565924853,0.12631869984869556,-0.012140485810552964,0.02348328883937563,0.02348328883937563,0.08951277792366359,2089
7_2_12,0.12015552255576058,0.11043658159505268,-0.009718940960707897,0.009718940960707897,0.12214487351386856,0.08838981349307669,-0.03375506002079187,-0.017137907694342987,0.017137907694342987,0.08950712321161361,2090
19_0_28,0.10238234076553343,0.08562570013383768,-0.016756640631695754,0.016756640631695754,0.13842064212048844,0.13306167013672826,-0.005358971983760175,-0.025818058843454398,0.025818058843454398,0.08950343301244129,2091
15_0_24,0.05736029265822756,0.06954367675813038,0.012183384099902814,0.012183384099902814,0.08798873715511611,0.10027645482238072,0.012287717667264608,0.02926728969720551,0.02926728969720551,0.08938455469157928,2092
8_2_7,0.0994734936966319,0.11389571915450122,0.014422225457869323,0.014422225457869323,0.14706200054923074,0.12997603615121275,-0.01708596439801799,0.020989729840274977,0.020989729840274977,0.08934684878153779,2093
21_2_3,0.11144833808873927,0.12845074977766194,0.017002411688922664,0.017002411688922664,0.13544728861699556,0.1388840215606451,0.0034367329436495453,0.026690114014377878,0.026690114014377878,0.0892597101580519,2094
8_2_23,0.1437264351107673,0.15731376415471282,0.013587329043945523,0.013587329043945523,0.19857190476367614,0.1716112858348352,-0.02696061892884094,0.014658802167797205,0.014658802167797205,0.08917599724326798,2095
10_2_27,0.09852667307975926,0.11570976208070141,0.017183089000942148,0.017183089000942148,0.14038365939752454,0.1437533181230916,0.0033696587255670762,0.026027439870610587,0.026027439870610587,0.08875202696810831,2096
22_1_11,0.1486500540036463,0.1616434609181298,0.012993406914483502,0.012993406914483502,0.179496005808286,0.2066995426824296,0.02720353687414359,0.015295626969821017,0.015295626969821017,0.08868738194828081,2097
10_2_2,0.032595797927066766,0.04153872275597621,0.008942924828909446,0.008942924828909446,0.06087948796897192,0.04438717201190449,-0.016492315957067433,0.03162171763246559,0.03162171763246559,0.08837875829087338,2098
19_2_3,0.09123373214599097,0.08125828079852215,-0.009975451347468814,0.009975451347468814,0.12245044796359036,0.09091107779348745,-0.031539370170102915,-0.017534448529031983,0.017534448529031983,0.08828932428950076,2099
5_0_19,0.20645822780504805,0.22581236025205312,0.019354132447005068,0.019354132447005068,0.19786204141647817,0.19389927286371045,-0.003962768552767726,0.020846011576382037,0.020846011576382037,0.08816737101907206,2100
1_1_27,0.10533608180237197,0.12170364937542097,0.016367567573048997,0.016367567573048997,0.14412828715569864,0.15139035197846712,0.007262064822768477,0.024117851851189098,0.024117851851189098,0.08815137552600291,2101
0_0_1,0.09950244583903178,0.08541216685236191,-0.014090278986669869,0.014090278986669869,0.1443905846708257,0.16166247687468238,0.017271892203856692,-0.020652741750799286,0.020652741750799286,0.08814915772479827,2102
16_0_29,0.10594822376019426,0.12032951998098576,0.014381296220791498,0.014381296220791498,0.1281387215255511,0.14044319232271144,0.012304470797160322,0.023780403790496677,0.023780403790496677,0.08779285630769462,2103
0_0_14,0.17988960480162322,0.1646064004678634,-0.01528320433375982,0.01528320433375982,0.17440252221669442,0.15802463477678064,-0.01637788743991378,-0.018738720617851017,0.018738720617851017,0.08777368452435369,2104
25_0_2,0.06307142503564273,0.07697325971442122,0.013901834678778494,0.013901834678778494,0.09139699071529034,0.09404361236423156,0.002646621648941222,0.03232973616607939,0.03232973616607939,0.08766641542246464,2105
27_1_29,0.15267405785199348,0.169001030273252,0.016326972421258523,0.016326972421258523,0.13553711381258815,0.1305795276535127,-0.004957586159075461,0.025688791031298206,0.025688791031298206,0.08766388365497653,2106
15_0_0,0.1239752082161407,0.10892324054007403,-0.015051967676066674,0.015051967676066674,0.1734450019941203,0.15664151028929074,-0.01680349170482956,-0.018559544229076932,0.018559544229076932,0.08735187128414468,2107
16_1_7,0.12812025678013853,0.14173183966560066,0.013611582885462131,0.013611582885462131,0.10279939455714505,0.09465003693613881,-0.008149357621006242,0.028289165219238372,0.028289165219238372,0.08733573380391085,2108
11_0_0,0.12530228174341362,0.13879041932666356,0.013488137583249932,0.013488137583249932,0.1720332632268542,0.195127522170097,0.023094258943242796,0.0165818504247034,0.0165818504247034,0.08726196464376634,2109
29_2_29,0.10558850184965694,0.09401130644199991,-0.011577195407657032,0.011577195407657032,0.157501065853011,0.12871638650455888,-0.028784679348452108,-0.01577695394311495,0.01577695394311495,0.08718322367169719,2110
29_2_30,0.08430665648188347,0.07446898125812101,-0.009837675223762457,0.009837675223762457,0.106535837763388,0.07866751730847936,-0.02786832045490864,-0.019877443436491535,0.019877443436491535,0.08708201203386792,2111
14_0_6,0.0374576788610764,0.04298158176346032,0.005523902902383922,0.005523902902383922,0.08664879504243761,0.0404785960631386,-0.04617019897929901,0.013834888527594619,0.013834888527594619,0.0870725612173902,2112
11_0_15,0.0755747618056692,0.06843032781939506,-0.007144433986274137,0.007144433986274137,0.11225991913968743,0.07029170699869586,-0.04196821214099157,-0.013752345391685492,0.013752345391685492,0.08675906542372874,2113
26_1_17,0.10710972124552898,0.1131335722298531,0.0060238509843241195,0.0060238509843241195,0.13751598395404838,0.1880262511164303,0.05051026716238191,0.009140892431036924,0.009140892431036924,0.08672001359180244,2114
28_2_19,0.14703842736389897,0.1611367609409537,0.014098333577054728,0.014098333577054728,0.14236043839704107,0.12726573120603546,-0.015094707191005613,0.02118669528890927,0.02118669528890927,0.08647314896970339,2115
20_1_28,0.10127697816951788,0.10691945293891177,0.00564247476939389,0.00564247476939389,0.13757839025961419,0.1895172870371079,0.05193889677749372,0.008552851495450651,0.008552851495450651,0.08642940225268585,2116
5_1_11,0.13894536342933272,0.125931607165503,-0.013013756263829723,0.013013756263829723,0.13296255013269173,0.15129956975445585,0.018337019621764122,-0.02069419136179111,0.02069419136179111,0.08639220306226975,2117
17_0_30,0.0921196887043172,0.1064839638027582,0.014364275098440987,0.014364275098440987,0.12424838066296183,0.11437591046195573,-0.009872470201006095,0.02470243970460857,0.02470243970460857,0.08630881161582307,2118
26_0_17,0.07212501830984222,0.06196814897541669,-0.010156869334425528,0.010156869334425528,0.09067399982113236,0.06993698054781733,-0.020737019273315033,-0.02408111417633768,0.02408111417633768,0.0858886280738615,2119
26_1_13,0.21597755882131953,0.22932815719147256,0.013350598370153038,0.013350598370153038,0.1833417624816537,0.16001843282482417,-0.02332332965682954,0.015594081598753876,0.015594081598753876,0.08573616712202385,2120
3_1_15,0.11449444036101912,0.10657943316063678,-0.007915007200382337,0.007915007200382337,0.14278612349113554,0.10150285013548864,-0.041283273355646896,-0.011945550709964269,0.011945550709964269,0.08558766338841382,2121
1_1_1,0.15140540921354143,0.1364160848249279,-0.014989324388613529,0.014989324388613529,0.15797248420934856,0.14490373162315157,-0.013068752586196997,-0.020279316942602897,0.020279316942602897,0.0854008100553303,2122
20_0_28,0.12076066707787841,0.13186639916182918,0.01110573208395077,0.01110573208395077,0.11845931764003989,0.09560411483536915,-0.022855202804670738,0.02012894843987965,0.02012894843987965,0.08533935567764774,2123
0_2_13,0.1818589494046965,0.19501409953875914,0.013155150134062654,0.013155150134062654,0.16541715034354748,0.18716273942440678,0.0217455890808593,0.016821755633902015,0.016821755633902015,0.08514805947774713,2124
28_0_14,0.10644862650429357,0.09643741632726723,-0.010011210177026345,0.010011210177026345,0.11433290071285698,0.08732351752313491,-0.02700938318972207,-0.018831537900816982,0.018831537900816982,0.08511888736064122,2125
0_2_20,0.054416359190887276,0.06133696302965931,0.006920603838772035,0.006920603838772035,0.07860573933381168,0.04437667935496495,-0.03422905997884673,0.019057595036677297,0.019057595036677297,0.08491857879668425,2126
18_1_7,0.06671968508151432,0.0774299727916262,0.010710287710111871,0.010710287710111871,0.0994337613277483,0.07993076124080911,-0.019503000086939185,0.02312791475467432,0.02312791475467432,0.08469835896219854,2127
10_0_23,0.06859719414539502,0.07878027098940274,0.010183076844007724,0.010183076844007724,0.12071816149526134,0.14822255131144058,0.02750438981617924,0.017747920366717553,0.017747920366717553,0.08462418024576832,2128
10_1_15,0.10638062576667479,0.12354246336057015,0.017161837593895363,0.017161837593895363,0.14913633447632682,0.15072156827554353,0.001585233799216712,0.02448639829766808,0.02448639829766808,0.08449855626987973,2129
4_0_4,0.240679201364766,0.25015937488672,0.009480173521954016,0.009480173521954016,0.15888647020903726,0.12369973795550591,-0.03518673225353135,0.012826282647098442,0.012826282647098442,0.08434701347759041,2130
9_1_28,0.08103008355494273,0.07177400265939934,-0.00925608089554339,0.00925608089554339,0.11454247490686982,0.08472104160143948,-0.029821433305430342,-0.017395029760313315,0.017395029760313315,0.08413929567856065,2131
24_0_2,0.11407145957766414,0.12256363529300056,0.00849217571533642,0.00849217571533642,0.1572971950927904,0.1965384435190864,0.039241248426296005,0.011345904479185225,0.011345904479185225,0.08405359085236183,2132
8_1_28,0.08720099737759426,0.09767535573996775,0.010474358362373482,0.010474358362373482,0.11927797638524773,0.14451556478889044,0.025237588403642708,0.018492815725079745,0.018492815725079745,0.08393945200000043,2133
15_2_3,0.11310355908794008,0.09797650028327942,-0.015127058804660656,0.015127058804660656,0.12623590454592223,0.12146585961436686,-0.004770044931555376,-0.0255560355041349,0.0255560355041349,0.08390219501360538,2134
6_0_6,0.05437376981001746,0.062063761838236677,0.007689992028219218,0.007689992028219218,0.08714710475003112,0.0558922707981623,-0.03125483395186882,0.019057401040193482,0.019057401040193482,0.08372093576348627,2135
16_0_17,0.11251060181577072,0.12289759793461649,0.010386996118845776,0.010386996118845776,0.12525120204065124,0.09920840095647361,-0.026042801084177628,0.017816500579444564,0.017816500579444564,0.08364483407135895,2136
18_1_0,0.09406166963827284,0.08127131486857281,-0.01279035476970003,0.01279035476970003,0.11999132436585432,0.10621375665356488,-0.01377756771228944,-0.022812101218725376,0.022812101218725376,0.08362462309745458,2137
11_1_19,0.10676791756250804,0.11983898951736463,0.013071071954856586,0.013071071954856586,0.12786789831380965,0.1424027485300169,0.014534850216207235,0.02164080280161523,0.02164080280161523,0.08360647099636338,2138
21_0_10,0.1859394022710446,0.16862462523328076,-0.01731477703776385,0.01731477703776385,0.16538458756164692,0.16228981077304164,-0.0030947767886052857,-0.022309671419067995,0.022309671419067995,0.08354681901533807,2139
13_0_8,0.08743928008599361,0.09820834322310432,0.010769063137110707,0.010769063137110707,0.10179770983927691,0.08301553356936708,-0.018782176269909828,0.022704673102691364,0.022704673102691364,0.08345106382000045,2140
12_1_7,0.06657203579350414,0.07879765388780814,0.012225618094304003,0.012225618094304003,0.09011550963008047,0.08295175473141457,-0.0071637548986659,0.028984707193538805,0.028984707193538805,0.0833258007130299,2141
0_1_25,0.08433414035220094,0.07179644317704084,-0.012537697175160095,0.012537697175160095,0.1284493096341242,0.11196848126843274,-0.016480828365691466,-0.020901832066779123,0.020901832066779123,0.08325951171777138,2142
5_2_4,0.06677192234867224,0.07733096472581555,0.010559042377143307,0.010559042377143307,0.08562691492648371,0.07132026778880836,-0.014306647137675349,0.026445271647553132,0.026445271647553132,0.08311329536368295,2143
10_2_28,0.07226291713703824,0.08602240791924465,0.01375949078220641,0.01375949078220641,0.09911692579104439,0.09688495536588274,-0.0022319704251616557,0.029581560751147297,0.029581560751147297,0.08290869057055161,2144
9_2_7,0.13043710947429002,0.11618421610804308,-0.014252893366246938,0.014252893366246938,0.14850060505888463,0.13611384359488313,-0.0123867614640015,-0.020513441297282803,0.020513441297282803,0.0828998745164961,2145
28_0_21,0.05449798732231615,0.06361694066485754,0.00911895334254139,0.00911895334254139,0.09522343843441294,0.0702360863944333,-0.02498735203997965,0.0206144254099483,0.0206144254099483,0.082863519871887,2146
15_2_17,0.11936587697290464,0.1067430748824962,-0.012622802090408447,0.012622802090408447,0.15601925796928978,0.1357300577987253,-0.020289200170564486,-0.017327553294529865,0.017327553294529865,0.08273058004682578,2147
18_2_14,0.25206875006532437,0.26402671503297703,0.011957964967652668,0.011957964967652668,0.15355733070303954,0.13095623332421658,-0.02260109737882296,0.016690150405480195,0.016690150405480195,0.08257162175984248,2148
5_2_16,0.13373939530089585,0.15068096310972479,0.01694156780882894,0.01694156780882894,0.18694600257908933,0.1938809794033797,0.0069349768242903675,0.01926072125598854,0.01926072125598854,0.08251339009932389,2149
3_1_3,0.10637526206150022,0.1196786916388329,0.013303429577332673,0.013303429577332673,0.14318373152459854,0.15863049977180968,0.01544676824721114,0.01967627137268213,0.01967627137268213,0.08250394900535168,2150
3_1_23,0.17514041243488182,0.16233206837600728,-0.012808344058874543,0.012808344058874543,0.17401565360805324,0.1525205234521505,-0.021495130155902736,-0.015760012014806646,0.015760012014806646,0.08239048871865538,2151
1_0_22,0.2728928093946315,0.2869285663231108,0.014035756928479304,0.014035756928479304,0.17079754627833832,0.1871179025258501,0.01632035624751177,0.01741499383806119,0.01741499383806119,0.082338985536487,2152
28_2_0,0.09961587384811325,0.11076384888062815,0.011147975032514898,0.011147975032514898,0.12681224984667364,0.10533026663529506,-0.021481983211378577,0.018857483596873777,0.018857483596873777,0.08210912773980447,2153
19_1_4,0.13528854286130587,0.15121073557562856,0.015922192714322686,0.015922192714322686,0.14054439311488046,0.13763279152362826,-0.0029116015912521997,0.024142534520677012,0.024142534520677012,0.08203345435707574,2154
10_0_15,0.15200505778688722,0.1640912312588902,0.01208617347200297,0.01208617347200297,0.1289451022330315,0.1114905225350902,-0.017454579697941286,0.02007788170520504,0.02007788170520504,0.0819254485894013,2155
1_1_3,0.13601181465872922,0.15188382788450255,0.015872013225773335,0.015872013225773335,0.17647184673953914,0.16735834929420187,-0.009113497445337265,0.019196196572743747,0.019196196572743747,0.08188118810463288,2156
4_1_4,0.10874152459447155,0.12338828258575438,0.01464675799128283,0.01464675799128283,0.11073054214174058,0.11001365487834182,-0.0007168872633987605,0.028166373850974813,0.028166373850974813,0.08168284692261295,2157
20_1_29,0.07987590902261185,0.08892923645885535,0.0090533274362435,0.0090533274362435,0.1201567889668224,0.15024170496140266,0.030084915994580255,0.01583257990135398,0.01583257990135398,0.08165582082312976,2158
29_1_20,0.12382821460912759,0.13604633755354334,0.012218122944415752,0.012218122944415752,0.15122544210253033,0.13089716913916133,-0.020328272963369004,0.017306889213356883,0.017306889213356883,0.08161142444222416,2159
19_1_8,0.07745045600823444,0.08813093570567884,0.0106804796974444,0.0106804796974444,0.10774592789673437,0.08867139040380687,-0.019074537492927507,0.021269159732907154,0.021269159732907154,0.0814998025196766,2160
7_0_1,0.05926491125946371,0.05145708472772688,-0.007807826531736832,0.007807826531736832,0.0973097082899259,0.06612633328036595,-0.03118337500955995,-0.017307827402862054,0.017307827402862054,0.08149318663608014,2161
28_0_15,0.17331627984285244,0.15637736847462544,-0.016938911368227005,0.016938911368227005,0.2106093467062918,0.2020049646225738,-0.008604382083717999,-0.017158086215514567,0.017158086215514567,0.08141080703087734,2162
2_0_24,0.11655926457111417,0.12799451191573302,0.011435247344618857,0.011435247344618857,0.1625933112012598,0.18755117110712693,0.02495785990586713,0.014859327877944554,0.014859327877944554,0.08117161642920079,2163
3_2_13,0.08526137354276911,0.07839958459579224,-0.006861788946976866,0.006861788946976866,0.10215938595435428,0.06540174155667362,-0.03675764439768066,-0.014507709351121261,0.014507709351121261,0.08116204324076427,2164
3_1_27,0.10034249358077842,0.11465720208743882,0.014314708506660404,0.014314708506660404,0.13311375569488296,0.12550328603583327,-0.0076104696590496845,0.02295580009620717,0.02295580009620717,0.08114643756827614,2165
18_0_27,0.1603984343377939,0.1782862774322573,0.017887843094463396,0.017887843094463396,0.18378723107237202,0.18234007049088677,-0.0014471605814852517,0.02073038022643693,0.02073038022643693,0.08105876301317555,2166
6_2_31,0.04969701315951155,0.04303760075964856,-0.0066594123998629864,0.0066594123998629864,0.077249879951068,0.04529273462610905,-0.03195714532495895,-0.01864885840800881,0.01864885840800881,0.08104648283650685,2167
18_1_3,0.18277176242657014,0.17466757909028957,-0.008104183336280574,0.008104183336280574,0.17557419875792715,0.2151542519154739,0.03958005315754676,-0.009713979586931775,0.009713979586931775,0.08103760533823154,2168
8_1_14,0.2515586469116413,0.2697920052810981,0.018233358369456776,0.018233358369456776,0.20845945540418012,0.20528171583070778,-0.003177739573472338,0.018637103298503217,0.018637103298503217,0.08101400955398066,2169
1_1_31,0.1465187783311216,0.12937536814999334,-0.01714341018112825,0.01714341018112825,0.2113284112163083,0.20387514768471926,-0.007453263531589038,-0.01730165793741119,0.01730165793741119,0.08088930826868868,2170
18_2_28,0.09269273756800794,0.10600839559280946,0.013315658024801516,0.013315658024801516,0.12152549317743566,0.13090540737378595,0.009379914196350286,0.023239249537303722,0.023239249537303722,0.08074331078897082,2171
0_0_6,0.12339569138266905,0.10851901959215755,-0.014876671790511498,0.014876671790511498,0.15529347520095554,0.14644138368565424,-0.008852091515301308,-0.020450584265769834,0.020450584265769834,0.08057362241852566,2172
21_2_16,0.044980448365117616,0.03688643955649988,-0.008094008808617735,0.008094008808617735,0.07089477726328307,0.0504798903565527,-0.02041488690673037,-0.024596442638015442,0.024596442638015442,0.0804748157756783,2173
3_1_8,0.04481548558762835,0.03780887283171368,-0.0070066127559146735,0.0070066127559146735,0.06061608433855676,0.0379923188394538,-0.022623765499102957,-0.024971882106169532,0.024971882106169532,0.08044982890696176,2174
16_1_26,0.23753905740801273,0.2553960370747131,0.017856979666700357,0.017856979666700357,0.18158934343766717,0.18087312107523004,-0.0007162223624371244,0.020941101670359556,0.020941101670359556,0.0804465691579159,2175
11_2_26,0.06466812834668903,0.05328302247242321,-0.011385105874265819,0.011385105874265819,0.10015063080946986,0.08765572139252951,-0.012494909416940342,-0.024337905395732634,0.024337905395732634,0.0804013786804916,2176
18_2_1,0.1253385964793013,0.13946969088104225,0.014131094401740957,0.014131094401740957,0.12700581775058226,0.12062970787046737,-0.0063761098801148886,0.023743239853009107,0.023743239853009107,0.08035526758657044,2177
18_2_2,0.15059149095690186,0.1412156237877619,-0.009375867169139962,0.009375867169139962,0.1578046708773944,0.1258630197381925,-0.03194165113920189,-0.01276283856573029,0.01276283856573029,0.0803062644721653,2178
17_1_12,0.19583766523051832,0.18725604878002994,-0.008581616450488383,0.008581616450488383,0.15217612780838904,0.1175271262056848,-0.034649001602704246,-0.01212550051232705,0.01212550051232705,0.0802306194855022,2179
21_2_5,0.14282090310868778,0.1313437585353452,-0.01147714457334259,0.01147714457334259,0.20361376996081443,0.17610447562465525,-0.027509294336159174,-0.01207568628770878,0.01207568628770878,0.08022401896340836,2180
19_0_5,0.10022675001016156,0.08693337686790056,-0.013293373142260992,0.013293373142260992,0.15085449792373165,0.13650718707471735,-0.014347310849014305,-0.01884416874104147,0.01884416874104147,0.0800579535287885,2181
11_2_29,0.0731008881110435,0.08232281333101507,0.009221925219971575,0.009221925219971575,0.08638831205491637,0.06708381903840724,-0.019304493016509133,0.02294522134582976,0.02294522134582976,0.08004533573378297,2182
23_1_25,0.09528330034019787,0.108738288460511,0.013454988120313136,0.013454988120313136,0.11692282314014774,0.11029096465063204,-0.006631858489515696,0.02456356582939534,0.02456356582939534,0.0799106651483337,2183
12_2_20,0.32212623970812115,0.31052005241640707,-0.011606187291714087,0.011606187291714087,0.18224426951874798,0.15731787265837527,-0.024926396860372707,-0.013644016711152195,0.013644016711152195,0.07989427315379762,2184
25_2_29,0.11031021580878003,0.1228272227995445,0.012517006990764468,0.012517006990764468,0.1455716374994083,0.16249002633926354,0.016918388839855247,0.018201998165982024,0.018201998165982024,0.07987194079585874,2185
1_2_26,0.09656164673307364,0.08545399747097746,-0.01110764926209619,0.01110764926209619,0.13812140974855477,0.11651751350887152,-0.021603896239683257,-0.017242280020901238,0.017242280020901238,0.07984648028968637,2186
23_1_13,0.1700333256366177,0.18032072217782838,0.010287396541210692,0.010287396541210692,0.18606806629322695,0.1557032190213214,-0.030364847271905554,0.011858252183167802,0.011858252183167802,0.07980182078776384,2187
28_0_27,0.10773027366432016,0.10869338452524913,0.0009631108609289701,0.0009631108609289701,0.1758210547284254,0.10900226271509338,-0.06681879201333203,0.00118402804490961,0.00118402804490961,0.07965947272305066,2188
29_1_7,0.1290731030821975,0.13849474849838972,0.009421645416192226,0.009421645416192226,0.15412725504363806,0.1851365493685302,0.031009294324892134,0.012881760747405959,0.012881760747405959,0.07955175381909246,2189
0_0_22,0.21766068377582876,0.20788085198713832,-0.009779831788690435,0.009779831788690435,0.19029074770747836,0.15795140721615142,-0.032339340491326946,-0.011026128202130394,0.011026128202130394,0.07942742921044628,2190
7_2_6,0.08084728788171562,0.09410842129126765,0.013261133409552026,0.013261133409552026,0.1177659804604804,0.12525079165939054,0.007484811198910146,0.02389904162396802,0.02389904162396802,0.07938816544532418,2191
15_2_23,0.11847579826023763,0.12810279949635806,0.009627001236120425,0.009627001236120425,0.16605534344819345,0.1972205379969112,0.031165194548717745,0.012226349786742849,0.012226349786742849,0.07937489712088008,2192
12_1_0,0.07449739350990922,0.08756176798139895,0.013064374471489726,0.013064374471489726,0.10224328424803404,0.09864120771284635,-0.0036020765351876954,0.027246154198141713,0.027246154198141713,0.07919872916535413,2193
21_2_0,0.08600740994948186,0.08900923790685593,0.0030018279573740675,0.0030018279573740675,0.12281963488176868,0.17922963234244013,0.05640999746067145,0.005070276650127542,0.005070276650127542,0.07913970445295439,2194
1_0_4,0.12385585416652461,0.10753570637468486,-0.016320147791839754,0.016320147791839754,0.1690521271836033,0.16540318830073691,-0.0036489388828663816,-0.020575444226794273,0.020575444226794273,0.07892892605790834,2195
16_1_30,0.056442493278030144,0.06119323690628272,0.004750743628252577,0.004750743628252577,0.07837132664634316,0.12089148162501406,0.0425201549786709,0.012504060483438127,0.012504060483438127,0.07890645949866898,2196
28_1_20,0.05067005527316309,0.060258482253957676,0.009588426980794588,0.009588426980794588,0.08243182417908321,0.09772199649283246,0.015290172313749253,0.024528196497751873,0.024528196497751873,0.07878786333878773,2197
19_2_9,0.22921775385470777,0.236273492588234,0.007055738733526218,0.007055738733526218,0.16876738857237847,0.12793088784083537,-0.0408365007315431,0.008994477276309273,0.008994477276309273,0.07849753537225207,2198
23_1_2,0.06346183418705635,0.0765751024953891,0.013113268308332746,0.013113268308332746,0.09919840406203068,0.10084147527873757,0.0016430712167068984,0.028118044163364827,0.028118044163364827,0.07836165264227955,2199
27_0_30,0.07695618479307571,0.06921790977889519,-0.007738275014180521,0.007738275014180521,0.11919582999103055,0.0864695002394764,-0.03272632975155415,-0.013982699749984685,0.013982699749984685,0.07832956328706936,2200
22_0_22,0.1313248194559839,0.14518512906548736,0.013860309609503463,0.013860309609503463,0.15430912957775478,0.14335781409070583,-0.010951315487048946,0.01918745237633934,0.01918745237633934,0.07830386074456525,2201
13_0_11,0.06320558592160018,0.07006608638279051,0.0068605004611903275,0.0068605004611903275,0.11259119961955455,0.07678991253823249,-0.03580128708132206,0.013143518685919306,0.013143518685919306,0.0781485256743753,2202
5_0_15,0.09021366772738411,0.1050590403140154,0.014845372586631295,0.014845372586631295,0.13059345769584457,0.13266881992740284,0.00207536223155827,0.02418284238563116,0.02418284238563116,0.07813037086944938,2203
24_1_5,0.10862135878028457,0.12420752405393543,0.015586165273650851,0.015586165273650851,0.15169965585810752,0.14874979981853262,-0.0029498560395748996,0.02189499552102734,0.02189499552102734,0.07795252757078354,2204
9_0_17,0.11518410165376305,0.1027431319730014,-0.012440969680761652,0.012440969680761652,0.14582007622325308,0.13058295035081874,-0.015237125872434337,-0.018252319243152012,0.018252319243152012,0.07783460637657438,2205
10_1_16,0.1412823923080504,0.12579528233291204,-0.015487109975138358,0.015487109975138358,0.15754939842010063,0.15341084800177895,-0.004138550418321674,-0.020955148157565176,0.020955148157565176,0.07768434048377633,2206
1_0_27,0.124785965647943,0.10757362497259075,-0.017212340675352253,0.017212340675352253,0.181832856475462,0.1825702065221237,0.0007373500466617,-0.020150743181362018,0.020150743181362018,0.077544917976881,2207
0_0_3,0.13076959513223924,0.14475446165558165,0.01398486652334241,0.01398486652334241,0.18777180273991992,0.20173846591736258,0.013966663177442662,0.0158008265165142,0.0158008265165142,0.07725710262947036,2208
9_2_28,0.1584927304421467,0.14571075684213963,-0.012781973600007074,0.012781973600007074,0.16358195327599806,0.14783496066763138,-0.015746992608366678,-0.01671093985090185,0.01671093985090185,0.0771824081881628,2209
12_0_26,0.17915444552897822,0.19326162166219937,0.014107176133221155,0.014107176133221155,0.16273437193644313,0.17306040709872295,0.010326035162279812,0.01840065471716884,0.01840065471716884,0.07717654455784721,2210
24_2_15,0.14713466129184485,0.1562578882906087,0.009123226998763834,0.009123226998763834,0.15639493562685525,0.1264951792465624,-0.029899756380292852,0.01252544062327466,0.01252544062327466,0.07696007645289253,2211
2_1_15,0.16970832461955632,0.17809107722758166,0.008382752608025346,0.008382752608025346,0.1934837739488753,0.15788048467562485,-0.03560328927325046,0.009300411590460238,0.009300411590460238,0.07674901015070781,2212
2_1_23,0.10337656059268344,0.09760747584647463,-0.005769084746208811,0.005769084746208811,0.1267548147936184,0.08537076639935082,-0.04138404839426757,-0.009820685407733142,0.009820685407733142,0.07667943779780766,2213
13_2_3,0.042944058821461024,0.035507966140897844,-0.0074360926805631805,0.0074360926805631805,0.05754236952752529,0.04292710599021546,-0.014615263537309832,-0.027804786726849228,0.027804786726849228,0.0766355023373679,2214
22_0_28,0.11755261658207578,0.10546752854499511,-0.012085088037080666,0.012085088037080666,0.1482314514223609,0.1321796381570099,-0.016051813265351017,-0.017444868453976844,0.017444868453976844,0.07661256893730829,2215
20_2_25,0.1337589129635056,0.14469894566317248,0.010940032699666896,0.010940032699666896,0.18894623777888306,0.16375613853001383,-0.025190099248869224,0.012403132223167735,0.012403132223167735,0.07656788482583124,2216
18_2_22,0.09307532747638278,0.10548210288142738,0.012406775405044604,0.012406775405044604,0.12644453405132003,0.11575781729924035,-0.010686716752079675,0.020971984570898595,0.020971984570898595,0.07645947298858115,2217
14_0_31,0.14395365264261206,0.13423959167445224,-0.009714060968159827,0.009714060968159827,0.16073134978804662,0.13342690850138153,-0.027304441286665093,-0.01296576719329153,0.01296576719329153,0.07631307751641786,2218
14_0_9,0.13217308674194542,0.14162735914111574,0.009454272399170321,0.009454272399170321,0.10498312332826161,0.08526576754285703,-0.01971735578540458,0.019331759153007597,0.019331759153007597,0.07604527131184227,2219
19_1_30,0.07556481201178297,0.0852826181975773,0.009717806185794334,0.009717806185794334,0.11286677368040057,0.09286430256189598,-0.02000247111850459,0.018475234424445857,0.018475234424445857,0.07589234332626014,2220
8_0_4,0.07652526150991898,0.08515033253751256,0.008625071027593578,0.008625071027593578,0.0780581521705166,0.06195198274601644,-0.016106169424500168,0.023734430184697973,0.023734430184697973,0.07588448107985332,2221
2_0_30,0.06803248688385911,0.061074279915830955,-0.006958206968028159,0.006958206968028159,0.10806653462263173,0.07549566367581438,-0.03257087094681735,-0.01388095491807744,0.01388095491807744,0.07582440188847486,2222
16_0_5,0.06897277929064288,0.0779185502123188,0.008945770921675922,0.008945770921675922,0.1081219613071647,0.08548955641075612,-0.02263240489640858,0.017776317903343563,0.017776317903343563,0.0757044712683174,2223
6_1_16,0.05600293062484931,0.047889594341803635,-0.008113336283045676,0.008113336283045676,0.06981545149527947,0.0541646417827122,-0.01565080971256727,-0.024978367544993798,0.024978367544993798,0.07569855652951832,2224
27_2_31,0.11997246299288503,0.12547145888283456,0.005498995889949537,0.005498995889949537,0.17073198870156225,0.2157513782221923,0.04501938952063006,0.006763448971102502,0.006763448971102502,0.07569226202703754,2225
19_0_20,0.11847465960972374,0.10775944752625932,-0.010715212083464418,0.010715212083464418,0.17635550794009552,0.15216342434392058,-0.024192083596174946,-0.013017548557189845,0.013017548557189845,0.07568271627346901,2226
14_2_29,0.15122039489235706,0.1662121340116987,0.014991739119341652,0.014991739119341652,0.18085751945457917,0.17319339047014545,-0.007664128984433721,0.01768490503207469,0.01768490503207469,0.07564053935554203,2227
2_1_30,0.055089230331329946,0.06655330712449989,0.011464076793169943,0.011464076793169943,0.08591440503890817,0.08891831194336437,0.003003906904456205,0.02835695831587308,0.02835695831587308,0.07561302781610314,2228
12_2_22,0.08906538593822003,0.10089114065870457,0.011825754720484541,0.011825754720484541,0.10457061280365344,0.11215293553106709,0.007582322727413646,0.023990623315210763,0.023990623315210763,0.07560572001499556,2229
24_1_19,0.1571334919517746,0.17113875663959938,0.014005264687824787,0.014005264687824787,0.18808448784077772,0.20043208319774852,0.012347595356970803,0.015804547684440857,0.015804547684440857,0.07549412588684551,2230
3_2_7,0.02750708174707714,0.03460556215125279,0.007098480404175649,0.007098480404175649,0.10677494842597116,0.13851147425509433,0.031736525829123174,0.013931616971409298,0.013931616971409298,0.07534852259971009,2231
12_1_26,0.23997426787495094,0.25500902382998486,0.015034755955033924,0.015034755955033924,0.16861564919608393,0.1630265832153498,-0.005589065980734137,0.01901476081334931,0.01901476081334931,0.0753046185329249,2232
26_1_25,0.19589914472509523,0.2122061674442072,0.01630702271911197,0.01630702271911197,0.18786694891548356,0.18495760235711672,-0.002909346558366832,0.018495399697390506,0.018495399697390506,0.07511299416739631,2233
3_1_17,0.19015813247250413,0.20342623312745975,0.013268100654955622,0.013268100654955622,0.1583352264184216,0.1694982242805523,0.011162997862130708,0.017780912189056978,0.017780912189056978,0.07489145970148632,2234
3_0_30,0.06389149815655834,0.054849940034669344,-0.009041558121888997,0.009041558121888997,0.10077764328656492,0.08114084717749744,-0.01963679610906749,-0.01926469215473614,0.01926469215473614,0.07470301625216486,2235
22_2_19,0.08630534072530098,0.09744064937760656,0.011135308652305581,0.011135308652305581,0.1105960950638546,0.0991185344008621,-0.011477560662992492,0.021537826134155974,0.021537826134155974,0.07458955896752986,2236
12_2_24,0.10255607925238831,0.0939747333456231,-0.008581345906765209,0.008581345906765209,0.14345401032530822,0.11506639291557513,-0.028387617409733085,-0.012847592495214121,0.012847592495214121,0.07419299034633728,2237
2_1_18,0.12138881611853099,0.12662003044088338,0.005231214322352393,0.005231214322352393,0.14725648078126014,0.1905542952245759,0.04329781444331576,0.007446406259657271,0.007446406259657271,0.07396799526262862,2238
29_2_24,0.12991401280423454,0.1199415422867802,-0.00997247051745434,0.00997247051745434,0.16659954323594728,0.19155341994318234,0.024953876707235062,-0.01264985542127442,0.01264985542127442,0.07393971619325654,2239
16_2_13,0.11148168050389229,0.09947223054818087,-0.012009449955711418,0.012009449955711418,0.14030570878332915,0.1275450365604713,-0.012760672222857844,-0.018300946754998326,0.018300946754998326,0.07390224919824231,2240
18_1_12,0.18150692607294508,0.19154849954694533,0.010041573474000254,0.010041573474000254,0.16750366084920298,0.14307441367830456,-0.02442924717089842,0.012848477643355212,0.012848477643355212,0.07382310583325608,2241
3_2_15,0.02835621915984182,0.037607446590133174,0.009251227430291355,0.009251227430291355,0.07271329152179666,0.08140916487686439,0.008695873355067732,0.02692268560746138,0.02692268560746138,0.07379887243953505,2242
16_1_0,0.044066836227611095,0.04897668795958338,0.004909851731972288,0.004909851731972288,0.07522175658488271,0.11149886586043448,0.036277109275551764,0.01351892763725312,0.01351892763725312,0.07375066408041596,2243
7_0_17,0.0678480831532187,0.06229625107842449,-0.005551832074794212,0.005551832074794212,0.09471714288282553,0.05912099968426697,-0.035596143198558555,-0.012667001279152323,0.012667001279152323,0.07357548933612798,2244
2_2_15,0.27418936088486523,0.26203724227452085,-0.012152118610344376,0.012152118610344376,0.1986734397781835,0.18014048985058095,-0.018532949927602543,-0.013080301542605088,0.013080301542605088,0.07341757753327018,2245
21_0_16,0.13124451497168657,0.1179882240894586,-0.013256290882227975,0.013256290882227975,0.19266085390840593,0.17896471642125508,-0.013696137487150845,-0.014699409627410492,0.014699409627410492,0.07335097795213275,2246
12_2_23,0.15508666332916585,0.16766056582014474,0.012573902490978894,0.012573902490978894,0.20802243810817328,0.1904084538406684,-0.01761398426750488,0.012921199457407561,0.012921199457407561,0.07333808908538147,2247
18_2_9,0.2595657145464288,0.2709122587254391,0.01134654417901032,0.01134654417901032,0.15714670953787158,0.17475204578511128,0.0176053362472397,0.015288689956631296,0.015288689956631296,0.07324149514458965,2248
14_0_5,0.17945268463462097,0.18961556826777096,0.010162883633149988,0.010162883633149988,0.15784824804572037,0.18049199828926846,0.02264375024354809,0.013610567143233162,0.013610567143233162,0.07322909133254703,2249
17_0_21,0.09479218317613962,0.10445132212051163,0.009659138944372009,0.009659138944372009,0.11040717605764781,0.09304159346574468,-0.017365582591903128,0.018757642693142805,0.018757642693142805,0.07315490153329254,2250
9_0_7,0.06405692611289929,0.07279209884840847,0.00873517273550918,0.00873517273550918,0.09969761906800652,0.11971079662683021,0.02001317755882369,0.018462379712862114,0.018462379712862114,0.07313278358200326,2251
23_0_18,0.0995589164041024,0.11068289083153784,0.011123974427435443,0.011123974427435443,0.1471310232197351,0.13021572653916563,-0.016915296680569458,0.016182556602141733,0.016182556602141733,0.07310555544584714,2252
15_2_1,0.11862017270580617,0.11377844937638437,-0.0048417233294218015,0.0048417233294218015,0.14249717963150735,0.0989111699668164,-0.04358600966469095,-0.0073266121215324375,0.0073266121215324375,0.07303190260820838,2253
1_0_12,0.1790960097927198,0.1911689955629859,0.012072985770266081,0.012072985770266081,0.17475281234995463,0.15856695902769538,-0.016185853322259247,0.014773157110239018,0.014773157110239018,0.07294668185559065,2254
22_1_28,0.11853281685875951,0.10737955363284739,-0.011153263225912119,0.011153263225912119,0.16097806072011792,0.14271406178446208,-0.018263998935655834,-0.014828861821114961,0.014828861821114961,0.07279139877828916,2255
21_0_2,0.08039344774805789,0.08537040823727535,0.004976960489217461,0.004976960489217461,0.08726592886223788,0.12458677199684315,0.037320843134605264,0.011855118343901782,0.011855118343901782,0.07275953166968206,2256
12_2_4,0.17841326710472283,0.17275457729222926,-0.005658689812493567,0.005658689812493567,0.17518998636970254,0.21714813492041068,0.041958148550708146,-0.006792282913677301,0.006792282913677301,0.07272919889282871,2257
17_1_16,0.12073195252140405,0.11131930873063978,-0.009412643790764272,0.009412643790764272,0.17687517972546746,0.15006597356888565,-0.026809206156581805,-0.011408504262360132,0.011408504262360132,0.07270507298044306,2258
11_2_28,0.13308898903859304,0.12908567175609773,-0.004003317282495311,0.004003317282495311,0.14311455015195282,0.09616628340452299,-0.04694826674742983,-0.0060363005049269836,0.0060363005049269836,0.07264629948419017,2259
16_1_14,0.10265717315149442,0.11526449721182117,0.012607324060326747,0.012607324060326747,0.10565361888928794,0.10687634424027155,0.0012227253509836111,0.02538946968815569,0.02538946968815569,0.07260642065879448,2260
18_1_30,0.09563933699963863,0.0992819849683039,0.003642647968665272,0.003642647968665272,0.13248413428891043,0.18059061664582998,0.048106482356919555,0.00573912387458852,0.00573912387458852,0.07252069383937498,2261
23_1_12,0.0961969205582054,0.1040620640076475,0.0078651434494421,0.0078651434494421,0.12710779379876566,0.09903241669265457,-0.02807537710611109,0.013301287802390219,0.013301287802390219,0.07247651803062898,2262
2_1_7,0.16475650373737885,0.1744189583404529,0.00966245460307405,0.00966245460307405,0.1801565451280131,0.15444631427566943,-0.02571023085234367,0.011493773560583422,0.011493773560583422,0.07228677577042619,2263
1_0_28,0.11687729540156797,0.12878331530712922,0.011906019905561255,0.011906019905561255,0.1583321452529541,0.1728765119364587,0.01454436668350459,0.015938964172890147,0.015938964172890147,0.07227891191495009,2264
15_1_29,0.05507670512455489,0.04731113798622004,-0.0077655671383348515,0.0077655671383348515,0.07654837930881746,0.05924307884778838,-0.01730530046102908,-0.02180803349070782,0.02180803349070782,0.0721002773641171,2265
15_0_28,0.08173928415378864,0.0922657609568183,0.01052647680302965,0.01052647680302965,0.11486711196465131,0.12809456927965468,0.013227457315003369,0.019399797736009635,0.019399797736009635,0.0718290500058787,2266
4_1_14,0.2156091982005481,0.2275279719514069,0.011918773750858785,0.011918773750858785,0.20782747089727757,0.18935416586776455,-0.018473305029513026,0.012261832463259261,0.012261832463259261,0.07153753959754072,2267
20_2_22,0.1504519560659366,0.16712000574902747,0.01666804968309088,0.01666804968309088,0.20646205347321775,0.20610780654528923,-0.0003542469279285143,0.01719141075327019,0.01719141075327019,0.0713974745920466,2268
15_2_14,0.025725073920781005,0.02237675389662374,-0.003348320024157265,0.003348320024157265,0.06587142508945,0.024707748831868336,-0.04116367625758166,-0.01105277980888147,0.01105277980888147,0.07139240228199989,2269
5_1_18,0.14040516392225283,0.15431465785912932,0.013909493936876488,0.013909493936876488,0.18190210612463634,0.17362521070029263,-0.008276895424343705,0.016316726728659886,0.016316726728659886,0.07136153047117484,2270
22_1_24,0.10170791444156652,0.09083010037095512,-0.010877814070611391,0.010877814070611391,0.15225296221531254,0.13524372010576355,-0.01700924210954899,-0.015290200152290443,0.015290200152290443,0.07125814808665315,2271
7_0_0,0.11013416049657035,0.10177162625882061,-0.008362534237749741,0.008362534237749741,0.15245669626825484,0.12478229548314754,-0.0276744007851073,-0.011773278524817968,0.011773278524817968,0.07125454020392542,2272
19_2_30,0.10565819026844812,0.12063384448876761,0.01497565422031949,0.01497565422031949,0.16088523347533595,0.16199247946199657,0.001107245986660621,0.019812409525637308,0.019812409525637308,0.07121547963011711,2273
8_0_5,0.06557344021815387,0.07554750288955914,0.00997406267140527,0.00997406267140527,0.09893923306233941,0.0877095415329138,-0.011229691529425614,0.02157364858427711,0.02157364858427711,0.07110690795633313,2274
18_2_30,0.10314399763601032,0.1139512029908695,0.010807205354859184,0.010807205354859184,0.14272270597957668,0.15861830523004747,0.015895599250470793,0.016034010396774098,0.016034010396774098,0.07085795206911705,2275
3_1_12,0.13276669585940784,0.12242723917959653,-0.010339456679811315,0.010339456679811315,0.1888290724521791,0.2113181153993717,0.022489042947192617,-0.01159047568650086,0.01159047568650086,0.07068902674130337,2276
15_2_8,0.1059681987703022,0.11596004715770902,0.009991848387406826,0.009991848387406826,0.13929429554613448,0.12075971627315472,-0.01853457927297976,0.01536529688127943,0.01536529688127943,0.07060165469353892,2277
16_0_23,0.15109009974116813,0.15597621693968775,0.004886117198519613,0.004886117198519613,0.13870651468664696,0.09795307284750453,-0.04075344183914244,0.007592707254268251,0.007592707254268251,0.0703395314710007,2278
21_1_27,0.0954176542326891,0.09656767878535746,0.001150024552668369,0.001150024552668369,0.1155351662318741,0.1724510846750022,0.0569159184431281,0.0020603819688239148,0.0020603819688239148,0.07025921890119785,2279
6_1_25,0.06845904978494413,0.07671481983908884,0.008255770054144712,0.008255770054144712,0.11157654074385737,0.08969901395274316,-0.02187752679111421,0.01588964406065835,0.01588964406065835,0.07024844742844552,2280
21_1_22,0.1779445869952746,0.18649974943390618,0.00855516243863158,0.00855516243863158,0.1469957695027837,0.17265651191175932,0.025660742408975618,0.012282764496172395,0.012282764496172395,0.07024544451423428,2281
1_1_10,0.0900486578818061,0.10040442448958173,0.010355766607775624,0.010355766607775624,0.10516052711767346,0.0950393164660594,-0.01012121065161406,0.0210587133366977,0.0210587133366977,0.07019759094362188,2282
2_0_12,0.05261497461276313,0.049081742756378194,-0.003533231856384933,0.003533231856384933,0.09125710394998172,0.04831142203648731,-0.04294568191349441,-0.008389937487943215,0.008389937487943215,0.0701491089736576,2283
2_0_16,0.0715876525499546,0.06010881883104423,-0.01147883371891037,0.01147883371891037,0.10677299852443534,0.10202857979176667,-0.004744418732668662,-0.02293602495109228,0.02293602495109228,0.0699407532387972,2284
7_2_13,0.06404357766727141,0.07423356219415364,0.010189984526882231,0.010189984526882231,0.09406908245114592,0.10193088931810171,0.007861806866955784,0.022967544012139355,0.022967544012139355,0.0698885817334188,2285
28_0_13,0.07082568329581665,0.06201266854531597,-0.008813014750500676,0.008813014750500676,0.10436065115891248,0.0869815329261761,-0.017379118232736385,-0.018113089229057147,0.018113089229057147,0.06988656828049235,2286
26_1_12,0.14471417485745652,0.13359087024946253,-0.011123304607993989,0.011123304607993989,0.14984606315456603,0.13548056818909246,-0.014365494965473569,-0.015875422855252903,0.015875422855252903,0.06979403152339808,2287
17_1_10,0.27591321177126643,0.270235205905466,-0.005678005865800417,0.005678005865800417,0.21195094713424018,0.17136193158867727,-0.040589015545562906,-0.005752545098534306,0.005752545098534306,0.06976745660729179,2288
11_1_29,0.1909556910680353,0.20201948290787475,0.011063791839839437,0.011063791839839437,0.1762015876753035,0.15866074376177539,-0.017540843913528115,0.013431232161072993,0.013431232161072993,0.06974635745187904,2289
10_1_10,0.11016299669423425,0.12224876831150484,0.012085771617270591,0.012085771617270591,0.11739668425481181,0.12167842650945596,0.004281742254644144,0.02187981277156885,0.02187981277156885,0.06962422976488641,2290
27_2_14,0.20884258640389997,0.22120209162588092,0.012359505221980954,0.012359505221980954,0.17570313390947878,0.16357400092902225,-0.012129132980456536,0.015026263197066455,0.015026263197066455,0.06953421673939719,2291
12_1_23,0.11119915496006401,0.10165555403603163,-0.009543600924032378,0.009543600924032378,0.15785968014728177,0.13613906358952246,-0.02172061655775931,-0.01295288178985864,0.01295288178985864,0.069521754722457,2292
13_0_25,0.08034149420522717,0.0899341964728498,0.009592702267622627,0.009592702267622627,0.11989576361447266,0.13644666844640496,0.016550904831932306,0.01691764957847348,0.01691764957847348,0.06944483997700454,2293
0_2_3,0.13946072519344788,0.13060990508249004,-0.008850820110957835,0.008850820110957835,0.1811620108759605,0.15483207640020727,-0.02632993447575324,-0.010471131352144345,0.010471131352144345,0.06926313720713484,2294
24_2_19,0.07233991474475862,0.06527273413395787,-0.0070671806108007496,0.0070671806108007496,0.10177778408468911,0.0766609977762851,-0.025116786308404013,-0.014940358423012135,0.014940358423012135,0.06922581295579282,2295
26_2_11,0.07034758821448751,0.062118524359248216,-0.008229063855239298,0.008229063855239298,0.1103099480844293,0.08945967682030159,-0.02085027126412771,-0.01601564576801619,0.01601564576801619,0.06919386053745971,2296
2_1_1,0.04981703390721669,0.04357143164001876,-0.006245602267197926,0.006245602267197926,0.09118497708843283,0.06393454674478409,-0.02725043034364874,-0.014764575059506643,0.014764575059506643,0.0690803269127566,2297
21_1_24,0.14829672433120455,0.1330767876637256,-0.01521993666747895,0.01521993666747895,0.21611939346148,0.21171205043145283,-0.004407343030027183,-0.015010104767178505,0.015010104767178505,0.06882066429928049,2298
8_0_10,0.06915693652330872,0.08035366357872462,0.011196727055415898,0.011196727055415898,0.10547392584844782,0.10077147979836466,-0.004702446050083159,0.022648196316764454,0.022648196316764454,0.06869538247527225,2299
22_1_3,0.15442244690779408,0.13929464436095101,-0.015127802546843067,0.015127802546843067,0.2097284243673442,0.20566814578390247,-0.00406027858344174,-0.01537304117844996,0.01537304117844996,0.06868511318239902,2300
23_2_19,0.06981367220744178,0.06030426726176304,-0.009509404945678743,0.009509404945678743,0.11077087596336006,0.09656657685513632,-0.014204299108223739,-0.018384263095988576,0.018384263095988576,0.06864247359863203,2301
27_0_17,0.045322364784168886,0.054182545744858424,0.008860180960689537,0.008860180960689537,0.06590871738017016,0.06317704055589453,-0.002731676824275636,0.02867199100827041,0.02867199100827041,0.06845583172087535,2302
16_0_19,0.31066743254178436,0.3002450985805756,-0.010422333961208785,0.010422333961208785,0.16348119844007394,0.18116023170110204,0.0176790332610281,-0.013502327256936153,0.013502327256936153,0.06820540372975305,2303
28_1_25,0.08053517828843897,0.08887237296739,0.00833719467895104,0.00833719467895104,0.11168900552686611,0.13168245602342069,0.01999345049655457,0.0157490714924018,0.0157490714924018,0.06815337351931813,2304
12_2_7,0.07922564638637888,0.07428727594123598,-0.004938370445142906,0.004938370445142906,0.11720445308618932,0.0804324780574049,-0.03677197502878442,-0.009087783472410085,0.009087783472410085,0.06811408350439484,2305
5_1_25,0.15505459831378066,0.1692465786591556,0.014191980345374944,0.014191980345374944,0.17465137977051706,0.17811078437064823,0.0034594046001311662,0.01728576062760562,0.01728576062760562,0.0680937821665249,2306
5_2_18,0.173937861816858,0.18841101630811408,0.01447315449125608,0.01447315449125608,0.16487151307109393,0.16388948383091842,-0.0009820292401755137,0.018696495413337327,0.018696495413337327,0.0680861397165579,2307
20_1_1,0.11025225812322428,0.12198054578799522,0.011728287664770937,0.011728287664770937,0.11720236579026719,0.11281080487368418,-0.004391560916583007,0.021343061492538586,0.021343061492538586,0.06798631052199294,2308
1_1_23,0.13911939410177207,0.15216147846269884,0.01304208436092677,0.01304208436092677,0.144599940632546,0.14082409631236237,-0.00377584432018363,0.01922772597273655,0.01922772597273655,0.0679782256092161,2309
20_0_25,0.16210089673908687,0.16805436031267032,0.005953463573583451,0.005953463573583451,0.14692279156736818,0.11242127736774364,-0.034501514199624536,0.008715429449272059,0.008715429449272059,0.0678714095848887,2310
6_0_1,0.05142265314701441,0.04650873304886178,-0.004913920098152634,0.004913920098152634,0.08424495861485326,0.052206055066333176,-0.032038903548520084,-0.012606951599811492,0.012606951599811492,0.06769239479056934,2311
5_2_5,0.08872635953899716,0.09780023306064954,0.009073873521652384,0.009073873521652384,0.122844745925509,0.10522982095274279,-0.017614924972766205,0.01582879496820002,0.01582879496820002,0.06764885483423054,2312
0_1_22,0.10910724275542613,0.11494057669306054,0.005833333937634411,0.005833333937634411,0.15190789992682127,0.18729979518403614,0.03539189525721487,0.008078003613179993,0.008078003613179993,0.06763606334854823,2313
13_2_22,0.050610348897074886,0.042864458358201275,-0.007745890538873611,0.007745890538873611,0.07298668853191442,0.06080630462139659,-0.01218038391051783,-0.022761320273799693,0.022761320273799693,0.06761693874347377,2314
17_1_29,0.18722893475824479,0.17175931677840622,-0.015469617979838562,0.015469617979838562,0.20168309004029997,0.20269054106288995,0.001007451022589978,-0.01632842758622604,0.01632842758622604,0.06755383923815801,2315
9_1_29,0.041816202312348436,0.051520268085202735,0.0097040657728543,0.0097040657728543,0.09366755100622556,0.08572974111706883,-0.007937809889156738,0.02214310938818652,0.02214310938818652,0.06744529661489426,2316
2_0_3,0.06164944401582636,0.05451089627435644,-0.007138547741469915,0.007138547741469915,0.07507420160315063,0.05864503700465551,-0.016429164598495125,-0.02043584298573797,0.02043584298573797,0.06741252201670972,2317
10_1_31,0.08554302780440516,0.07723187096337467,-0.008311156841030495,0.008311156841030495,0.12782284860530346,0.10620367070443774,-0.02161917790086572,-0.013948653490301598,0.013948653490301598,0.06736396360950997,2318
23_2_0,0.11700344944933788,0.12564564697072042,0.008642197521382539,0.008642197521382539,0.15329595837935237,0.17660921453316902,0.02331325615381666,0.011912425451231258,0.011912425451231258,0.06731827884076179,2319
21_1_14,0.17084384169896755,0.18406734678290126,0.013223505083933718,0.013223505083933718,0.1428725582450142,0.14493215383897612,0.0020595955939619326,0.019692877262351884,0.019692877262351884,0.06721026021111155,2320
9_1_18,0.08106037023123396,0.08864987153774609,0.007589501306512134,0.007589501306512134,0.10083163381585578,0.08038450955577922,-0.020447124260076555,0.016168024906949217,0.016168024906949217,0.0671629897471966,2321
9_2_16,0.0893096859309542,0.08408168830411093,-0.00522799762684327,0.00522799762684327,0.14096253023789646,0.10438084148148358,-0.03658168875641288,-0.007984266794487008,0.007984266794487008,0.0671485479659767,2322
13_1_27,0.0799863522435308,0.09029941635748591,0.010313064113955106,0.010313064113955106,0.11877772529435818,0.10813142013493256,-0.01064630515942562,0.01856313900158952,0.01856313900158952,0.06713625703688385,2323
21_1_23,0.05546130162446619,0.06411320138995849,0.008651899765492299,0.008651899765492299,0.08802443562856584,0.07652046092272512,-0.01150397470584072,0.02104983344318817,0.02104983344318817,0.06696961166028992,2324
12_1_24,0.12747392456766587,0.12130837933581881,-0.006165545231847064,0.006165545231847064,0.16853903021937788,0.20296238210335035,0.03442335188397247,-0.007708106346082542,0.007708106346082542,0.06695120601688506,2325
0_1_8,0.09677772156360924,0.10774816684599317,0.010970445282383931,0.010970445282383931,0.1258391303425777,0.13473460215809083,0.008895471815513117,0.018497865374112084,0.018497865374112084,0.06691191148123543,2326
27_0_3,0.17955368584506942,0.19286762554165265,0.013313939696583232,0.013313939696583232,0.15859963793607548,0.16212626611900408,0.003526628182928593,0.017855268485049435,0.017855268485049435,0.06651563619597191,2327
26_1_22,0.08532791645449966,0.09475365823307695,0.009425741778577287,0.009425741778577287,0.12414083843316048,0.13949801596462214,0.015357177531461652,0.016067220335126524,0.016067220335126524,0.06642695110900215,2328
2_1_2,0.058338697703374416,0.050235549154022695,-0.008103148549351721,0.008103148549351721,0.09350142193798064,0.07816733519716741,-0.015334086740813227,-0.01858627208282594,0.01858627208282594,0.06626182501291544,2329
9_0_23,0.13759883055767808,0.12949131134079334,-0.00810751921688474,0.00810751921688474,0.12738039249222816,0.10588729526056996,-0.021493097231658195,-0.013653985968080087,0.013653985968080087,0.06623395971542985,2330
28_2_30,0.13403913168626003,0.14543796086463362,0.011398829178373593,0.011398829178373593,0.15396858501892405,0.1646842764666768,0.010715691447752751,0.015710352201359103,0.015710352201359103,0.06621740131005158,2331
18_1_22,0.09708756058632796,0.08864550751995397,-0.008442053066373995,0.008442053066373995,0.14551233615965126,0.12345416460715516,-0.022058171552496092,-0.012437332433930137,0.012437332433930137,0.06608568136793343,2332
18_0_7,0.17225581980897575,0.18263808236212276,0.010382262553147004,0.010382262553147004,0.18651670080816937,0.20442086586440225,0.01790416505623288,0.011796935333926726,0.011796935333926726,0.0659321369308131,2333
5_1_23,0.1367620147686931,0.12551998982571974,-0.011242024942973355,0.011242024942973355,0.187341128738338,0.17295246977516998,-0.014388658963168016,-0.012823429135391555,0.012823429135391555,0.0658312417405147,2334
2_1_24,0.11299326657334806,0.10467534315716868,-0.008317923416179374,0.008317923416179374,0.15944426298943176,0.13578252625910112,-0.023661736730330646,-0.01118239006531532,0.01118239006531532,0.06576880683930525,2335
15_1_14,0.10563410029732284,0.10124041359149946,-0.00439368670582338,0.00439368670582338,0.14111594754169535,0.10208482603998228,-0.03903112150171306,-0.006706944727596442,0.006706944727596442,0.06576365719580965,2336
0_1_3,0.06875150444200111,0.06043067777442236,-0.008320826667578746,0.008320826667578746,0.1282102078741762,0.10808740707268479,-0.02012280080149141,-0.013915840979605205,0.013915840979605205,0.06565752056354222,2337
15_0_8,0.13817928651584,0.12902364588467932,-0.009155640631160672,0.009155640631160672,0.194059701821834,0.17123995231372366,-0.022819749508110332,-0.010100153271232246,0.010100153271232246,0.06563444718601621,2338
23_1_14,0.08374355321975827,0.07263426046212593,-0.011109292757632339,0.011109292757632339,0.12541910927333513,0.11860134608931523,-0.006817763184019901,-0.01890763307339234,0.01890763307339234,0.0655387050391204,2339
20_0_7,0.08670714727343622,0.09763525190702042,0.010928104633584207,0.010928104633584207,0.10641908327181973,0.10291117461962605,-0.003507908652193678,0.02189719029009355,0.02189719029009355,0.06553249583856471,2340
5_0_30,0.08109342447451427,0.0871956957844084,0.006102271309894131,0.006102271309894131,0.107179526688751,0.07958749536993338,-0.027592031318817614,0.012255519205518064,0.012255519205518064,0.06551105514672441,2341
25_2_0,0.15009019448383648,0.14360695455864408,-0.006483239925192397,0.006483239925192397,0.16391496141786363,0.1327480325946889,-0.031166928823174733,-0.008492614696986922,0.008492614696986922,0.06528084124177264,2342
5_2_19,0.15023246165138457,0.16246030366065348,0.012227842009268908,0.012227842009268908,0.18558439621274445,0.19555998102922748,0.00997558481648303,0.013993392567754287,0.013993392567754287,0.06527475881866712,2343
6_0_12,0.10420857426351622,0.11111258377569103,0.006904009512174805,0.006904009512174805,0.11460495706117994,0.09016115333763385,-0.024443803723546098,0.012945952572007624,0.012945952572007624,0.06518579986822046,2344
14_0_26,0.037979822253911756,0.03269533887285148,-0.005284483381060273,0.005284483381060273,0.0678639295486296,0.044319508164162164,-0.02354442138446744,-0.016811659995297965,0.016811659995297965,0.06510751517067079,2345
20_0_31,0.06534933282113618,0.07470071736727804,0.009351384546141858,0.009351384546141858,0.09592073170162613,0.10450513423187646,0.008584402530250335,0.02066528072215022,0.02066528072215022,0.06509346649319711,2346
20_0_30,0.07865983367732796,0.08744864264421845,0.008788808966890493,0.008788808966890493,0.07686185806766058,0.07175693104262582,-0.005104927025034761,0.02441840797484852,0.02441840797484852,0.06490853935999275,2347
1_0_6,0.09832102880874935,0.09417522350829419,-0.004145805300455163,0.004145805300455163,0.12576352861777093,0.08752788173863575,-0.03823564687913518,-0.00710783257031851,0.00710783257031851,0.0647398705606686,2348
8_1_4,0.09138211579571065,0.09670994861292609,0.005327832817215439,0.005327832817215439,0.13043103348000207,0.09726061378321402,-0.03317041969678805,0.008792014748289102,0.008792014748289102,0.06472604814895004,2349
15_2_30,0.0581878820855989,0.06647612254663308,0.008288240461034185,0.008288240461034185,0.09739983994654612,0.08351692223136582,-0.013882917715180298,0.018234029286796398,0.018234029286796398,0.0646455922530832,2350
23_0_22,0.04003550273044778,0.0437653076077041,0.0037298048772563194,0.0037298048772563194,0.08187310615601097,0.04618140597220581,-0.03569170018380516,0.009862495921360423,0.009862495921360423,0.06460660603370073,2351
14_1_25,0.11088825116938893,0.12209605339544086,0.01120780222605193,0.01120780222605193,0.1446197093310072,0.15332151757721704,0.008701808246209836,0.016453255974520905,0.016453255974520905,0.06446353102825023,2352
5_2_22,0.1683426623623853,0.18120743772601894,0.012864775363633646,0.012864775363633646,0.17045073344157102,0.17535115580934396,0.004900422367772939,0.01604873565656355,0.01604873565656355,0.06424788892661965,2353
2_2_2,0.11216261148409662,0.10688228889900213,-0.005280322585094491,0.005280322585094491,0.12352124283799706,0.09131357714795817,-0.0322076656900389,-0.009203157842626418,0.009203157842626418,0.06408964345325488,2354
26_0_14,0.06708013789356423,0.07121913774519073,0.004138999851626496,0.004138999851626496,0.11666856109055378,0.15368114722836065,0.03701258613780688,0.0074259798144665195,0.0074259798144665195,0.06379236337049093,2355
14_2_17,0.12075399393390661,0.1287954872597199,0.00804149332581329,0.00804149332581329,0.12956314027536733,0.14957623099156753,0.020013090716200194,0.01311291977196405,0.01311291977196405,0.06361418868357473,2356
7_0_7,0.10509896814203812,0.11265409400742799,0.007555125865389867,0.007555125865389867,0.1481229370039022,0.17221643781832655,0.02409350081442435,0.010771657737982528,0.010771657737982528,0.06353657705786159,2357
5_0_29,0.12108102854705394,0.11104560809080335,-0.010035420456250582,0.010035420456250582,0.14765010007396676,0.1345079507596399,-0.013142149314326862,-0.01453174178185382,0.01453174178185382,0.06346380142188263,2358
3_0_20,0.10674127636515046,0.10022450560429426,-0.0065167707608562025,0.0065167707608562025,0.1307556911779822,0.1576587410785173,0.026903049900535103,-0.010500277820399454,0.010500277820399454,0.06341034270161225,2359
5_0_14,0.12469438005420011,0.13663985612268165,0.011945476068481536,0.011945476068481536,0.12601069054932898,0.12709126297956777,0.001080572430238791,0.020175547847960933,0.020175547847960933,0.06320876882016124,2360
3_1_0,0.023030435775011217,0.021121376323716166,-0.001909059451295051,0.001909059451295051,0.07362803344146411,0.0293466870560424,-0.04428134638542171,-0.005635619379817736,0.005635619379817736,0.06320384510855928,2361
9_1_0,0.18540342764551965,0.1795967173565998,-0.005806710288919853,0.005806710288919853,0.1741371449787221,0.1416750179741933,-0.0324621270045288,-0.007158922335066736,0.007158922335066736,0.06295691732984726,2362
1_0_26,0.09790290067569314,0.08670899547896119,-0.011193905196731954,0.011193905196731954,0.15359948127202683,0.14511089688219492,-0.00848858438983191,-0.015557836069637511,0.015557836069637511,0.06291629366895526,2363
25_0_24,0.0867876949256948,0.08102768564114637,-0.005760009284548423,0.005760009284548423,0.11697733193885997,0.0889448256520565,-0.02803250628680347,-0.010592520876700755,0.010592520876700755,0.06269383798845926,2364
6_1_24,0.10635663191525403,0.1153639589054039,0.009007326990149861,0.009007326990149861,0.15378644498059116,0.17140478411249124,0.017618339131900085,0.01240079552276053,0.01240079552276053,0.06261224592138387,2365
7_1_6,0.053265694854982726,0.05769349983631059,0.004427804981327867,0.004427804981327867,0.08889702937942005,0.05785244899106725,-0.031044580388352803,0.010755143773448609,0.010755143773448609,0.06258708694697186,2366
7_0_16,0.15461549319258824,0.14058356580919765,-0.014031927383390597,0.014031927383390597,0.2117795482710306,0.21468984684156073,0.0029102985705301287,-0.014099375654479471,0.014099375654479471,0.06251434778568105,2367
14_2_11,0.10348515520700075,0.11035959783594036,0.006874442628939617,0.006874442628939617,0.11852083125026462,0.09591969461619018,-0.02260113663407444,0.012453806448692779,0.012453806448692779,0.062328581906654676,2368
28_2_6,0.08029862603080712,0.08774101650238056,0.00744239047157344,0.00744239047157344,0.10770412679484319,0.12620149116055823,0.018497364365715044,0.014585009598253559,0.014585009598253559,0.06231100994215788,2369
2_0_6,0.04491180801551137,0.0404882674599847,-0.00442354055552667,0.00442354055552667,0.07481252843741505,0.04664049988892388,-0.02817202854849117,-0.012778243346959034,0.012778243346959034,0.06220117952189833,2370
21_0_4,0.23378723479485877,0.2431641919835849,0.009376957188726137,0.009376957188726137,0.13926244640855584,0.15317320605613313,0.013910759647577292,0.014266624534556889,0.014266624534556889,0.062109888546113795,2371
19_1_18,0.10041259864122042,0.10705474701869441,0.006642148377473997,0.006642148377473997,0.12955369421034096,0.10482450804130178,-0.024729186169039186,0.011008511926253909,0.011008511926253909,0.062030410040552895,2372
9_2_24,0.10587959946277857,0.11370261324015,0.007823013777371435,0.007823013777371435,0.1307226465234821,0.11128977596662258,-0.019432870556859508,0.01282767263899052,0.01282767263899052,0.061943920013329545,2373
12_0_31,0.1527659645483049,0.16506847329241525,0.012302508744110346,0.012302508744110346,0.14714275628503565,0.14513836620828463,-0.002004390076751017,0.01781400434537539,0.01781400434537539,0.06190685149364926,2374
8_2_1,0.11132096324388266,0.12314394159569324,0.011822978351810579,0.011822978351810579,0.15577138594103632,0.15057226094273474,-0.00519912499830158,0.01618668097725015,0.01618668097725015,0.061860776458087116,2375
3_0_3,0.12879346473524683,0.1148206831247092,-0.013972781610537638,0.013972781610537638,0.18696620833941383,0.18715732073637645,0.00019111239696262272,-0.01591253288063208,0.01591253288063208,0.06185029377116237,2376
24_2_18,0.1542504998210163,0.1496412338004467,-0.004609266020569602,0.004609266020569602,0.1636969036913337,0.1278990936339049,-0.0357978100574288,-0.0060526409158678275,0.0060526409158678275,0.06179587932495667,2377
20_2_24,0.1306281036830903,0.12705016033071775,-0.003577943352372548,0.003577943352372548,0.18668946728647315,0.14593850060801966,-0.04075096667845349,-0.004119693477852145,0.004119693477852145,0.061753390166492284,2378
18_2_12,0.18325431927112137,0.19406183933227134,0.010807520061149961,0.010807520061149961,0.1376977005526165,0.13094875885688176,-0.006748941695734728,0.016750399362941662,0.016750399362941662,0.06156091212339168,2379
23_0_7,0.05298785759689026,0.04597225741043443,-0.007015600186455827,0.007015600186455827,0.0776199869835947,0.06476096144887149,-0.012859025534723206,-0.01938521450808142,0.01938521450808142,0.061555218755955224,2380
10_2_0,0.14158436520231768,0.1330129036885926,-0.008571461513725093,0.008571461513725093,0.1777586232353751,0.1573894806087387,-0.020369142626636416,-0.01032148869345485,0.01032148869345485,0.06154801662256566,2381
26_1_28,0.0885464086078839,0.08224947101800345,-0.0062969375898804525,0.0062969375898804525,0.09521962771112501,0.07420768776335954,-0.02101193994776547,-0.01421520794973531,0.01421520794973531,0.061412749143055285,2382
27_0_28,0.05304143994187562,0.060794408542922264,0.007752968601046642,0.007752968601046642,0.08359636771713064,0.0733621894448838,-0.010234178272246833,0.019855490930016297,0.019855490930016297,0.06132793540556834,2383
3_1_22,0.13253623035683007,0.1291830289466714,-0.003353201410158657,0.003353201410158657,0.1329207657079032,0.0937617924725841,-0.03915897323531911,-0.0054376894516912876,0.0054376894516912876,0.061195023943120756,2384
19_1_27,0.07947083299005275,0.07277004638175205,-0.006700786608300702,0.006700786608300702,0.11093778660589212,0.08958367938833282,-0.0213541072175593,-0.012969798960605157,0.012969798960605157,0.061166666450141086,2385
5_1_21,0.14251937624138958,0.15424996284834114,0.01173058660695156,0.01173058660695156,0.18801895838138546,0.17976254682056525,-0.008256411560820215,0.013312674979459121,0.013312674979459121,0.060979252989528374,2386
18_2_31,0.12567155370323385,0.11346101984911097,-0.01221053385412288,0.01221053385412288,0.17715368181261826,0.17185287371058808,-0.00530080810203018,-0.014697506752961045,0.014697506752961045,0.06095273873495191,2387
29_1_12,0.24381036785963514,0.2559032842221804,0.012092916362545253,0.012092916362545253,0.14976429476500397,0.152101922380325,0.002337627615321025,0.01718024247653757,0.01718024247653757,0.06079786417622296,2388
20_1_25,0.13279360860226957,0.12614164818743084,-0.006651960414838731,0.006651960414838731,0.16613288187231998,0.139481643872868,-0.026651237999451988,-0.008587107597374381,0.008587107597374381,0.06079623700297087,2389
14_2_24,0.11231952557974552,0.10647269354707826,-0.005846832032667254,0.005846832032667254,0.15917274545781418,0.12964707357763358,-0.0295256718801806,-0.007885743819972452,0.007885743819972452,0.06078782916563447,2390
3_1_20,0.2314513553232862,0.22997205727153575,-0.001479298051750455,0.001479298051750455,0.2191814390970207,0.17073168043662232,-0.048449758660398384,-0.001450948149495249,0.001450948149495249,0.06077383011941597,2391
18_1_28,0.17922002375879814,0.1866814965249688,0.0074614727661706515,0.0074614727661706515,0.16109211056862396,0.13818370004247374,-0.022908410526150225,0.009925988089311189,0.009925988089311189,0.06074057940996504,2392
1_2_1,0.10201470488184493,0.11235858376113939,0.010343878879294457,0.010343878879294457,0.1369531414586997,0.1290105151588056,-0.00794262629989409,0.016125693210377892,0.016125693210377892,0.06072298289280087,2393
25_1_31,0.11761558909596587,0.10587081091970289,-0.011744778176262974,0.011744778176262974,0.17006679550426496,0.1763192993461583,0.006252503841893353,-0.014679162323613607,0.014679162323613607,0.06069465419110393,2394
19_1_31,0.1018781412604356,0.11180768848610123,0.009929547225665636,0.009929547225665636,0.13761648666271878,0.1278697519291169,-0.00974673473360188,0.01541418427558861,0.01541418427558861,0.060588529025873375,2395
25_2_2,0.1574671702061373,0.1664657911498177,0.008998620943680397,0.008998620943680397,0.16673930515677307,0.14984211217567545,-0.016897192981097625,0.011545253345408008,0.011545253345408008,0.060563367954365815,2396
21_1_20,0.1949329647899569,0.20729024533880963,0.01235728054885274,0.01235728054885274,0.16376163568310578,0.1665559163468497,0.0027942806637439033,0.016054429249601196,0.016054429249601196,0.06045935377310707,2397
12_2_8,0.09138352741275403,0.10292629377378008,0.011542766361026052,0.011542766361026052,0.13535199736214695,0.137535518272976,0.0021835209108290454,0.018144014584093777,0.018144014584093777,0.06044723233241536,2398
20_1_17,0.12584309372408697,0.13618865667976843,0.010345562955681453,0.010345562955681453,0.14125782250872537,0.13306569678775113,-0.008192125720974247,0.015636946006408345,0.015636946006408345,0.06031693999276305,2399
19_2_28,0.12643268406991073,0.1265631051653599,0.00013042109544916802,0.00013042109544916802,0.14035113950629113,0.08767472869077321,-0.052676410815517924,0.00020082890266231957,0.00020082890266231957,0.05998930705435066,2400
3_1_13,0.11684506582895697,0.1151257270734024,-0.0017193387555545642,0.0017193387555545642,0.16278227115971525,0.20850214105810216,0.04571986989838692,-0.00221576566505889,0.00221576566505889,0.05945162622751012,2401
19_0_13,0.08136962360994451,0.08216416995758699,0.0007945463476424774,0.0007945463476424774,0.12160823721364872,0.17060208877798086,0.04899385156433214,0.0013603953613543717,0.0013603953613543717,0.05934030479665413,2402
0_1_28,0.14354196993915405,0.15361050017860037,0.010068530239446316,0.010068530239446316,0.18406560408564682,0.17111397145974586,-0.01295163262590096,0.011686057733977583,0.011686057733977583,0.05931234168119173,2403
6_2_30,0.057339001445388955,0.05503736296438313,-0.002301638481005827,0.002301638481005827,0.09751234971378747,0.05704964325323957,-0.0404627064605479,-0.005107134765998763,0.005107134765998763,0.05925027112227522,2404
0_1_21,0.1257715359790703,0.13519584079935415,0.009424304820283863,0.009424304820283863,0.14647608061481016,0.1585092971981993,0.012033216583389156,0.013645087160929261,0.013645087160929261,0.05924565566681947,2405
15_0_3,0.07692343358976901,0.08558262143142606,0.008659187841657048,0.008659187841657048,0.09374777296225997,0.08750306387690128,-0.006244709085358693,0.019727097004093842,0.019727097004093842,0.059187549829538944,2406
17_0_7,0.09598462647862879,0.08707323848446709,-0.008911387994161704,0.008911387994161704,0.1202617849798552,0.10977113875900639,-0.010490646220848804,-0.015841311396169004,0.015841311396169004,0.05917907496747741,2407
27_0_25,0.11345155470330162,0.12422379954692646,0.010772244843624837,0.010772244843624837,0.1688387425166715,0.17751441487833294,0.008675672361661446,0.013551977942136516,0.013551977942136516,0.05910543265108685,2408
21_1_31,0.15605441269801504,0.14362822566692302,-0.012426187031092023,0.012426187031092023,0.19733392180777937,0.20203870685843803,0.004704785050658661,-0.013393513388957648,0.013393513388957648,0.05903860545815104,2409
23_1_17,0.15863527274908512,0.1548613850390043,-0.003773887710080831,0.003773887710080831,0.15184792472337463,0.11575271454591406,-0.03609521017746058,-0.005346198175707654,0.005346198175707654,0.058790063298486545,2410
14_2_0,0.09423273160068872,0.10418318413217602,0.009950452531487297,0.009950452531487297,0.12898865435728063,0.13579389106466078,0.006805236707380147,0.016383690799133793,0.016383690799133793,0.05870354694923989,2411
7_1_23,0.13226988051157568,0.12523178164620513,-0.007038098865370546,0.007038098865370546,0.13223615921490753,0.11203177791478003,-0.0202043813001275,-0.011410660006386549,0.011410660006386549,0.058607883923813005,2412
19_2_4,0.06511659471917346,0.060730223030438055,-0.004386371688735402,0.004386371688735402,0.09620104523896907,0.06745520500075704,-0.028745840238212028,-0.009829272165423479,0.009829272165423479,0.05856827489071638,2413
14_1_19,0.16963054765990254,0.17989099443196394,0.010260446772061393,0.010260446772061393,0.15406586695772856,0.1626948119236251,0.008628944965896529,0.014142449469934582,0.014142449469934582,0.05845474299283493,2414
7_1_31,0.027284803607230464,0.03311166660626418,0.005826862999033719,0.005826862999033719,0.055461727735999666,0.04642033326015545,-0.00904139447584422,0.022529198206730893,0.022529198206730893,0.05837194237383545,2415
17_2_15,0.10410680411721857,0.09576474706842601,-0.008342057048792553,0.008342057048792553,0.12210934101846166,0.10938847078406845,-0.012720870234393208,-0.014615896356605932,0.014615896356605932,0.058363036825666126,2416
26_2_28,0.06877309313115074,0.07479497229101359,0.006021879159862853,0.006021879159862853,0.1301888843867466,0.1546016822905205,0.024412797903773875,0.009755116426020739,0.009755116426020739,0.058160863376905965,2417
25_2_27,0.10469458821508859,0.11492783970313163,0.010233251488043035,0.010233251488043035,0.1200728021104717,0.1167476435481605,-0.0033251585623111923,0.01817015005110509,0.01817015005110509,0.058101988614078864,2418
15_0_17,0.2834164468234445,0.28577611503172223,0.00235966820827771,0.00235966820827771,0.1802125248899282,0.1380813565932046,-0.04213116829672359,0.002816256332101636,0.002816256332101636,0.05805012314534082,2419
11_1_0,0.09879330536654761,0.10594506787207514,0.007151762505527529,0.007151762505527529,0.1363606990627236,0.1561752770608507,0.01981457799812708,0.011086465757184133,0.011086465757184133,0.05802784608031737,2420
3_2_20,0.2524524944093684,0.2618466114316053,0.009394117022236914,0.009394117022236914,0.15999953467980643,0.14763041841042732,-0.012369116269379116,0.012547037467753382,0.012547037467753382,0.0579849541359298,2421
19_1_22,0.09009010492044434,0.08391718803084425,-0.0061729168896000886,0.0061729168896000886,0.12215089216614072,0.09966064524253333,-0.02249024692360739,-0.010847980988848914,0.010847980988848914,0.057963999733885316,2422
28_0_12,0.04674742565545289,0.040920226461398326,-0.005827199194054562,0.005827199194054562,0.08423275115897741,0.06596321281035071,-0.0182695383486267,-0.014868355056494382,0.014868355056494382,0.05792944858381509,2423
10_0_27,0.03883951335880787,0.04319918651590299,0.004359673157095116,0.004359673157095116,0.06922973740185323,0.09317592497145204,0.023946187569598806,0.013157909926080319,0.013157909926080319,0.0577954324514571,2424
1_0_25,0.08716800537276734,0.07628816506382645,-0.010879840308940888,0.010879840308940888,0.12915964067774183,0.12743953796339016,-0.0017201027143516623,-0.01794713783659895,0.01794713783659895,0.057788402287653556,2425
13_1_6,0.05656288305926979,0.06251424415068146,0.005951361091411672,0.005951361091411672,0.08956156344619527,0.07116658880369744,-0.018394974642497827,0.014275499455920862,0.014275499455920862,0.057579310147625656,2426
6_0_26,0.05051044182448596,0.05853974842584764,0.008029306601361676,0.008029306601361676,0.0919828827426615,0.08439439136320491,-0.007588491379456594,0.018656625049395074,0.018656625049395074,0.05742183030262703,2427
16_0_11,0.0493785231961764,0.05852307889503483,0.009144555698858428,0.009144555698858428,0.09444253273209578,0.092142121353146,-0.0023004113789497765,0.020639365329594733,0.020639365329594733,0.05739238845233714,2428
21_1_26,0.16783978461725482,0.17790924084942542,0.010069456232170593,0.010069456232170593,0.15227848433370328,0.16052535886742034,0.008246874533717058,0.014043425698698426,0.014043425698698426,0.05734859225278531,2429
28_0_19,0.0630327187456129,0.07075508508727871,0.007722366341665801,0.007722366341665801,0.09443333193170847,0.08521236522937728,-0.00922096670233119,0.017489753240765318,0.017489753240765318,0.05675000466050599,2430
23_0_15,0.1230739558894042,0.13286344550420984,0.009789489614805635,0.009789489614805635,0.1731232585637009,0.1622487855403836,-0.010874473023317288,0.012076207104938803,0.012076207104938803,0.0567410144396512,2431
2_2_28,0.08236451423176737,0.09163131460461056,0.009266800372843192,0.009266800372843192,0.12600644548081494,0.1337065350527627,0.00770008957194776,0.015612818751270014,0.015612818751270014,0.05670524333475281,2432
18_1_14,0.07875391848810852,0.08466358750557189,0.00590966901746337,0.00590966901746337,0.11059429580844754,0.13201430906318687,0.02142001325473933,0.011265463876726155,0.011265463876726155,0.05661087855608396,2433
26_1_10,0.14356614292743594,0.15009499083521335,0.006528847907777413,0.006528847907777413,0.1464909733025072,0.12453013864387784,-0.021960834658629372,0.009554073615924138,0.009554073615924138,0.05653231908534043,2434
13_2_5,0.07240035711808632,0.07919682914824615,0.006796472030159831,0.006796472030159831,0.0997913192862857,0.08514479428183908,-0.014646525004446631,0.014597253763090665,0.014597253763090665,0.05617683106272643,2435
25_1_24,0.134346825495896,0.14076144908918797,0.006414623593291979,0.006414623593291979,0.15436483049413036,0.1316440472991749,-0.022720783194955463,0.008907169358419608,0.008907169358419608,0.05615304384906527,2436
15_2_26,0.07000448164288121,0.07892160960589044,0.008917127963009225,0.008917127963009225,0.09852055728390521,0.09511134136217396,-0.003409215921731254,0.01930266687524856,0.01930266687524856,0.05611248463845516,2437
2_2_23,0.14799343173765683,0.15214017851388775,0.00414674677623092,0.00414674677623092,0.1463266194877383,0.17825134903535586,0.03192472954761755,0.005966569996964676,0.005966569996964676,0.05601131366404153,2438
13_1_14,0.093167544721762,0.08289459546762167,-0.010272949254140337,0.010272949254140337,0.13394083203016893,0.13751088938938266,0.0035700573592137297,-0.016310310437088204,0.016310310437088204,0.055855833150432806,2439
27_0_8,0.09781810851045254,0.08992795379863852,-0.00789015471181402,0.00789015471181402,0.1411362950821867,0.12623776822856697,-0.014898526853619726,-0.011961597985085096,0.011961597985085096,0.05579350330673161,2440
1_2_3,0.1170874225973432,0.12838723534478697,0.011299812747443766,0.011299812747443766,0.174615297694943,0.17858535010922882,0.0039700524142858296,0.013764755241556468,0.013764755241556468,0.05557970642179945,2441
15_0_30,0.04656015518579676,0.05291970502727206,0.006359549841475298,0.006359549841475298,0.07649490749765547,0.0653893670111914,-0.011105540486464074,0.017816529065077608,0.017816529065077608,0.055518723159651034,2442
24_0_11,0.09389166052864872,0.09974147706589247,0.005849816537243743,0.005849816537243743,0.11821138676732305,0.13983029849924944,0.021618911731926385,0.01043916385774011,0.01043916385774011,0.055497386007575325,2443
29_2_11,0.08748017454251279,0.09049559717277032,0.0030154226302575304,0.0030154226302575304,0.12159537401048066,0.15682237813498762,0.03522700412450695,0.00519957530954423,0.00519957530954423,0.055478308412953856,2444
6_2_22,0.09606018320831092,0.10569202802952493,0.009631844821214014,0.009631844821214014,0.12473479119994073,0.12012369421805913,-0.004611096981881599,0.016470634720158535,0.016470634720158535,0.05546012719899059,2445
16_2_0,0.06258764400493379,0.06569904703258075,0.0031114030276469667,0.0031114030276469667,0.08568980266842201,0.054241190159677516,-0.03144861250874449,0.007845068985113168,0.007845068985113168,0.05523331469376942,2446
2_2_0,0.19528371775380682,0.18790713707167903,-0.007376580682127792,0.007376580682127792,0.1479313941885598,0.1306691999901636,-0.017262194198396197,-0.01067456334941865,0.01067456334941865,0.0551968983094519,2447
18_0_0,0.08740734388187521,0.09666365489862472,0.009256311016749508,0.009256311016749508,0.12875140513567826,0.13550910343892245,0.006757698303244186,0.015269328436252835,0.015269328436252835,0.055126984264368226,2448
0_1_5,0.11194696531052753,0.10459223157784814,-0.007354733732679392,0.007354733732679392,0.14079371851323938,0.12431731855903912,-0.016476399954200263,-0.011182600530093118,0.011182600530093118,0.05496911652977688,2449
28_0_9,0.09373458435998935,0.09935198796972541,0.00561740360973606,0.00561740360973606,0.11900269520588629,0.09695475830442345,-0.02204793690146284,0.010133442090162993,0.010133442090162993,0.054896947522843825,2450
8_2_3,0.12411445872305508,0.13341457504158,0.009300116318524912,0.009300116318524912,0.17775556510865434,0.1894244154295419,0.011668850320887547,0.011105457340100308,0.011105457340100308,0.05489079421512722,2451
3_2_28,0.09936897765410904,0.10976432828235778,0.010395350628248742,0.010395350628248742,0.13800667191886068,0.13534355378164714,-0.002663118137213538,0.016053671707912175,0.016053671707912175,0.05481289648245185,2452
24_0_23,0.1468086083092065,0.1505873701833494,0.0037787618741428886,0.0037787618741428886,0.17114708374943235,0.2045056168348389,0.03335853308540654,0.0046547004614504485,0.0046547004614504485,0.054739130350534064,2453
17_1_24,0.14443232174598478,0.15504819449489232,0.010615872748907546,0.010615872748907546,0.1987738535921848,0.19092685779915297,-0.00784699579303183,0.011393725019071058,0.011393725019071058,0.05467693056053203,2454
2_2_30,0.09315299317650226,0.08674974680521996,-0.006403246371282298,0.006403246371282298,0.13789112039159543,0.11793120546097456,-0.019959914930620867,-0.009952516557147439,0.009952516557147439,0.05448864167773594,2455
27_0_26,0.12134372260565757,0.11057231589900726,-0.010771406706650305,0.010771406706650305,0.16136938868925793,0.16509041779573894,0.0037210291064810053,-0.014197809880062818,0.014197809880062818,0.054431503393006606,2456
13_1_30,0.15896181716941649,0.14793323145620327,-0.011028585713213218,0.011028585713213218,0.21230437930067925,0.2053277155161359,-0.006976663784543341,-0.01107896992705309,0.01107896992705309,0.05440645414642985,2457
13_1_11,0.18590943800999885,0.19400062810681917,0.008091190096820328,0.008091190096820328,0.15246426406481625,0.13864456534262037,-0.013819698722195878,0.011347732357887266,0.011347732357887266,0.054271284522295474,2458
11_1_5,0.21786152299986433,0.2228817061311054,0.005020183131241057,0.005020183131241057,0.1936091934603364,0.16491220284317681,-0.02869699061715958,0.005558267369865855,0.005558267369865855,0.05424152739521441,2459
8_2_22,0.1258519934265495,0.12190034112536088,-0.0039516523011886295,0.0039516523011886295,0.1794984293109878,0.14720046861082106,-0.032297960700166745,-0.0047252195911624125,0.0047252195911624125,0.05412770624048121,2460
24_1_24,0.13936728369972776,0.1284308995371395,-0.01093638416258827,0.01093638416258827,0.19639507887225346,0.19048426392208864,-0.005910814950164822,-0.011874686575623504,0.011874686575623504,0.05407313655910883,2461
17_1_30,0.1441259431986685,0.15438311158602913,0.010257168387360627,0.010257168387360627,0.15416893255552547,0.1495327128202223,-0.0046362197353031764,0.014187178826204414,0.014187178826204414,0.054007330715707125,2462
2_1_31,0.08481069916187897,0.07699519544277851,-0.007815503719100461,0.007815503719100461,0.12421346979115819,0.11264199623391462,-0.01157147355724357,-0.013455173847032022,0.013455173847032022,0.05394814620307792,2463
4_1_18,0.1648990670083954,0.16007962101677722,-0.004819445991618182,0.004819445991618182,0.1968599029316502,0.1675911641217336,-0.029268738809916595,-0.0052480091053361535,0.0052480091053361535,0.05388433553725694,2464
9_0_15,0.1490630642131861,0.1408123437219107,-0.008250720491275398,0.008250720491275398,0.13400099952359043,0.1233019198755089,-0.010699079648081533,-0.013159307762485655,0.013159307762485655,0.05376514935261572,2465
1_2_25,0.11065211968501693,0.10216868467120721,-0.008483435013809715,0.008483435013809715,0.14486759984474393,0.13407933086968668,-0.010788268975057247,-0.012512670352994802,0.012512670352994802,0.05360216483644895,2466
2_1_8,0.23572073872149096,0.24594339423326975,0.010222655511778783,0.010222655511778783,0.18671973189586027,0.1794053333441657,-0.007314398551694579,0.011679797287731176,0.011679797287731176,0.05337970149822459,2467
2_1_9,0.11225976946079014,0.10715233251226004,-0.005107436948530095,0.005107436948530095,0.1391577153530487,0.16411941280895972,0.024961697455911036,-0.007744140368152774,0.007744140368152774,0.053369856928601765,2468
13_0_1,0.0594708773247744,0.05839161935896705,-0.001079257965807351,0.001079257965807351,0.09574528864912468,0.05413256465759127,-0.041612723991533415,-0.0024403590871450265,0.0024403590871450265,0.0533455174089205,2469
3_2_1,0.2186168499748967,0.22521551903873416,0.0065986690638374645,0.0065986690638374645,0.2021227027701789,0.18008683991451727,-0.022035862855661642,0.006986644374282167,0.006986644374282167,0.053177118197754836,2470
22_2_25,0.14133275663044306,0.13260309701706752,-0.008729659613375546,0.008729659613375546,0.15685022371009508,0.14635975837705106,-0.010490465333044013,-0.011888258062750774,0.011888258062750774,0.053072195455488254,2471
22_0_27,0.12506481635155972,0.13535631928450115,0.010291502932941426,0.010291502932941426,0.17024666408480393,0.1755910097735269,0.005344345688722968,0.012852914689644961,0.012852914689644961,0.053012614195193646,2472
2_1_3,0.10967319232836394,0.11532946552413706,0.005656273195773123,0.005656273195773123,0.15534916657263592,0.1786771360223252,0.02332796944968929,0.007694688128186821,0.007694688128186821,0.05299579077005433,2473
2_0_25,0.0693402788074376,0.06658395986895023,-0.002756318938487365,0.002756318938487365,0.10362382619120442,0.07064531057555366,-0.03297851561565075,-0.005738052343788498,0.005738052343788498,0.052979712490638445,2474
19_0_6,0.06596519789349194,0.06019329690280684,-0.0057719009906851,0.0057719009906851,0.09504172531406131,0.11161029475631207,0.016568569442250755,-0.01281681277677583,0.01281681277677583,0.05295180710095275,2475
15_1_24,0.041468377629296276,0.04736999445553307,0.005901616826236793,0.005901616826236793,0.06476354718483056,0.07279532162039012,0.008031774435559566,0.019281840499710004,0.019281840499710004,0.052844919330130025,2476
24_0_6,0.06581648283163587,0.07133816471377818,0.005521681882142318,0.005521681882142318,0.07869477029164912,0.06444217210052319,-0.014252598191125926,0.015059318231477083,0.015059318231477083,0.05281489895182343,2477
4_0_24,0.028693493260798016,0.03412711853156555,0.005433625270767538,0.005433625270767538,0.05374212277507137,0.04764707785442159,-0.0060950449206497795,0.021636783022843057,0.021636783022843057,0.05268457455367455,2478
26_1_18,0.07319662011247761,0.08176485457086405,0.008568234458386434,0.008568234458386434,0.10233899227541662,0.0992958431865064,-0.0030431490889102214,0.017851855348923643,0.017851855348923643,0.05266781010348566,2479
16_1_27,0.19549878420156022,0.1984990612576742,0.0030002770561139702,0.0030002770561139702,0.16097993321746276,0.19527629724005494,0.034296364022592174,0.0039251891599671,0.0039251891599671,0.052582118323472204,2480
22_0_11,0.2510151821339743,0.2598278534876719,0.008812671353697621,0.008812671353697621,0.19972227491004485,0.18680785854018692,-0.012914416369857934,0.009424436098355495,0.009424436098355495,0.05254893373619603,2481
16_0_14,0.24340479955601077,0.24220324570697108,-0.0012015538490396938,0.0012015538490396938,0.18893643247961964,0.14704642681260696,-0.041890005667012675,-0.0013672202849471932,0.0013672202849471932,0.052481274114533794,2482
13_1_25,0.15567560481185652,0.14577600574590394,-0.009899599065952586,0.009899599065952586,0.21462468412049168,0.20517010169139244,-0.009454582429099245,-0.009842499227916565,0.009842499227916565,0.052285816117864495,2483
29_2_17,0.1346141043325067,0.12806304290449094,-0.006551061428015759,0.006551061428015759,0.1674605782729131,0.1479462177224527,-0.019514360550460408,-0.008374541290392692,0.008374541290392692,0.05216611064236061,2484
7_2_20,0.06467955526166151,0.06858713543061648,0.003907580168954969,0.003907580168954969,0.0969148053017621,0.07140764720052012,-0.025507158101241975,0.0086811251891959,0.0086811251891959,0.05194947796203628,2485
29_2_5,0.1405735340725231,0.13722492708289516,-0.003348606989627939,0.003348606989627939,0.1735381830977651,0.14106772107835863,-0.032470462019406454,-0.004142831474648284,0.004142831474648284,0.05180775167930966,2486
8_2_15,0.14264087630794856,0.1494552479559044,0.006814371647955841,0.006814371647955841,0.19683168341775925,0.216673929724267,0.019842246306507744,0.007335604878354475,0.007335604878354475,0.051802485497702604,2487
1_0_3,0.07693815028402129,0.06884930950019731,-0.008088840783823978,0.008088840783823978,0.11466949915205105,0.10778679192715844,-0.006882707224892606,-0.01506233147153217,0.01506233147153217,0.05170346217382202,2488
19_0_17,0.05955161750887327,0.06653857068324481,0.006986953174371542,0.006986953174371542,0.08549829125724052,0.07895822780355473,-0.006540063453685796,0.017461705895589093,0.017461705895589093,0.05162703519284112,2489
16_0_6,0.08643708568059189,0.0816305624926468,-0.004806523187945083,0.004806523187945083,0.11490477192785539,0.0922995193138487,-0.0226052526140067,-0.008984022049003101,0.008984022049003101,0.05162556799960306,2490
5_2_20,0.1640446560429819,0.17445578633409076,0.01041113029110885,0.01041113029110885,0.20744370165044104,0.21397870165006483,0.006534999999623786,0.010671067165123019,0.010671067165123019,0.05160075453387185,2491
1_0_24,0.13838004684702185,0.13635785922466265,-0.0020221876223592006,0.0020221876223592006,0.20828743403763084,0.17014616287730855,-0.03814127116032229,-0.002084111552852875,0.002084111552852875,0.05156939380079557,2492
5_1_31,0.13807638809434009,0.1309565456812041,-0.007119842413135985,0.007119842413135985,0.19926478630774103,0.2175357892095983,0.018271002901857264,-0.007574411197520829,0.007574411197520829,0.051225103956832024,2493
26_2_0,0.11919656473727464,0.11121873568461574,-0.007977829052658897,0.007977829052658897,0.16881768504938274,0.18178262744270807,0.012964942393325324,-0.010025306547878966,0.010025306547878966,0.05111741685994636,2494
26_0_16,0.0407504604339481,0.0457295549586473,0.004979094524699197,0.004979094524699197,0.06526906845827815,0.05283892325665109,-0.012430145201627059,0.016378474755169938,0.016378474755169938,0.05110771466621912,2495
4_2_2,0.1798224396568883,0.1900512886379796,0.010228848981091304,0.010228848981091304,0.16321345185709357,0.16634824817885893,0.0031347963217653596,0.013332981038786777,0.013332981038786777,0.05102568141572965,2496
0_1_2,0.08652741539023215,0.09569251732511146,0.009165101934879308,0.009165101934879308,0.13309430890658383,0.13719472127833032,0.004100412371746492,0.014641344940978903,0.014641344940978903,0.050986261192113386,2497
23_2_20,0.040218425801053455,0.038067755277618444,-0.002150670523435011,0.002150670523435011,0.07802483935544824,0.04568480759645235,-0.03234003175899589,-0.005963935662541959,0.005963935662541959,0.0508826244553022,2498
19_0_23,0.11722236657034778,0.11976848280411419,0.00254611623376641,0.00254611623376641,0.17618130264969983,0.14137054940826546,-0.03481075324143437,0.003104031419347587,0.003104031419347587,0.050726716390071515,2499
18_1_29,0.1482497357210596,0.15334473044765265,0.005094994726593055,0.005094994726593055,0.1912987953045484,0.21654944424636013,0.025250648941811726,0.005634166985143416,0.005634166985143416,0.05067308211872798,2500
19_2_0,0.11336306411948127,0.1045000119517134,-0.008863052167767865,0.008863052167767865,0.16813893817865466,0.15958278528331193,-0.008556152895342728,-0.011251521538395462,0.011251521538395462,0.05036354244486263,2501
2_0_28,0.08952741079374801,0.0917241944974627,0.0021967837037146914,0.0021967837037146914,0.13218408473636536,0.09745747136783312,-0.03472661336853225,0.0035782651947900124,0.0035782651947900124,0.05032449896755747,2502
23_2_29,0.07722791751512646,0.08328491526102386,0.006056997745897394,0.006056997745897394,0.1317835734433781,0.11457268054351369,-0.01721089289986441,0.00984487262499714,0.00984487262499714,0.050266639445356816,2503
16_1_8,0.13430534835582747,0.12775729854864262,-0.006548049807184847,0.006548049807184847,0.17519700227663978,0.1570179891287245,-0.018179013147915285,-0.007996708674803243,0.007996708674803243,0.05011714191768248,2504
20_0_24,0.06637579909692676,0.0627744033331253,-0.00360139576380146,0.00360139576380146,0.09565601763083158,0.07035254700271837,-0.02530347062811321,-0.008106617103182837,0.008106617103182837,0.050048382079802195,2505
3_2_16,0.14287560816784042,0.13383493432507848,-0.009040673842761943,0.009040673842761943,0.1384169442489662,0.13400000544567992,-0.00441693880328628,-0.013928857216219233,0.013928857216219233,0.04998559672789803,2506
0_2_9,0.12329927192651398,0.13301633958478404,0.00971706765827006,0.00971706765827006,0.15232658020084006,0.15548808438987027,0.0031615041890302176,0.01357006732112737,0.01357006732112737,0.04995744513427558,2507
24_1_0,0.1263556012496854,0.11787516771342965,-0.008480433536255744,0.008480433536255744,0.18483750712737446,0.19583540373211109,0.010997896604736629,-0.009741809055921593,0.009741809055921593,0.04990660487961315,2508
17_1_13,0.11629877659215737,0.11964036518045118,0.003341588588293809,0.003341588588293809,0.12903689129193047,0.1001700509093086,-0.02886684038262187,0.005567707543898536,0.005567707543898536,0.049742815058436834,2509
23_2_24,0.11637088695785928,0.10576986176878153,-0.010601025189077753,0.010601025189077753,0.16831481369743553,0.16736635877662878,-0.0009484549208067516,-0.013415238070382989,0.013415238070382989,0.04972005681822979,2510
24_2_24,0.14089459859474462,0.14744147793464515,0.00654687933990053,0.00654687933990053,0.1499497481311367,0.13390998397544676,-0.016039764155689945,0.009342634395789907,0.009342634395789907,0.04960779308920495,2511
14_1_24,0.10769438195705096,0.11354386265805787,0.005849480701006909,0.005849480701006909,0.13391635040077515,0.15173516188628955,0.017818811485514396,0.009239441018329233,0.009239441018329233,0.04951326924066289,2512
24_1_31,0.08246540170100419,0.07772726789931676,-0.00473813380168743,0.00473813380168743,0.11834755845071501,0.09700623571335391,-0.0213413227373611,-0.008593053683779021,0.008593053683779021,0.04945532385821813,2513
26_0_22,0.05134696378937334,0.044289993892613594,-0.007056969896759746,0.007056969896759746,0.0895212248654464,0.09480738166131424,0.00528615679586783,-0.016736841701115744,0.016736841701115744,0.04938312738477217,2514
26_1_9,0.20633923278706198,0.19495563156853923,-0.011383601218522749,0.011383601218522749,0.21173222928831076,0.2105786121444575,-0.0011536171438532583,-0.011451762368109264,0.011451762368109264,0.049363966446264895,2515
21_0_1,0.12051602359152108,0.11011261325271682,-0.010403410338804264,0.010403410338804264,0.16962183848008774,0.17117440855758934,0.0015525700775015916,-0.013054570253716436,0.013054570253716436,0.04933672667492259,2516
18_0_18,0.07963893504721416,0.08745508724402791,0.007816152196813753,0.007816152196813753,0.10752503271468805,0.10266139279757953,-0.004863639917108517,0.015511117662491988,0.015511117662491988,0.04929845829017671,2517
28_1_14,0.07635805736258539,0.07346090095674698,-0.0028971564058384025,0.0028971564058384025,0.10313128332197127,0.0741783326218335,-0.028952950700137772,-0.0060522717961018655,0.0060522717961018655,0.049280694550345935,2518
12_1_8,0.14048847439619083,0.13661211168528292,-0.00387636271090791,0.00387636271090791,0.16284351594782484,0.13515125362213623,-0.02769226232568861,-0.005107235347021366,0.005107235347021366,0.049265012755565975,2519
28_1_19,0.0858202720055168,0.07911202131781347,-0.006708250687703324,0.006708250687703324,0.11756255157838937,0.10597408358284786,-0.011588467995541502,-0.012205354937389242,0.012205354937389242,0.0490949601718184,2520
22_0_1,0.1386206804208997,0.1421656299650459,0.003544949544146192,0.003544949544146192,0.14963685753286074,0.12129394795418189,-0.028342909578678854,0.005086710457769936,0.005086710457769936,0.049040866295863635,2521
26_1_3,0.12656983688513848,0.12365283163531957,-0.002917005249818916,0.002917005249818916,0.1346645418207442,0.16521587506308014,0.030551333242335943,-0.004558405432293584,0.004558405432293584,0.04902310548109507,2522
24_0_19,0.14370774903986538,0.14108346721505913,-0.002624281824806257,0.002624281824806257,0.13527508116945866,0.1036116268595103,-0.031663454309948366,-0.004172548235870857,0.004172548235870857,0.0489103513725285,2523
12_1_25,0.16952436234791216,0.17933686692145195,0.009812504573539799,0.009812504573539799,0.14821386301172054,0.14689037480685427,-0.0013234882048662744,0.014103518577356528,0.014103518577356528,0.04890797145645157,2524
10_2_23,0.042816020918057335,0.03779144754151913,-0.005024573376538208,0.005024573376538208,0.06550001775482583,0.055365120295647725,-0.010134897459178109,-0.016446268381687737,0.016446268381687737,0.048743388868352194,2525
10_0_26,0.09149126780581847,0.09630587248933076,0.0048146046835122885,0.0048146046835122885,0.1271192734537468,0.1483115366582418,0.021192263204494993,0.007997011278748408,0.007997011278748408,0.048657560547818175,2526
21_1_9,0.13275246662840062,0.12663715867401598,-0.006115307954384641,0.006115307954384641,0.1798287886229716,0.16100369603146564,-0.01882509259150597,-0.007276200912286215,0.007276200912286215,0.04861274949541737,2527
23_0_5,0.061349442652201214,0.05339951467969926,-0.007949927972501956,0.007949927972501956,0.12290890032457451,0.11687966656693458,-0.006029233757639932,-0.013804670296730524,0.013804670296730524,0.04857114809797027,2528
29_2_4,0.03590473600583963,0.04058680057468009,0.0046820645688404605,0.0046820645688404605,0.059372508768784776,0.04931384833920636,-0.010058660429578418,0.01691672623701681,0.01691672623701681,0.04836385548913989,2529
23_2_2,0.07134523544147037,0.07517393671951121,0.003828701278040844,0.003828701278040844,0.11481135823473493,0.1393886989438188,0.024577340709083878,0.0070227176682455,0.0070227176682455,0.04833186115199138,2530
18_1_5,0.1086821292993458,0.11819930717933139,0.009517177879985586,0.009517177879985586,0.13545866848654328,0.13509288779777834,-0.00036578068876494396,0.014962502768928706,0.014962502768928706,0.04821698740054724,2531
1_0_9,0.11070658594498928,0.10124145075250543,-0.009465135192483848,0.009465135192483848,0.14755538064436702,0.14961933971617702,0.0020639590718100065,-0.01365010232406739,0.01365010232406739,0.04812741826465142,2532
2_1_26,0.07951091500966494,0.07306089902692067,-0.006450015982744264,0.006450015982744264,0.12263216591812441,0.11032578878436315,-0.01230637713376126,-0.01125135481840931,0.01125135481840931,0.0478299152445583,2533
0_1_24,0.05377033406991758,0.05808551155303891,0.004315177483121331,0.004315177483121331,0.09843030965717044,0.1184673468161643,0.020037037158993867,0.009237563900935344,0.009237563900935344,0.04771227215969026,2534
4_0_18,0.10019617621121928,0.09440128059433314,-0.005794895616886134,0.005794895616886134,0.11839326454607783,0.10371438880986446,-0.014678875736213376,-0.010481151796477463,0.010481151796477463,0.04757846596840083,2535
14_0_30,0.18836078611435983,0.19815394602748454,0.00979315991312471,0.00979315991312471,0.1819103695469524,0.1854078569902714,0.003497487443319014,0.011453323790245933,0.011453323790245933,0.04755219113321276,2536
5_2_21,0.11197049946544939,0.11481295512698877,0.0028424556615393864,0.0028424556615393864,0.121341016943842,0.09253958768430207,-0.028801429259539935,0.005039020440512128,0.005039020440512128,0.04752183996618428,2537
11_1_4,0.09223093399036789,0.08788135322899951,-0.004349580761368377,0.004349580761368377,0.1109288016123638,0.09023670747677494,-0.020692094135588868,-0.008418015999317784,0.008418015999317784,0.047386745502617775,2538
9_1_5,0.0753994398770584,0.07885701178493051,0.0034575719078721173,0.0034575719078721173,0.10923353196773948,0.08433457277987585,-0.024898959187863626,0.006806413431942859,0.006806413431942859,0.04734824553662113,2539
9_2_4,0.1410156326537497,0.1447440277296052,0.0037283950758555118,0.0037283950758555118,0.1302533055908966,0.10530119607227593,-0.02495210951862066,0.006146569556047097,0.006146569556047097,0.04723271295014931,2540
7_2_24,0.05048998083952212,0.04752636609101864,-0.0029636147485034847,0.0029636147485034847,0.08882083886378836,0.06330183558394872,-0.025519003279839636,-0.007190185583583124,0.007190185583583124,0.047206610435455036,2541
14_2_14,0.11373556617414925,0.12106047658433614,0.007324910410186888,0.007324910410186888,0.1387147988499137,0.12924778684113594,-0.009467012008777753,0.011280156949310588,0.011280156949310588,0.04712101604117597,2542
8_0_2,0.1451456573039207,0.15125629356443054,0.0061106362605098385,0.0061106362605098385,0.197464003730968,0.21582476004864332,0.01836075631767531,0.006559666679106714,0.006559666679106714,0.04706154700259885,2543
8_0_17,0.06200240475974359,0.066405641219452,0.004403236459708408,0.004403236459708408,0.07497263709121864,0.06007287831716934,-0.014899758774049296,0.012614320937376203,0.012614320937376203,0.046948473740780705,2544
21_2_24,0.11107712700551507,0.11940098244114791,0.00832385543563284,0.00832385543563284,0.15534756417226653,0.16197963745969304,0.006632073287426515,0.011386434525737515,0.011386434525737515,0.046874412347934005,2545
1_1_29,0.08711756633711744,0.08231087764875458,-0.004806688688362856,0.004806688688362856,0.11660424449111906,0.13521498498605272,0.018610740494933664,-0.008707142183377916,0.008707142183377916,0.04673039802084765,2546
1_1_0,0.11815300600115615,0.11251131232690059,-0.005641693674255557,0.005641693674255557,0.16852399462675896,0.15012551325885626,-0.018398481367902703,-0.007164360429046645,0.007164360429046645,0.046646295894093144,2547
7_1_7,0.045124590681256474,0.05034756614569784,0.005222975464441365,0.005222975464441365,0.07077118590352448,0.07952858938347651,0.008757403479952033,0.01561721885357174,0.01561721885357174,0.04657236650429206,2548
9_1_16,0.053723673474764706,0.049475611956371346,-0.00424806151839336,0.00424806151839336,0.08244063624636376,0.06557407294576405,-0.016866563300599713,-0.011070071274675415,0.011070071274675415,0.046544484200623466,2549
6_1_15,0.13110654746962241,0.13374311292346353,0.002636565453841111,0.002636565453841111,0.1317234443795661,0.10243708025261257,-0.029286364126953526,0.00430321408075447,0.00430321408075447,0.046449763001087274,2550
0_2_17,0.17851121265131656,0.1740797647353897,-0.004431447915926867,0.004431447915926867,0.16834030682267423,0.1915438677644976,0.02320356094182338,-0.0055669928327873,0.0055669928327873,0.04641067511681138,2551
10_0_6,0.09462399211077917,0.10251825255061378,0.007894260439834613,0.007894260439834613,0.13897684225659349,0.1453800768259072,0.006403234569313715,0.012068699372304674,0.012068699372304674,0.04637872121702655,2552
27_2_20,0.13522377950456416,0.13413444115905182,-0.0010893383455123362,0.0010893383455123362,0.1500271420649481,0.11355417661169831,-0.036472965453249795,-0.0015622487609650761,0.0015622487609650761,0.04633560003570409,2553
27_0_0,0.082798645094101,0.07626263686057425,-0.006536008233526749,0.006536008233526749,0.11885150888693961,0.108842520306793,-0.010008988580146608,-0.011755694698321044,0.011755694698321044,0.046194840094406664,2554
5_0_1,0.2825501219364483,0.28846991244914993,0.005919790512701639,0.005919790512701639,0.23683267415322362,0.21727525320518223,-0.019557420948041387,0.005343154164953805,0.005343154164953805,0.046153387558217025,2555
4_2_0,0.10833973508636782,0.11639429376305477,0.008054558676686946,0.008054558676686946,0.1512573820658151,0.15798731315039924,0.00672993108458414,0.011314997975777239,0.011314997975777239,0.04612899421448917,2556
18_1_13,0.1054585963460542,0.10188097316526179,-0.003577623180792411,0.003577623180792411,0.12319341775709247,0.09896368343218105,-0.02422973432491142,-0.00623725012583505,0.00623725012583505,0.046124203106444106,2557
2_1_16,0.1426457015369783,0.1488299848655469,0.006184283328568602,0.006184283328568602,0.11371068681335869,0.10273611917450441,-0.01097456763885428,0.01163221475844356,0.01163221475844356,0.04612306271227786,2558
11_1_13,0.19478540418054735,0.18676311653865013,-0.008022287641897219,0.008022287641897219,0.2087387078518529,0.19803850510805945,-0.010700202743793436,-0.008203737168950743,0.008203737168950743,0.04610932248871775,2559
17_0_27,0.14088370524149288,0.14179853450245974,0.0009148292609668651,0.0009148292609668651,0.1696430150227473,0.1325026498212755,-0.03714036520147182,0.00115922950675218,0.00115922950675218,0.04602839508327105,2560
2_1_19,0.10384309625464638,0.10535017121995702,0.0015070749653106341,0.0015070749653106341,0.14344198104789763,0.10922914209904912,-0.03421283894884851,0.002260172546073722,0.002260172546073722,0.045946225138930395,2561
14_0_24,0.14065256697094233,0.1375177515424282,-0.003134815428514126,0.003134815428514126,0.19641758807043888,0.1677084246487205,-0.028709163421718392,-0.0034209352762727047,0.0034209352762727047,0.04594585343673878,2562
11_1_27,0.10535296487799904,0.11329592805764807,0.007942963179649029,0.007942963179649029,0.12979584903675032,0.1344531748605848,0.0046573258238344906,0.01300848241700859,0.01300848241700859,0.04587749846864173,2563
7_1_30,0.09797497700275899,0.09952835258226707,0.0015533755795080761,0.0015533755795080761,0.13830642660959197,0.1045692388551893,-0.03373718775440267,0.0024165942031155125,0.0024165942031155125,0.045761185444008104,2564
15_1_22,0.12235189460849476,0.11424034323589505,-0.00811155137259971,0.00811155137259971,0.1485674550238467,0.15444814364592127,0.005880688622074581,-0.01160415453151136,0.01160415453151136,0.04574066296340463,2565
9_2_8,0.08808046774167101,0.08505766321616523,-0.0030228045255057817,0.0030228045255057817,0.12125431033160738,0.09489001513937942,-0.026364295192227966,-0.005358553138385415,0.005358553138385415,0.04573192202218787,2566
11_0_9,0.1892061796510685,0.19311571933387867,0.003909539682810159,0.003909539682810159,0.1953340222230782,0.16988328900420233,-0.025450733218875865,0.004287194484577424,0.004287194484577424,0.04566962207029857,2567
24_1_16,0.13861391621889543,0.13180857396659412,-0.006805342252301311,0.006805342252301311,0.20127458139768695,0.21585197943564852,0.01457739803796157,-0.0071746222049164565,0.0071746222049164565,0.045613430025647245,2568
19_2_29,0.1197658116415737,0.11676841285283412,-0.002997398788739572,0.002997398788739572,0.14203033568566475,0.11467271576973978,-0.027357619915924974,-0.004531945317059632,0.004531945317059632,0.04561018523498964,2569
10_2_10,0.10385731999515198,0.09693600079226597,-0.006921319202886009,0.006921319202886009,0.1474097261866675,0.1368288423003694,-0.010580883886298104,-0.010031652608534313,0.010031652608534313,0.04547808058995864,2570
0_1_10,0.08165823019533067,0.07505940104427052,-0.006598829151060151,0.006598829151060151,0.10258710986813196,0.0960106544395156,-0.00657645542861636,-0.013737758487937056,0.013737758487937056,0.045307460086462886,2571
14_2_19,0.08412423522872318,0.07947485482463772,-0.004649380404085468,0.004649380404085468,0.10983949826167223,0.09286657184915396,-0.01697292641251827,-0.00907576693564369,0.00907576693564369,0.04496503354268193,2572
28_0_8,0.10186516830958588,0.10103687127817382,-0.0008282970314120591,0.0008282970314120591,0.13374135022824546,0.0976764040038816,-0.03606494622436386,-0.001333813159782875,0.001333813159782875,0.04482065995650172,2573
21_1_2,0.13264197679184048,0.12355568634538258,-0.009086290446457895,0.009086290446457895,0.19271204187870278,0.19723902906808927,0.004526987189386489,-0.010029070020222405,0.010029070020222405,0.04471545954226098,2574
17_1_8,0.12758323952110884,0.12282995506591746,-0.004753284455191381,0.004753284455191381,0.14827840093876352,0.12902067331151704,-0.01925772762724648,-0.006866374869706707,0.006866374869706707,0.0447036991707188,2575
14_2_5,0.12385479201862733,0.11631967891629524,-0.007535113102332083,0.007535113102332083,0.16088768570508352,0.16914547209431496,0.008257786389231442,-0.00994844482372142,0.00994844482372142,0.04446101102578304,2576
5_0_16,0.05318818757523494,0.0528860517979981,-0.0003021357772368394,0.0003021357772368394,0.09007502845456568,0.05235278862188961,-0.03772223983267607,-0.000725856723831509,0.000725856723831509,0.04435395287128376,2577
29_2_2,0.048557504916725565,0.04910414907173042,0.0005466441550048551,0.0005466441550048551,0.08250987344346826,0.04634748057656522,-0.03616239286690304,0.0014344638724651097,0.0014344638724651097,0.04428382792976478,2578
0_1_26,0.06894023141686147,0.07521875413962958,0.006278522722768118,0.006278522722768118,0.09361693122536154,0.08792644991929445,-0.005690481306067086,0.014321105075821633,0.014321105075821633,0.04423705755707273,2579
19_0_21,0.07884613692072945,0.08641069133280724,0.00756455441207779,0.00756455441207779,0.11749413860609115,0.12069336205782914,0.0031992234517379953,0.013691534181777508,0.013691534181777508,0.04414042789286678,2580
16_2_8,0.14729484018650227,0.1437908296128597,-0.0035040105736425797,0.0035040105736425797,0.19599959007249002,0.17035887060943378,-0.02564071946305624,-0.0038295354060562444,0.0038295354060562444,0.04409945333727935,2581
22_0_26,0.14837956378278436,0.14452029855991164,-0.003859265222872721,0.003859265222872721,0.21749444720467376,0.19276053083516312,-0.02473391636951064,-0.003798206313493964,0.003798206313493964,0.0440281808667366,2582
18_2_15,0.10435561478481827,0.11154774393671052,0.007192129151892254,0.007192129151892254,0.12630672763300005,0.12058991356419747,-0.005716814068802575,0.012150983170103853,0.012150983170103853,0.04375389916290153,2583
5_1_0,0.12586227537879335,0.12008004136703083,-0.005782234011762519,0.005782234011762519,0.18494842726046087,0.1689571201050754,-0.015991307155385465,-0.006684187447792884,0.006684187447792884,0.04364623919819294,2584
3_0_16,0.1291197112650724,0.13570446957307325,0.006584758308000843,0.006584758308000843,0.18081857666356865,0.1683433730725107,-0.012475203591057943,0.0077796729904245675,0.0077796729904245675,0.04348197516267864,2585
1_2_11,0.0802682268790075,0.07858849466899068,-0.0016797322100168266,0.0016797322100168266,0.1296665361868549,0.0988137904553259,-0.03085274573152899,-0.002786668742009527,0.002786668742009527,0.04338722941190402,2586
7_1_24,0.046792542267377675,0.05256637584072306,0.005773833573345384,0.005773833573345384,0.07336204438343624,0.076470172242823,0.0031081278593867584,0.016723797389764337,0.016723797389764337,0.0433135928009698,2587
2_0_29,0.08679046045552863,0.09472199863830152,0.007931538182772896,0.007931538182772896,0.11949788581185632,0.11864532253522589,-0.0008525632766304275,0.014138279447667657,0.014138279447667657,0.0431556127810304,2588
12_2_1,0.10866060177179054,0.11660612638847709,0.007945524616686545,0.007945524616686545,0.14073244145987732,0.14405438839897067,0.003321946939093351,0.012008793567344167,0.012008793567344167,0.042963572649363596,2589
19_0_15,0.0854996724049958,0.09309372966349948,0.007594057258503678,0.007594057258503678,0.12460154493136387,0.12759044584862628,0.0029889009172624076,0.012963079916161144,0.012963079916161144,0.04295449251013246,2590
11_1_30,0.10589881780292554,0.107653353091903,0.0017545352889774685,0.0017545352889774685,0.13444504268187948,0.16468869019985619,0.0302436475179767,0.00274660798425492,0.00274660798425492,0.042853386841912804,2591
15_2_7,0.05256734616149966,0.05772808865956184,0.005160742498062178,0.005160742498062178,0.08199534902674242,0.07386565252735233,-0.00812969649939009,0.01346284716446798,0.01346284716446798,0.04263972794493716,2592
26_0_11,0.08794237088519903,0.08441284523158288,-0.003529525653616153,0.003529525653616153,0.09538393264226518,0.07643227118417795,-0.01895166145808723,-0.00794796244148228,0.00794796244148228,0.042461053380249525,2593
2_0_31,0.07123268783050053,0.0760005992408193,0.004767911410318765,0.004767911410318765,0.10921137345137,0.09526806306406203,-0.013943310387307964,0.009350245435930358,0.009350245435930358,0.042270111921988505,2594
18_1_2,0.09285679274018108,0.09637914584656102,0.0035223531063799385,0.0035223531063799385,0.11887577030894937,0.0981210155986448,-0.020754754710304565,0.006358390800450369,0.006358390800450369,0.04222303010667801,2595
26_1_24,0.09422803204854105,0.09000862142700619,-0.004219410621534858,0.004219410621534858,0.14916091385350208,0.12980855602270794,-0.019352357830794142,-0.006059100856940816,0.006059100856940816,0.042171339724003526,2596
17_1_20,0.07645529394839365,0.0769891664416846,0.0005338724932909544,0.0005338724932909544,0.09614104275718835,0.06172427126415349,-0.03441677149303486,0.0011994688833762512,0.0011994688833762512,0.041947206643778996,2597
25_2_23,0.09824894773696041,0.09965930141479284,0.0014103536778324322,0.0014103536778324322,0.10135166863110143,0.0715742629952679,-0.02977740563583353,0.0029994195378465227,0.0029994195378465227,0.04172127522159129,2598
19_1_11,0.09951129183342713,0.09589199749796194,-0.0036192943354651924,0.0036192943354651924,0.12366261420349108,0.10363400530387434,-0.02002860889961673,-0.006277300064929948,0.006277300064929948,0.041561158649758644,2599
17_0_29,0.11016530720974771,0.11284488105091599,0.0026795738411682785,0.0026795738411682785,0.13564307151099142,0.11079818402698133,-0.024844887484010092,0.004240611747998594,0.004240611747998594,0.04147412992038266,2600
11_1_16,0.03317343819298784,0.029742496961337673,-0.0034309412316501676,0.0034309412316501676,0.05747625909203767,0.04531530206931573,-0.012160957022721942,-0.0128272393329034,0.0128272393329034,0.04143766536269719,2601
22_0_29,0.1304366638613501,0.13775015850138708,0.007313494640036972,0.007313494640036972,0.1602755360086343,0.1666541823875454,0.006378646378911085,0.009698290254289775,0.009698290254289775,0.04136718186574006,2602
25_0_3,0.06861279683824505,0.06838943143483324,-0.0002233654034118071,0.0002233654034118071,0.10029014174308859,0.06487471964573918,-0.03541542209734941,-0.0004810073024094871,0.0004810073024094871,0.04118572770296218,2603
3_1_2,0.055952847230560314,0.05107882985460275,-0.004874017375957565,0.004874017375957565,0.11395644224722087,0.1269928746105345,0.013036432363313616,-0.009056058478952607,0.009056058478952607,0.041128415380128076,2604
11_2_18,0.2221722856002053,0.22357067207332362,0.0013983864731183238,0.0013983864731183238,0.14868913968368971,0.11818977349393767,-0.030499366189752047,0.0020206148385886642,0.0020206148385886642,0.04111573916603577,2605
16_2_7,0.13099912443128037,0.13829531340015794,0.0072961889688775705,0.0072961889688775705,0.16295620484484818,0.16931558230031926,0.006359377455471077,0.00951655911934928,0.00951655911934928,0.04103963703669903,2606
15_2_27,0.048274131556035486,0.04599271453139002,-0.002281417024645467,0.002281417024645467,0.08925830256200061,0.06542978870245114,-0.02382851385954947,-0.005504053790861592,0.005504053790861592,0.04100156932192263,2607
10_2_9,0.07673882109590367,0.0691149672013691,-0.007623853894534571,0.007623853894534571,0.11734807671970174,0.11742101489202131,7.29381723195699e-05,-0.013833748440042228,0.013833748440042228,0.0409832613527366,2608
7_2_30,0.05805083295135294,0.05240618594899431,-0.00564464700235863,0.00564464700235863,0.08771749019217506,0.08265969245884883,-0.005057797733326236,-0.013739358956007978,0.013739358956007978,0.04092382401004585,2609
4_2_25,0.09848471308982598,0.10667563133692701,0.008190918247101026,0.008190918247101026,0.13848606911456696,0.13835858374541765,-0.00012748536914930497,0.012595249799570225,0.012595249799570225,0.04088003320177479,2610
21_2_25,0.14468299126730866,0.15006467200344598,0.005381680736137318,0.005381680736137318,0.17029021033018257,0.15584849549336174,-0.01444171483682083,0.0067561620088862125,0.0067561620088862125,0.040878693284257306,2611
13_2_16,0.150830148625611,0.15477328207733215,0.003943133451721148,0.003943133451721148,0.20091466199053915,0.22217413672354186,0.021259474733002715,0.004157477060104184,0.004157477060104184,0.04085468074332788,2612
7_0_8,0.021681000527968477,0.020120587020230105,-0.0015604135077383723,0.0015604135077383723,0.05578440975810367,0.03099841930114495,-0.02478599045695872,-0.006057344749425314,0.006057344749425314,0.04084420057848153,2613
5_2_3,0.12894137528356633,0.135106824257889,0.006165448974322668,0.006165448974322668,0.1935808815605788,0.20586433100417267,0.012283449443593886,0.006761426324137607,0.006761426324137607,0.040649020772408145,2614
6_2_10,0.055184491717040665,0.05888606177903786,0.0037015700619971934,0.0037015700619971934,0.08101974153128415,0.06657054353952031,-0.014449197991763835,0.00980517950630442,0.00980517950630442,0.0404966634692923,2615
8_0_11,0.12846116309230626,0.1317891195838215,0.003327956491515238,0.003327956491515238,0.18031699507033638,0.1577214354788341,-0.02259555959150228,0.0039525384991289,0.0039525384991289,0.04034706606361982,2616
15_2_31,0.10069606162027188,0.09940319209072686,-0.001292869529545021,0.001292869529545021,0.15008375190610507,0.18023829960265,0.030154547696544937,-0.0018154777945069832,0.0018154777945069832,0.040140838018357064,2617
7_2_15,0.1224414390514402,0.1272112317112083,0.004769792659768096,0.004769792659768096,0.16884111114261233,0.15278872797693646,-0.016052383165675865,0.006042128035688028,0.006042128035688028,0.03996900059018414,2618
11_0_6,0.14798528177732867,0.15412808967075065,0.006142807893421975,0.006142807893421975,0.18196998708504733,0.17080017334995312,-0.011169813735094208,0.007209174907742438,0.007209174907742438,0.03996402424540134,2619
11_2_4,0.1079004691741874,0.11389049980641053,0.005990030632223128,0.005990030632223128,0.14264400247995146,0.15189507541976807,0.009251072939816612,0.008914020900618831,0.008914020900618831,0.039786694302701375,2620
12_1_21,0.13168524847882407,0.1365978523771891,0.004912603898365037,0.004912603898365037,0.17154778555821704,0.15612564821231004,-0.015422137345907,0.006123463233895875,0.006123463233895875,0.03977377501266421,2621
18_0_13,0.2256599616365375,0.2287248578170375,0.0030648961804999875,0.0030648961804999875,0.16418469154118798,0.14171901352467217,-0.022465678016515805,0.003999702057590277,0.003999702057590277,0.03953029606073572,2622
1_2_28,0.0872129941337175,0.0836977854412247,-0.003515208692492791,0.003515208692492791,0.1156714135987686,0.09749891953704957,-0.01817249406171903,-0.006516676934007675,0.006516676934007675,0.03951579485828804,2623
3_1_24,0.010485617573613226,0.00932239958803629,-0.0011632179855769354,0.0011632179855769354,0.03884283553503167,0.014864464347505147,-0.023978371187526524,-0.006510991199812959,0.006510991199812959,0.039463035082461684,2624
7_1_4,0.05842659999943413,0.06416581762818799,0.005739217628753859,0.005739217628753859,0.09644147739261646,0.09164485593315683,-0.004796621459459638,0.012701494612674722,0.012701494612674722,0.03942476050360064,2625
4_0_17,0.114992020600024,0.12135387150490866,0.0063618509048846555,0.0063618509048846555,0.14050830462634914,0.1335302650118482,-0.006978039614500942,0.00966408608854031,0.00966408608854031,0.03932793727059791,2626
19_0_7,0.14373680607447786,0.14153073380968667,-0.0022060722647911923,0.0022060722647911923,0.20283908695543637,0.17656911080711427,-0.026269976148322105,-0.0023296040734789372,0.0023296040734789372,0.03904808437230657,2627
12_1_22,0.12481043127726002,0.13247061415419956,0.007660182876939536,0.007660182876939536,0.18051480641890025,0.18447286553590145,0.0039580591170012,0.00902706089452583,0.00902706089452583,0.03865911539714813,2628
16_2_12,0.1177654231036942,0.11389727928936141,-0.003868143814332786,0.003868143814332786,0.14841196852137503,0.1661495894272181,0.017737620905843077,-0.005517204406259356,0.005517204406259356,0.03859922141529351,2629
4_0_2,0.05123280578281589,0.04931209729086475,-0.0019207084919511397,0.0019207084919511397,0.0932149366214254,0.1172342855744244,0.02401934895299901,-0.004328464756717762,0.004328464756717762,0.03854137239322567,2630
21_0_30,0.12317473295240239,0.11792531971045332,-0.005249413241949066,0.005249413241949066,0.16452186039111946,0.17712548176758772,0.012603621376468255,-0.006769149733515251,0.006769149733515251,0.03845411624811979,2631
23_0_4,0.08481111553443527,0.09053744288364232,0.0057263273492070554,0.0057263273492070554,0.12705093159247013,0.11925313280699885,-0.00779779878547128,0.009625155057040364,0.009625155057040364,0.03841624667684308,2632
14_0_0,0.1293094162667138,0.12742728246878182,-0.0018821337979319785,0.0018821337979319785,0.1864160590226366,0.15974605812995227,-0.026670000892684342,-0.0021638465502321,0.0021638465502321,0.03835667369134876,2633
6_1_8,0.14854033847881148,0.15650407381318196,0.007963735334370475,0.007963735334370475,0.15645671490639493,0.1558353036531741,-0.0006214112532208216,0.010841135755484715,0.010841135755484715,0.03831652266926153,2634
12_2_18,0.1854836174239323,0.19334293960365745,0.007859322179725153,0.007859322179725153,0.14596364364991687,0.14603718487837794,7.354122846106592e-05,0.011465609051439068,0.011465609051439068,0.03829049991211281,2635
23_2_10,0.04766629405881456,0.0520726415013642,0.004406347442549641,0.004406347442549641,0.08709763235772192,0.07775303874615037,-0.009344593611571542,0.01082561652152383,0.01082561652152383,0.03816129534670733,2636
5_1_16,0.15154694142969902,0.15851164424954606,0.006964702819847041,0.006964702819847041,0.2034873687012448,0.21086838309311237,0.007381014391867585,0.007275903565782356,0.007275903565782356,0.03808988789814463,2637
23_0_29,0.045468235328341385,0.041200028574525906,-0.004268206753815479,0.004268206753815479,0.08657687591508197,0.07663466956817416,-0.009942206346907803,-0.010552739479950808,0.010552739479950808,0.038061596373163656,2638
0_2_29,0.16112856821066893,0.15529700935469692,-0.005831558855972002,0.005831558855972002,0.19110929560968537,0.18006031697479535,-0.011048978634890017,-0.006515586896687077,0.006515586896687077,0.0379735328179154,2639
2_1_17,0.12683151820668428,0.13300402533695743,0.006172507130273147,0.006172507130273147,0.13253867440640077,0.1384117239305132,0.005873049524112439,0.009895978044073925,0.009895978044073925,0.037879922709587045,2640
27_2_25,0.07167873809681487,0.07057737354450808,-0.001101364552306791,0.001101364552306791,0.12895586957012262,0.10039764407689974,-0.028558225493222872,-0.0018361002725687324,0.0018361002725687324,0.03783366564825279,2641
26_0_23,0.04184489569254939,0.03921361124640645,-0.0026312844461429397,0.0026312844461429397,0.07180637243328492,0.054722807274938605,-0.01708356515834631,-0.00788253243521525,0.00788253243521525,0.03774528352247182,2642
28_2_24,0.09540895357521839,0.0922858532872643,-0.0031231002879540948,0.0031231002879540948,0.1041094045744422,0.08643993755503372,-0.017669467019408483,-0.006436040182580383,0.006436040182580383,0.03773575778413685,2643
23_0_3,0.06157754060740819,0.06442472932085819,0.002847188713449994,0.002847188713449994,0.10349163221545386,0.08447261753623748,-0.01901901467921638,0.005905792836387922,0.005905792836387922,0.03773334249001717,2644
23_0_23,0.050106176431744205,0.048748090669924846,-0.0013580857618193595,0.0013580857618193595,0.08273856547542548,0.05719165796243965,-0.025546907512985828,-0.003539811634266286,0.003539811634266286,0.03757036489432095,2645
5_1_3,0.15603365837007907,0.16133943231337217,0.005305773943293096,0.005305773943293096,0.15727619804969395,0.14616003180931028,-0.011116166240383668,0.007207502488483592,0.007207502488483592,0.037555726256445765,2646
0_2_31,0.09560839219555949,0.0990815797893841,0.003473187593824617,0.003473187593824617,0.14015714458894682,0.15827774430432515,0.018120599715378327,0.005242936877156578,0.005242936877156578,0.037535945907951056,2647
10_1_29,0.0342814984313533,0.03360551309549877,-0.0006759853358545287,0.0006759853358545287,0.07543922097666611,0.046460479795381246,-0.028978741181284864,-0.001937091234721685,0.001937091234721685,0.03725882236570641,2648
21_0_3,0.16001957266998182,0.15241008351707785,-0.007609489152903964,0.007609489152903964,0.15846264413549438,0.15713335698310163,-0.0013292871523927496,-0.01022997105709812,0.01022997105709812,0.037256582047113185,2649
8_0_26,0.08466360733983064,0.08802235752976054,0.003358750189929899,0.003358750189929899,0.12179985818373767,0.1391565567146442,0.017356698530906517,0.0058302202036098535,0.0058302202036098535,0.037185611550522406,2650
1_0_30,0.13090149136228352,0.13829004012700769,0.007388548764724168,0.007388548764724168,0.1734134526355628,0.17017119704103384,-0.0032422555945289533,0.009081080758122327,0.009081080758122327,0.03716743683184073,2651
18_0_5,0.21244339493887726,0.2182762655739865,0.005832870635109233,0.005832870635109233,0.1670128103270639,0.15788881940996505,-0.00912399091709884,0.007456206315972126,0.007456206315972126,0.0371387995988014,2652
22_0_3,0.13797318014295878,0.144191072605827,0.006217892462868219,0.006217892462868219,0.1561645284012597,0.16297837887825792,0.006813850476998229,0.00846098423357831,0.00846098423357831,0.03703586732660305,2653
12_1_20,0.07780762159642117,0.07238497479336407,-0.005422646803057096,0.005422646803057096,0.09128278600560946,0.08788485786005969,-0.003397928145549775,-0.012671851494169967,0.012671851494169967,0.036918781893483535,2654
11_0_2,0.11909758240038597,0.12495609323237708,0.005858510831991112,0.005858510831991112,0.12569591740993846,0.13142579379760036,0.0057298763876618974,0.009903264621286241,0.009903264621286241,0.03684897484780322,2655
7_2_26,0.07218288659419939,0.0763400895480606,0.004157202953861211,0.004157202953861211,0.09669423849210372,0.08593980012974427,-0.010754438362359453,0.009201552358285698,0.009201552358285698,0.03675303932945085,2656
8_2_2,0.052367003841785886,0.05591339511151715,0.003546391269731261,0.003546391269731261,0.10635985604883742,0.09167714086866476,-0.014682715180172667,0.007144433334062747,0.007144433334062747,0.03655754399862797,2657
21_0_20,0.3124629383500991,0.31621765787728756,0.003754719527188477,0.003754719527188477,0.18586828801351324,0.16816848866267708,-0.017699799350836154,0.004320635235546307,0.004320635235546307,0.0365444331162128,2658
29_1_23,0.1146082309733958,0.11090539807702895,-0.003702832896366845,0.003702832896366845,0.16169190555445606,0.14459867808537097,-0.017093227469085093,-0.004900235523795424,0.004900235523795424,0.03653587217970997,2659
3_1_14,0.18225397659395884,0.180293874508569,-0.0019601020853898254,0.0019601020853898254,0.2206693596751354,0.24578021999373278,0.025110860318597383,-0.0018808687468302434,0.0018808687468302434,0.036416617265716066,2660
24_0_30,0.09741685042046759,0.09946816678565021,0.0020513163651826177,0.0020513163651826177,0.13213556542019986,0.15518898758586558,0.02305342216566572,0.0032765623321798594,0.0032765623321798594,0.0363288462642063,2661
26_0_5,0.05245065519291606,0.055643391545224116,0.0031927363523080593,0.0031927363523080593,0.0797174546454565,0.06638146171450339,-0.013335992930953111,0.008591776647931199,0.008591776647931199,0.036097634273959615,2662
4_0_27,0.16247696182562404,0.1629538002932516,0.000476838467627555,0.000476838467627555,0.1550004191572042,0.12499016241281898,-0.03001025674438522,0.0006606644257370113,0.0006606644257370113,0.03605636898322769,2663
28_1_6,0.1356660514164952,0.14303781363108062,0.007371762214585409,0.007371762214585409,0.1967410592630604,0.19318030315355503,-0.0035607561095053752,0.007986001548090005,0.007986001548090005,0.035928876435610255,2664
15_0_20,0.25566225210278243,0.248316496289053,-0.0073457558137294265,0.0073457558137294265,0.17828763231558328,0.17576805428477932,-0.002519578030803965,-0.008779800023013573,0.008779800023013573,0.03580614241598827,2665
14_2_13,0.14028669390838838,0.14754213074307346,0.007255436834685075,0.007255436834685075,0.1575032125866149,0.1589331086703084,0.0014298960836935104,0.009805290236960192,0.009805290236960192,0.0357765849865809,2666
19_0_30,0.057939781488531114,0.062350774285664365,0.004410992797133251,0.004410992797133251,0.08572789683638146,0.07879689520014065,-0.006931001636240816,0.010997500601400345,0.010997500601400345,0.035696514535249906,2667
29_0_23,0.11274131832445622,0.11765916119379602,0.0049178428693398,0.0049178428693398,0.14516918456780503,0.13479474692351182,-0.010374437644293216,0.007237929682637303,0.007237929682637303,0.035675537187671746,2668
26_0_7,0.1212142722246792,0.11950231563465126,-0.0017119565900279438,0.0017119565900279438,0.16921684437278797,0.19395813914102536,0.024741294768237387,-0.0021385680957863233,0.0021385680957863233,0.035669525493718345,2669
5_1_24,0.16124362318078478,0.16893058642539266,0.007686963244607881,0.007686963244607881,0.20066417413368864,0.20283892707059495,0.0021747529369063046,0.008153442242713676,0.008153442242713676,0.0354865549020814,2670
18_0_9,0.08392889909645296,0.08718603695356557,0.0032571378571126103,0.0032571378571126103,0.09991509497094232,0.0852838558726,-0.014631239098342325,0.006987392011394059,0.006987392011394059,0.0354666254722612,2671
14_1_4,0.2926771578199105,0.2967476763494402,0.004070518529529721,0.004070518529529721,0.21783832071034998,0.20161852383007278,-0.016219796880277193,0.003992963089602807,0.003992963089602807,0.035296737163118964,2672
8_0_16,0.1429257536608422,0.1394980680303265,-0.003427685630515709,0.003427685630515709,0.1530241383691945,0.1697125436992379,0.0166884053300434,-0.004744237512991657,0.004744237512991657,0.035087580858862835,2673
26_2_29,0.04674812898772645,0.04984635641354422,0.003098227425817772,0.003098227425817772,0.10030083757168536,0.11535463022526062,0.01505379265357526,0.006528054104880514,0.006528054104880514,0.03484733349276844,2674
1_0_16,0.14461890290056983,0.13830090420600932,-0.0063179986945605116,0.0063179986945605116,0.18875176114927866,0.18247736972822923,-0.006274391421049436,-0.007139211367009528,0.007139211367009528,0.034836558060816696,2675
17_2_16,0.1401355824142673,0.1412618092048034,0.0011262267905361167,0.0011262267905361167,0.17415226641856377,0.14780566359065936,-0.02634660282790441,0.0013864475823216753,0.0013864475823216753,0.034773157399650326,2676
23_1_23,0.04984595181902844,0.05173731333379471,0.0018913615147662655,0.0018913615147662655,0.08087006936112823,0.061022876529095924,-0.019847192832032304,0.005032408400404805,0.005032408400404805,0.03475205199021801,2677
5_2_27,0.1489450477998646,0.1422292164432448,-0.006715831356619795,0.006715831356619795,0.16723436359720187,0.17062881726582133,0.003394453668619457,-0.008543395238733419,0.008543395238733419,0.03469266210477972,2678
14_2_4,0.13115150648224996,0.13671205684966675,0.005560550367416789,0.005560550367416789,0.1513082563996469,0.14417818391311069,-0.007130072486536215,0.007843161528056423,0.007843161528056423,0.03467563004257328,2679
6_0_23,0.0470521510004942,0.04540567564945532,-0.00164647535103888,0.00164647535103888,0.09322122743430436,0.07130381945021294,-0.02191740798409142,-0.003798976680028487,0.003798976680028487,0.03465338569804619,2680
5_0_27,0.09175472591775179,0.0876235299658186,-0.004131195951933189,0.004131195951933189,0.1346866026449454,0.12244986198050044,-0.012236740664444953,-0.006559017124853476,0.006559017124853476,0.03460958885990031,2681
2_0_26,0.02561327253083843,0.025331761202343695,-0.00028151132849473653,0.00028151132849473653,0.05500135837917736,0.026427503394022035,-0.028573854985155328,-0.001110504379290555,0.001110504379290555,0.034526552046761784,2682
5_0_31,0.2066305696977294,0.1997073901904425,-0.006923179507286881,0.006923179507286881,0.18841080803591825,0.19196908864846263,0.0035582806125443733,-0.00781786757909661,0.00781786757909661,0.03443104095857699,2683
1_1_28,0.05492194182323961,0.053062716337874516,-0.0018592254853650944,0.0018592254853650944,0.09628594877871303,0.0756739133146083,-0.02061203546410474,-0.004150026000200561,0.004150026000200561,0.03427488038932773,2684
11_0_26,0.1602125909156407,0.15274654405081284,-0.007466046864827852,0.007466046864827852,0.19296325765105674,0.1945038306207262,0.0015405729696694737,-0.008236284805530281,0.008236284805530281,0.034269830239343886,2685
19_1_17,0.11243636913261187,0.10692749621508227,-0.005508872917529606,0.005508872917529606,0.13401796089584897,0.1283388033718635,-0.005679157523985456,-0.008770780517339585,0.008770780517339585,0.034208496822764334,2686
13_2_25,0.07987738890382787,0.07878576611075344,-0.001091622793074426,0.001091622793074426,0.10450046932027533,0.07965556610175202,-0.024844903218523312,-0.0022471139438243262,0.0022471139438243262,0.03420180508182268,2687
26_0_26,0.08264004700053212,0.08704767676929401,0.004407629768761884,0.004407629768761884,0.11475325567826056,0.10577677752508605,-0.00897647815317451,0.008208829011107952,0.008208829011107952,0.034044533632499124,2688
4_2_16,0.08476320527815938,0.08877429268160437,0.004011087403444996,0.004011087403444996,0.11916994730577526,0.1079779147324728,-0.011192032573302466,0.007198447108220812,0.007198447108220812,0.03400060900718406,2689
21_0_7,0.10821825496614572,0.1110037406308142,0.0027854856646684772,0.0027854856646684772,0.15114095636725464,0.13283293231129945,-0.01830802405595519,0.003946183721578969,0.003946183721578969,0.033984071900413186,2690
20_1_22,0.09287457359744558,0.09142406272687162,-0.0014505108705739622,0.0014505108705739622,0.11404100208893352,0.09099792653397075,-0.023043075554962766,-0.002732394942999143,0.002732394942999143,0.03386313752735797,2691
12_0_24,0.2671400703331221,0.26177228147985065,-0.005367788853271438,0.005367788853271438,0.13644208191889573,0.13056538295349082,-0.0058766989654049084,-0.008394615260106127,0.008394615260106127,0.03350323912957672,2692
16_0_1,0.05711321537786158,0.059432397573603045,0.0023191821957414677,0.0023191821957414677,0.08595058207487903,0.1027804426264438,0.016829860551564768,0.005688184954480334,0.005688184954480334,0.0334775489890702,2693
15_0_25,0.051271733590481636,0.05311984011676141,0.001848106526279772,0.001848106526279772,0.0776300318332834,0.09647660829611701,0.01884657646283361,0.005005287848042248,0.005005287848042248,0.03346430945155558,2694
24_2_7,0.04812253784262389,0.051498589929707475,0.0033760520870835878,0.0033760520870835878,0.07630153893975689,0.08544590895344449,0.009144370013687605,0.009365721982983253,0.009365721982983253,0.03298138772776733,2695
14_1_23,0.18145389747484292,0.1882664424000534,0.006812544925210495,0.006812544925210495,0.20193640528743242,0.19862910820192844,-0.0033072970855039796,0.007189777143610927,0.007189777143610927,0.032948698319400185,2696
20_2_0,0.07583280734881802,0.07751973611816738,0.0016869287693493662,0.0016869287693493662,0.09945360504019807,0.07905293506401916,-0.020400669976178912,0.0036442644718211845,0.0036442644718211845,0.03283763747061337,2697
11_2_31,0.07508851599609327,0.07686657924172599,0.001778063245632719,0.001778063245632719,0.1044347039685618,0.08436202900257904,-0.020072674965982765,0.003656100460601461,0.003656100460601461,0.03273996913760096,2698
3_0_22,0.20273214297238915,0.2024352120897654,-0.00029693088262375267,0.00029693088262375267,0.1803813933674241,0.1524840875867493,-0.027897305780674786,-0.00035296418112303377,0.00035296418112303377,0.03273432576766527,2699
5_2_1,0.08917785353997376,0.09192009924327289,0.0027422457032991315,0.0027422457032991315,0.09659436360439222,0.08213977867712134,-0.014454584927270878,0.006085894730437516,0.006085894730437516,0.03254817876952181,2700
3_1_21,0.16060399919100213,0.16583543066687484,0.005231431475872711,0.005231431475872711,0.15680844070357633,0.16367949668578619,0.006871055982209856,0.007089438174064064,0.007089438174064064,0.032394123659855854,2701
21_0_26,0.17318465675785005,0.17220003232898995,-0.0009846244288601036,0.0009846244288601036,0.15620138506854803,0.18083236586273477,0.02463098079418674,-0.0013316529085777673,0.0013316529085777673,0.03236452379594997,2702
25_0_6,0.08050074480308683,0.08387116984886948,0.003370425045782652,0.003370425045782652,0.11694157087490606,0.104441926965592,-0.01249964390931406,0.0061674511291816714,0.0061674511291816714,0.03221979649428544,2703
27_1_9,0.07953154447354552,0.08395377240816447,0.0044222279346189525,0.0044222279346189525,0.11445781833487804,0.12112966483386191,0.006671846498983863,0.008204264378422445,0.008204264378422445,0.03148063946851091,2704
5_0_25,0.08263599250387677,0.08174919243719642,-0.0008868000666803488,0.0008868000666803488,0.10574342898541861,0.08237506555014111,-0.023368363435277498,-0.0018028978351856979,0.0018028978351856979,0.03133415926246174,2705
5_0_0,0.05698823265352349,0.058815650944875064,0.0018274182913515721,0.0018274182913515721,0.08350576366735117,0.06612667309952903,-0.017379090567822136,0.004702223052806898,0.004702223052806898,0.03132270085123375,2706
24_0_4,0.08732260858705555,0.09295708859020396,0.005634480003148409,0.005634480003148409,0.1192270349914619,0.12033923958015218,0.0011122045886902826,0.010059099305235476,0.010059099305235476,0.031235726975387918,2707
28_0_23,0.3238913145453514,0.3252622262132777,0.0013709116679263,0.0013709116679263,0.198410385275716,0.17615071403568833,-0.022259671240027673,0.0014789089482234725,0.0014789089482234725,0.03098193640979123,2708
6_2_19,0.0494120073220997,0.04996285917182626,0.000550851849726558,0.000550851849726558,0.07867082937311996,0.054498259284825136,-0.024172570088294827,0.0015099486377637304,0.0015099486377637304,0.030884686163053284,2709
12_0_12,0.17768991666518008,0.18047880905845515,0.0027888923932750664,0.0027888923932750664,0.1611502338273433,0.17701049235605537,0.015860258528712062,0.003667486284097342,0.003667486284097342,0.03083927594354499,2710
2_1_5,0.10549242221494089,0.10663419422325704,0.0011417720083161526,0.0011417720083161526,0.14280221066893092,0.12047509988426629,-0.022327110784664636,0.0017145131588829556,0.0017145131588829556,0.030749511826510117,2711
29_1_28,0.2871143999381261,0.29297936411940456,0.005864964181278465,0.005864964181278465,0.17918867494912477,0.18305804689252111,0.0038693719433963436,0.00696288227881654,0.00696288227881654,0.030605917586896257,2712
20_2_31,0.10788774958907826,0.10373651673521596,-0.004151232853862305,0.004151232853862305,0.15604608407150058,0.14632364745258838,-0.0097224366189122,-0.005681524504476321,0.005681524504476321,0.030588490153309476,2713
7_1_3,0.13333681728249,0.1275085574434661,-0.005828259839023908,0.005828259839023908,0.18207799330325702,0.17796117460942662,-0.004116818693830404,-0.006823855780132095,0.006823855780132095,0.03058519112224803,2714
6_0_24,0.04013761812188052,0.04178011230560991,0.0016424941837293872,0.0016424941837293872,0.07796850155043233,0.0605976423776132,-0.017370859172819136,0.00452907224588565,0.00452907224588565,0.030550067631423504,2715
15_1_31,0.12023735707927266,0.12564558636668582,0.005408229287413163,0.005408229287413163,0.1674780218757872,0.16244045862984224,-0.005037563245944954,0.006886463375475724,0.006886463375475724,0.030534963602561263,2716
8_1_30,0.1052838019747958,0.11043332067968188,0.005149518704886086,0.005149518704886086,0.15337869277207744,0.15867645593730295,0.005297763165225511,0.007137741325030357,0.007137741325030357,0.030459198283399196,2717
18_1_31,0.12470213023439541,0.12490809795940343,0.0002059677250080133,0.0002059677250080133,0.16282477449512628,0.18894034285243685,0.026115568357310576,0.00026719025690252377,0.00026719025690252377,0.03034918054528587,2718
1_0_5,0.0395657861806256,0.03965937749435734,9.359131373173901e-05,9.359131373173901e-05,0.07966320294114938,0.053369849842170615,-0.026293353098978768,0.00025354143486229486,0.00025354143486229486,0.030215406888938142,2719
23_1_9,0.032835193339948984,0.03403817532122699,0.001202981981278009,0.001202981981278009,0.061940018320098066,0.043466087875708534,-0.01847393044438953,0.004186898560688923,0.004186898560688923,0.03007764997307611,2720
25_2_26,0.1547703730248468,0.15327269297957918,-0.0014976800452676242,0.0014976800452676242,0.14303547515137843,0.12285475880169723,-0.020180716349681202,-0.002243876485699841,0.002243876485699841,0.03007643506030316,2721
24_1_6,0.10663281052585491,0.10849772595665792,0.001864915430803013,0.001864915430803013,0.12836283180388272,0.11031461191005924,-0.018048219893823478,0.003113391742169735,0.003113391742169735,0.029932417037513086,2722
26_2_21,0.0858509199594711,0.0877506609788844,0.0018997410194133008,0.0018997410194133008,0.13986208427042332,0.1217389450950026,-0.018123139175420716,0.002909437273568947,0.002909437273568947,0.02982567253279417,2723
2_0_5,0.05212892693416684,0.05416017385037024,0.0020312469162033983,0.0020312469162033983,0.07926853430642104,0.06481382426850694,-0.014454710037914098,0.00550054434776053,0.00550054434776053,0.029727190205848006,2724
6_0_2,0.07758610031806494,0.08170676397133643,0.004120663653271489,0.004120663653271489,0.10573963156379944,0.10007501222920655,-0.005664619334592891,0.00831937979136215,0.00831937979136215,0.029663041144911882,2725
15_0_16,0.04262427629141574,0.04598314844400655,0.003358872152590807,0.003358872152590807,0.06668249338219957,0.0710531410076058,0.004370647625406232,0.010691954293868806,0.010691954293868806,0.029429080175858158,2726
25_0_29,0.09116545600824175,0.09534718165770613,0.004181725649464382,0.004181725649464382,0.13253485355638317,0.13978355440569204,0.00724870084930887,0.006701198276920357,0.006701198276920357,0.029328783391725552,2727
19_1_25,0.06921484907296832,0.06469084225344164,-0.00452400681952668,0.00452400681952668,0.09674626572204892,0.09449701880616693,-0.0022492469158819917,-0.009968708542071528,0.009968708542071528,0.029278036118324278,2728
24_2_29,0.10292788132985618,0.10827224143744515,0.005344360107588972,0.005344360107588972,0.12327907998718315,0.12431691280334563,0.0010378328161624734,0.009228025279263554,0.009228025279263554,0.02916214813837504,2729
0_1_16,0.11728627741356527,0.11544089385419376,-0.0018453835593715134,0.0018453835593715134,0.16930214272337932,0.18770168555096797,0.018399542827588655,-0.002308670178285367,0.002308670178285367,0.029134310812408696,2730
24_1_10,0.09300968463219193,0.09769733692970427,0.004687652297512335,0.004687652297512335,0.09510914421323628,0.09615930286522337,0.0010501586519870848,0.010489998742935769,0.010489998742935769,0.029122822488352504,2731
26_2_7,0.12062200979609101,0.11599059489508237,-0.004631414901008643,0.004631414901008643,0.17120455254797834,0.16409785112757777,-0.0071067014204005685,-0.005772037150771832,0.005772037150771832,0.029113081426395692,2732
22_2_24,0.05703447340170939,0.06085844959770405,0.0038239761959946578,0.0038239761959946578,0.10288006092710499,0.09651389339345404,-0.006366167533650949,0.007937973759107125,0.007937973759107125,0.029082585561560848,2733
13_2_24,0.08739412208230432,0.09230672944239007,0.004912607360085752,0.004912607360085752,0.1258626368345733,0.12899019377962403,0.0031275569450507357,0.00830187726846387,0.00830187726846387,0.028996968340137604,2734
26_2_4,0.05040195727211353,0.04807663524961531,-0.0023253220224982232,0.0023253220224982232,0.07986720850188313,0.06783335878493402,-0.01203384971694911,-0.0062416930025603005,0.0062416930025603005,0.02887129225705972,2735
16_1_23,0.12491885923459158,0.12360973868711364,-0.001309120547477935,0.001309120547477935,0.18765077089748874,0.16720844682912714,-0.020442324068361606,-0.0014930186215272535,0.0014930186215272535,0.02877981947800674,2736
13_1_0,0.10305417889037137,0.10474653959332458,0.0016923607029532134,0.0016923607029532134,0.13804705645214774,0.1203440909607513,-0.01770296549139644,0.0026257676672402563,0.0026257676672402563,0.028369181625003206,2737
11_1_24,0.10736033777271031,0.10853370033997023,0.0011733625672599168,0.0011733625672599168,0.15455101165349475,0.13457371544363722,-0.019977296209857526,0.001626186813261983,0.001626186813261983,0.02806368566662699,2738
24_2_31,0.06592709908800042,0.06656535749766172,0.0006382584096613075,0.0006382584096613075,0.08419908355407402,0.06308898913856088,-0.021110094415513134,0.0016314258511091458,0.0016314258511091458,0.027848856480274718,2739
28_0_0,0.13520847086465715,0.13054537101893166,-0.0046630998457254935,0.0046630998457254935,0.18473672498641433,0.17845164704529468,-0.0062850779411196545,-0.005383982163444561,0.005383982163444561,0.027726054330673204,2740
12_1_29,0.1347129679658994,0.12905816772228118,-0.005654800243618224,0.005654800243618224,0.18565075593262803,0.18798315263481852,0.0023323967021904868,-0.0064825493261511345,0.0064825493261511345,0.02760402696093818,2741
19_0_26,0.10442711574071051,0.10014065446743661,-0.004286461273273895,0.004286461273273895,0.1602577112319374,0.16698648668150945,0.006728775449572039,-0.0056843905118811565,0.0056843905118811565,0.027596294529217975,2742
3_1_28,0.06380585253453222,0.06585926169720958,0.0020534091626773637,0.0020534091626773637,0.10824070536197905,0.09398722588238563,-0.01425347947959342,0.004063834480041616,0.004063834480041616,0.027528058610903596,2743
17_1_28,0.02695199972633801,0.025852005796529166,-0.001099993929808845,0.001099993929808845,0.048781239335410044,0.03323956050806212,-0.015541678827347923,-0.0048645105929604774,0.0048645105929604774,0.027442614568073967,2744
14_2_30,0.1680241297876336,0.1709385805343271,0.0029144507466934977,0.0029144507466934977,0.22580850614580975,0.23904873993223938,0.013240233786429634,0.0027407278300760085,0.0027407278300760085,0.02692490454733211,2745
5_2_11,0.12292614166096255,0.11878556710267393,-0.004140574558288618,0.004140574558288618,0.18086395957044224,0.18829055230014644,0.007426592729704196,-0.004865575789974544,0.004865575789974544,0.026814826751070928,2746
10_1_17,0.046611745531062995,0.0438023177135667,-0.002809427817496296,0.002809427817496296,0.07097888722330814,0.06498508246566632,-0.005993804757641816,-0.008461511808977515,0.008461511808977515,0.02656123235146697,2747
11_1_21,0.13574559473005968,0.13059598330683742,-0.005149611423222261,0.005149611423222261,0.15286140294163506,0.15115211059394762,-0.0017092923476874355,-0.007177797691305994,0.007177797691305994,0.026470388252178387,2748
25_0_28,0.058815686770170766,0.05812336777241848,-0.0006923189977522878,0.0006923189977522878,0.09432277252352637,0.07451538231457847,-0.01980739020894791,-0.0015772732192551975,0.0015772732192551975,0.026454937901729488,2749
3_2_17,0.1990166865927753,0.20015492357802328,0.0011382369852479812,0.0011382369852479812,0.15997776535988031,0.1412496566437881,-0.018728108716092207,0.001523209457529634,0.001523209457529634,0.02641106126107868,2750
6_0_17,0.059559701417462294,0.06348465576146886,0.003924954344006568,0.003924954344006568,0.10017271989613898,0.09708477694100655,-0.0030879429551324278,0.008355920015774516,0.008355920015774516,0.026261335660986054,2751
9_1_22,0.19858732482031294,0.19525079730839082,-0.0033365275119221216,0.0033365275119221216,0.18168229288071874,0.17156412890047604,-0.010118163980242706,-0.003921001761344801,0.003921001761344801,0.026258900530891516,2752
0_2_16,0.08190698347249117,0.08461168498379532,0.0027047015113041417,0.0027047015113041417,0.10332679437576361,0.09375728510119874,-0.009569509274564875,0.005597958066540537,0.005597958066540537,0.026244432165941738,2753
3_1_10,0.11890453926658712,0.12076556707683346,0.0018610278102463435,0.0018610278102463435,0.126672269480309,0.11195449414396091,-0.014717775336348077,0.003145140112153454,0.003145140112153454,0.026211599125816998,2754
3_1_5,0.0780132381742881,0.07527469818385753,-0.002738539990430569,0.002738539990430569,0.1056225902652636,0.11508500345504291,0.009462413189779306,-0.005496981564518182,0.005496981564518182,0.026075525155374278,2755
5_2_24,0.11604555521773147,0.11831650068715449,0.0022709454694230247,0.0022709454694230247,0.16651711838832559,0.15278321340459772,-0.013733904983727868,0.0029152997515207494,0.0029152997515207494,0.025925520043289026,2756
10_0_28,0.06910042575504172,0.06703729738704631,-0.0020631283679954093,0.0020631283679954093,0.09349276964767556,0.1055047004163863,0.012011930768710738,-0.00466906272684812,0.00466906272684812,0.025885071760865803,2757
22_1_22,0.17963090507894677,0.17415946028577034,-0.005471444793176433,0.005471444793176433,0.17957914957623114,0.17836737226293725,-0.001211777313293888,-0.006490404900576488,0.006490404900576488,0.025837939426344145,2758
26_0_10,0.06321008167345578,0.06765078247669762,0.00444070080324184,0.00444070080324184,0.09985514327410255,0.09986838658958028,1.3243315477723394e-05,0.009470099867157456,0.009470099867157456,0.025817621648895065,2759
15_1_5,0.13101511785593406,0.12672793703747282,-0.004287180818461245,0.004287180818461245,0.19053708891785015,0.1965205756624932,0.005983486744643052,-0.00478436571125542,0.00478436571125542,0.025483621990047306,2760
19_0_25,0.08712830689466915,0.08264841973523424,-0.0044798871594349116,0.0044798871594349116,0.1271518842107008,0.12516764250810938,-0.001984241702591427,-0.0075084135008005376,0.0075084135008005376,0.025371895275949,2761
22_2_28,0.11303297242752797,0.11524552616813902,0.0022125537406110507,0.0022125537406110507,0.15582766009502988,0.1427353817469265,-0.013092278348103392,0.0030353861283239285,0.0030353861283239285,0.02520854520554711,2762
16_0_4,0.09297190252248078,0.09022232830366347,-0.0027495742188173022,0.0027495742188173022,0.12413974802547095,0.13378956031517303,0.009649812289702075,-0.004698744417113957,0.004698744417113957,0.025187435309664476,2763
27_0_15,0.12517658116480532,0.12996661989859418,0.0047900387337888595,0.0047900387337888595,0.17404907211789533,0.17105829067073094,-0.0029907814471643868,0.005865541956284649,0.005865541956284649,0.025049504338164722,2764
22_1_4,0.11416197975292727,0.11646987101919148,0.0023078912662642115,0.0023078912662642115,0.13686179626633121,0.12489647032827335,-0.011965325938057866,0.0036054702008477147,0.0036054702008477147,0.0250123466672545,2765
7_0_25,0.06311900393696745,0.06164908760144251,-0.0014699163355249428,0.0014699163355249428,0.09845195568863008,0.08394909329724337,-0.014502862391386706,-0.0032003856434131305,0.0032003856434131305,0.02495159416694993,2766
8_2_19,0.05873700091243582,0.061346252055828956,0.0026092511433931376,0.0026092511433931376,0.08677223525577621,0.07947585505718927,-0.007296380198586944,0.006428269951005055,0.006428269951005055,0.024589860170684028,2767
0_0_7,0.11057378335523739,0.10661060216397152,-0.003963181191265874,0.003963181191265874,0.155827250635198,0.1508123747426412,-0.005014875892556808,-0.00542432453601242,0.00542432453601242,0.024389864708539932,2768
5_2_30,0.13615057854206938,0.14173215791784483,0.005581579375775442,0.005581579375775442,0.20418811931080993,0.20466761719748783,0.00047949788667789317,0.005820581385077242,0.005820581385077242,0.024372486088742172,2769
7_0_13,0.04843649475769194,0.04801908518589952,-0.0004174095717924195,0.0004174095717924195,0.08840937668200848,0.06929753752209383,-0.019111839159914643,-0.001014808357730506,0.001014808357730506,0.024103983224694092,2770
5_1_5,0.2081314508880842,0.2124771930312587,0.004345742143174486,0.004345742143174486,0.1634635528401973,0.16694762980848185,0.0034840769682845385,0.00565570495868453,0.00565570495868453,0.02406358072453579,2771
13_2_0,0.06683362447011623,0.06562636239197593,-0.0012072620781403004,0.0012072620781403004,0.08857462813070602,0.07399791696233196,-0.014576711168374057,-0.002923695345105761,0.002923695345105761,0.02390708437075957,2772
26_2_1,0.02677116647080967,0.027956697625906135,0.0011855311550964635,0.0011855311550964635,0.06303857809700306,0.04999904097053762,-0.01303953712646544,0.004040809408556681,0.004040809408556681,0.023694933823972402,2773
11_2_11,0.2991548041567815,0.29721657244370836,-0.001938231713073113,0.001938231713073113,0.1563511730589868,0.1434365164093636,-0.012914656649623185,-0.002649980129443146,0.002649980129443146,0.02369388356277831,2774
16_2_16,0.11449210783351484,0.11357351703830029,-0.0009185907952145439,0.0009185907952145439,0.16245153325337652,0.14523681594960294,-0.01721471730377358,-0.0012099823199515744,0.0012099823199515744,0.02364580885637438,2775
26_1_16,0.03314547515671855,0.03164448416942123,-0.001500990987297321,0.001500990987297321,0.055760668608202835,0.04577028575193964,-0.009990382856263191,-0.005777479057025879,0.005777479057025879,0.023600234238209023,2776
19_0_4,0.03625208060193067,0.033841252990643285,-0.002410827611287386,0.002410827611287386,0.06995479642965191,0.0642405561112786,-0.005714240318373309,-0.007366462062434151,0.007366462062434151,0.02357855405514485,2777
0_0_10,0.13279100881833059,0.12932838171734298,-0.003462627100987603,0.003462627100987603,0.15403811270738924,0.14797809818563962,-0.006060014521749618,-0.004795868948373626,0.004795868948373626,0.023275716189005324,2778
27_0_16,0.1141088894514797,0.11654061312323746,0.0024317236717577573,0.0024317236717577573,0.1742421370934869,0.18512687412155704,0.010884737028070135,0.002962965848473014,0.002962965848473014,0.02323126097109651,2779
19_2_12,0.0788566745828282,0.07811179568586138,-0.0007448788969668246,0.0007448788969668246,0.09869784180134206,0.08199967914181623,-0.016698162659525825,-0.0016191977189830245,0.0016191977189830245,0.023156109431058423,2780
5_0_26,0.12745321120538283,0.13039777914834824,0.0029445679429654092,0.0029445679429654092,0.14210121421876443,0.13444696777482346,-0.007654246443940971,0.00442386552778061,0.00442386552778061,0.02309471903241524,2781
18_1_15,0.12116615325341536,0.12570580872673992,0.004539655473324564,0.004539655473324564,0.15995343441292453,0.16150141394987944,0.001547979536954902,0.006041100857898714,0.006041100857898714,0.022969822045190075,2782
23_2_15,0.045112765976385034,0.04343655822886939,-0.0016762077475156456,0.0016762077475156456,0.07684773333803101,0.06673238176178838,-0.010115351576242632,-0.004672461829233904,0.004672461829233904,0.022667416898194254,2783
27_0_20,0.09133458353345007,0.09171695872768541,0.0003823751942353404,0.0003823751942353404,0.09989588487316574,0.0817433715066479,-0.01815251336651784,0.00082163961431184,0.00082163961431184,0.02265070686875374,2784
22_1_8,0.10796865089894257,0.10496337397178426,-0.0030052769271583096,0.0030052769271583096,0.1272136159271847,0.12096754444285426,-0.006246071484330429,-0.005042359696851949,0.005042359696851949,0.022552974212546664,2785
6_1_4,0.0681625995252893,0.06727168874270004,-0.0008909107825892659,0.0008909107825892659,0.1040731346962193,0.0887295022165022,-0.015343632479717095,-0.0018349883045881217,0.0018349883045881217,0.022343707083685587,2786
7_1_25,0.06271664003035331,0.06415333091109562,0.0014366908807423168,0.0014366908807423168,0.09743493346079024,0.08512781292190011,-0.012307120538890132,0.003157935833309825,0.003157935833309825,0.02232281591235938,2787
19_0_12,0.11302646497709011,0.1114597987431398,-0.0015666662339503118,0.0015666662339503118,0.1603692594026954,0.1735950650072706,0.013225805604575203,-0.0020719604793980996,0.0020719604793980996,0.022185059306398965,2788
20_0_16,0.13864061381832077,0.1405868567351043,0.001946242916783525,0.001946242916783525,0.14288160554029156,0.131667132033102,-0.011214473507189543,0.002911251304055472,0.002911251304055472,0.022169431104873866,2789
27_2_30,0.1762677672466895,0.1757671865235275,-0.000500580723162003,0.000500580723162003,0.21434780241879275,0.2321640050703757,0.017816202651582957,-0.0004952992805379078,0.0004952992805379078,0.022140666726280813,2790
5_1_27,0.08300780582656551,0.08474488284795248,0.0017370770213869652,0.0017370770213869652,0.11871620250673943,0.10755082664501858,-0.011165375861720853,0.0031294223871827964,0.0031294223871827964,0.021836901018981808,2791
27_0_31,0.0946252013953564,0.09595341362027529,0.0013282122249188844,0.0013282122249188844,0.13348832033147065,0.14662031148556512,0.013131991154094469,0.002108602995670488,0.002108602995670488,0.021463004343551896,2792
2_0_10,0.09064466451948622,0.09110656541771964,0.0004619008982334194,0.0004619008982334194,0.139143408457264,0.12217330504223216,-0.016970103415031842,0.0007108258422242521,0.0007108258422242521,0.02138353733023421,2793
26_2_25,0.12718340736113265,0.12933761416382034,0.002154206802687686,0.002154206802687686,0.1852656230314358,0.1748786523747237,-0.010386970656712097,0.0024826575406845792,0.0024826575406845792,0.02121232282486448,2794
27_2_0,0.08535396734845534,0.08745554092834697,0.00210157357989163,0.00210157357989163,0.11676883616769969,0.1080778245212122,-0.008691011646487487,0.003845892888696855,0.003845892888696855,0.02108306407803131,2795
22_0_5,0.15051926440229033,0.1542900399330417,0.0037707755307513635,0.0037707755307513635,0.1597900069863959,0.16279977979863688,0.0030097728122409906,0.00502086382881375,0.00502086382881375,0.02101879768485654,2796
20_1_27,0.10156146827221113,0.1052748712544154,0.003713402982204267,0.003713402982204267,0.11237933437258654,0.11292958334541392,0.0005502489728273774,0.007035080932467312,0.007035080932467312,0.02093716371265865,2797
11_0_19,0.3226913431516142,0.3235372127789634,0.0008458696273492272,0.0008458696273492272,0.333291206524982,0.3174801413508299,-0.015811065174152095,0.000541670442552239,0.000541670442552239,0.020913184396346724,2798
22_1_25,0.1309436026778574,0.13539159526293337,0.004447992585075972,0.004447992585075972,0.1656562213450576,0.16591714372483488,0.00026092237977726196,0.005717580804802188,0.005717580804802188,0.02080379444388665,2799
20_1_30,0.13151571436541612,0.12782599880786588,-0.0036897155575502383,0.0036897155575502383,0.15668553736343716,0.15955322239418168,0.0028676850307445267,-0.005010402301315576,0.005010402301315576,0.02061665131643242,2800
12_2_28,0.24253225296299574,0.2466704185684443,0.004138165605448552,0.004138165605448552,0.14395270622881953,0.1442979221336575,0.0003452159048379644,0.006121050343182674,0.006121050343182674,0.02060197293657825,2801
3_2_31,0.15200332365329172,0.15312588176154507,0.0011225581082533465,0.0011225581082533465,0.21297150427482284,0.22696604752016755,0.013994543245344715,0.0011188804507413842,0.0011188804507413842,0.02045778906507163,2802
22_1_16,0.10801371420768305,0.10531187197852973,-0.0027018422291533173,0.0027018422291533173,0.14674612228196487,0.15308332265228225,0.006337200370317375,-0.0039126884312684525,0.0039126884312684525,0.020205869708597925,2803
11_1_26,0.07743693897100723,0.07587047023987331,-0.0015664687311339187,0.0015664687311339187,0.0909589906194599,0.08172970288001118,-0.009229287739448727,-0.0036844272342535004,0.0036844272342535004,0.01996189337629651,2804
24_0_29,0.11870888509524173,0.12144538956820457,0.0027365044729628363,0.0027365044729628363,0.14803486648402653,0.15391417091440993,0.0058793044303833975,0.003929058098335367,0.003929058098335367,0.01980992501109114,2805
4_2_31,0.06426883803005276,0.06589960895148857,0.0016307709214358063,0.0016307709214358063,0.09172340924763615,0.10054616671192829,0.008822757464292133,0.0037681693681426674,0.0037681693681426674,0.019802312530490983,2806
22_2_1,0.15417554160733007,0.1547050959461796,0.0005295543388495194,0.0005295543388495194,0.14984202969558644,0.1345551560274804,-0.015286873668106049,0.0007561082382748243,0.0007561082382748243,0.01973948538853549,2807
7_0_26,0.06989372059332832,0.07175991253584635,0.0018661919425180251,0.0018661919425180251,0.10208131438590647,0.11000668711063276,0.007925372724726293,0.0038782958442004213,0.0038782958442004213,0.01960617261125671,2808
3_0_2,0.06534477714163761,0.06499147055414828,-0.00035330658748933264,0.00035330658748933264,0.09849650344208824,0.08312075562648155,-0.015375747815606688,-0.0007691719734886401,0.0007691719734886401,0.019364321490454424,2809
13_2_7,0.08353287740375478,0.08166728817119814,-0.0018655892325566414,0.0018655892325566414,0.10608946297102538,0.11369776968663883,0.007608306715613453,-0.003731689893780883,0.003731689893780883,0.019039419034374096,2810
14_2_21,0.1071520055668857,0.11026144442829615,0.003109438861410449,0.003109438861410449,0.15660388677812806,0.1527742926749661,-0.0038295941031619707,0.004233225611331808,0.004233225611331808,0.01897468982799921,2811
10_2_1,0.10700965125071144,0.10599940499998746,-0.0010102462507239757,0.0010102462507239757,0.1543151596798216,0.16686008590524154,0.012544926225419945,-0.0013885815578801373,0.0013885815578801373,0.01889061556197083,2812
28_0_29,0.05512610378391965,0.05656042468740633,0.0014343209034866841,0.0014343209034866841,0.09713577185719904,0.08796711625287712,-0.009168655604321924,0.0031581198399000675,0.0031581198399000675,0.018778001665159333,2813
29_2_22,0.11651579058734321,0.11971555677890784,0.003199766191564632,0.003199766191564632,0.13779501481427095,0.13529406476873182,-0.00250095004553913,0.004949341104767257,0.004949341104767257,0.018743834841277434,2814
22_0_12,0.13295262279436615,0.13391852358500528,0.0009659007906391293,0.0009659007906391293,0.13467115301662622,0.12241215178246664,-0.012259001234159572,0.001533760233658993,0.001533760233658993,0.018649562519645675,2815
21_0_8,0.13501749728055723,0.13519481099946679,0.00017731371890955527,0.00017731371890955527,0.1868752863393788,0.17119279817906888,-0.015682488160309926,0.0002028407707761249,0.0002028407707761249,0.018415089724730976,2816
3_0_27,0.12910915378183815,0.12979919186997965,0.000690038088141498,0.000690038088141498,0.18392781702135874,0.17032330555231165,-0.013604511469047093,0.0008016768396900637,0.0008016768396900637,0.018356935811370625,2817
17_0_31,0.1400801753987302,0.13653405747382255,-0.003546117924907638,0.003546117924907638,0.19816586736420141,0.19547319659397502,-0.002692670770226391,-0.0038132576103646885,0.0038132576103646885,0.018321822948775948,2818
29_2_6,0.09239980957877755,0.09438750407731433,0.0019876944985367795,0.0019876944985367795,0.0946563510762566,0.08894210000879833,-0.005714251067458265,0.004484410671639423,0.004484410671639423,0.018311972997095027,2819
24_2_6,0.07817654702820036,0.07633618469417994,-0.0018403623340204206,0.0018403623340204206,0.10657786584330302,0.1131822425914335,0.006604376748130483,-0.0036661637973108155,0.0036661637973108155,0.017744075366850715,2820
23_2_6,0.0904743816876339,0.08992866771734331,-0.0005457139702905872,0.0005457139702905872,0.12818145122977742,0.11535759641487835,-0.012823854814899074,-0.0009107723857629319,0.0009107723857629319,0.017226859614389568,2821
25_0_27,0.07291272130236151,0.07346670809652737,0.0005539867941658644,0.0005539867941658644,0.10510248743701604,0.09298994611833951,-0.012112541318676534,0.0011283388801217485,0.0011283388801217485,0.016756147297416618,2822
3_1_25,0.07339642116966033,0.07236748679404845,-0.001028934375611884,0.001028934375611884,0.10746660006184279,0.0977054020718715,-0.009761197989971285,-0.0020474321769074055,0.0020474321769074055,0.016737413405623243,2823
20_1_7,0.13587306629062312,0.13529809611353588,-0.0005749701770872417,0.0005749701770872417,0.17718904206623595,0.16471472761065822,-0.012474314455577729,-0.0006932874124361945,0.0006932874124361945,0.01660679704675555,2824
9_1_25,0.11970437314947216,0.11975932901850155,5.495586902938554e-05,5.495586902938554e-05,0.11467482031938235,0.10024382568609769,-0.014430994633284663,0.00010263471283478101,0.00010263471283478101,0.016519356740642095,2825
26_2_30,0.06991118728820013,0.06761589876137296,-0.0022952885268271717,0.0022952885268271717,0.10714009530698068,0.11034921382688395,0.00320911851990327,-0.004555632117976558,0.004555632117976558,0.016450338845008367,2826
23_0_6,0.04274896287036549,0.04207060620542895,-0.0006783566649365413,0.0006783566649365413,0.0657719137717599,0.05570657517181369,-0.010065338599946204,-0.002211336273065514,0.002211336273065514,0.016330048661281397,2827
17_1_21,0.04488839561906066,0.04362707888805049,-0.0012613167310101744,0.0012613167310101744,0.06620262018716187,0.060120348603202166,-0.006082271583959707,-0.004074378896518511,0.004074378896518511,0.016110919632074495,2828
18_2_26,0.09841531058467307,0.09961730042186143,0.0012019898371883608,0.0012019898371883608,0.11056201197540513,0.10230532694045805,-0.008256685034947087,0.002323171420964121,0.002323171420964121,0.015916523137443298,2829
19_0_31,0.12185444483504185,0.12384392354414338,0.0019894787091015304,0.0019894787091015304,0.18812914907878237,0.18178231103117912,-0.006346838047603248,0.0022556141783084188,0.0022556141783084188,0.015874239182182413,2830
8_2_31,0.1372032934064982,0.1348651517684311,-0.002338141638067087,0.002338141638067087,0.19491002223664702,0.18985262516730084,-0.005057397069346187,-0.002557768423431238,0.002557768423431238,0.01582530120373195,2831
25_0_23,0.08307830676670586,0.08141879927030667,-0.0016595074963991902,0.0016595074963991902,0.1118892614830244,0.10601048951533354,-0.005878771967690863,-0.003166248245315647,0.003166248245315647,0.015711355174116128,2832
11_1_20,0.10097881642598588,0.09863970062145463,-0.00233911580453125,0.00233911580453125,0.1408113523451805,0.1375821346807068,-0.0032292176644737047,-0.003541411319887505,0.003541411319887505,0.015159688129508318,2833
28_2_27,0.08065036281787716,0.07858039395315447,-0.0020699688647226877,0.0020699688647226877,0.0895363560257842,0.08777095503296332,-0.0017654009928208814,-0.004927866654135018,0.004927866654135018,0.014718344079855552,2834
13_2_26,0.11423066203634484,0.11569696211138225,0.0014663000750374106,0.0014663000750374106,0.13117838799072365,0.12477576935118279,-0.0064026186395408635,0.0023858439446017912,0.0023858439446017912,0.01465553737190685,2835
26_0_25,0.15704801314453443,0.15682084809188598,-0.00022716505264844256,0.00022716505264844256,0.16323752053354995,0.15172823663179946,-0.011509283901750489,-0.00029732300072045603,0.00029732300072045603,0.01398352153803067,2836
24_2_20,0.1781199921167087,0.17844077753194168,0.000320785415232977,0.000320785415232977,0.16972394073484298,0.15890920075371937,-0.010814739981123617,0.0004036888173975258,0.0004036888173975258,0.01361340925472945,2837
14_0_27,0.10117973388634727,0.10248782606928968,0.001308092182942408,0.001308092182942408,0.1374190396742343,0.13134346734328492,-0.00607557233094938,0.0020313381113729275,0.0020313381113729275,0.013341524811606826,2838
12_1_1,0.25591107398993673,0.2530491996328484,-0.0028618743570883454,0.0028618743570883454,0.17943222071057874,0.1798093669814751,0.0003771462708963558,-0.003396251316489952,0.003396251316489952,0.01320341909858309,2839
2_2_29,0.11736807406046644,0.11491380708531225,-0.00245426697515419,0.00245426697515419,0.1667124812529179,0.1682533825902187,0.0015409013373007818,-0.003133684803127695,0.003133684803127695,0.013001541450568813,2840
21_0_9,0.17823738242302548,0.17952764440084476,0.0012902619778192848,0.0012902619778192848,0.14233955643461088,0.13651834340246852,-0.005821213032142364,0.0019340925104628702,0.0019340925104628702,0.01286708974772191,2841
12_1_2,0.15362324070235128,0.15594693244350602,0.0023236917411547375,0.0023236917411547375,0.15057896510276744,0.14909648685918211,-0.0014824782435853279,0.003287836857956871,0.003287836857956871,0.012788065823563653,2842
12_2_17,0.19862118372261392,0.19731470619272612,-0.0013064775298878006,0.0013064775298878006,0.16215880155411738,0.15628278079311375,-0.005876020761003631,-0.0017186741390877445,0.0017186741390877445,0.01266929094390085,2843
2_0_17,0.08959276630825665,0.09029314409252234,0.0007003777842656961,0.0007003777842656961,0.1290560615589698,0.12158967412809675,-0.007466387430873037,0.0011588155988808558,0.0011588155988808558,0.011971238541284457,2844
29_0_31,0.16069262830971123,0.16188757327716297,0.0011949449674517332,0.0011949449674517332,0.20393361218658923,0.1978623406630159,-0.0060712715235733405,0.001249573544504895,0.001249573544504895,0.011912661797638524,2845
26_0_28,0.08246257785058786,0.08340002535010228,0.0009374474995144239,0.0009374474995144239,0.1286129474698336,0.1346573183952452,0.006044370925411602,0.0015486916510154673,0.0015486916510154673,0.011584347700454628,2846
27_1_24,0.06246098883422891,0.06118091144321021,-0.001280077391018701,0.001280077391018701,0.09478887311420602,0.09814630867096169,0.003357435556755675,-0.0028709694483567364,0.0028709694483567364,0.011387389733502621,2847
13_2_6,0.0939879393102183,0.09564522271500624,0.0016572834047879348,0.0016572834047879348,0.11593483223948443,0.11812509042502926,0.00219025818554483,0.003041462754223377,0.003041462754223377,0.011369847437076107,2848
8_2_5,0.14772826027381109,0.1480655032756139,0.00033724300180282274,0.00033724300180282274,0.20784567915477536,0.21622452269785392,0.008378843543078551,0.00034486473220211866,0.00034486473220211866,0.010829901604928981,2849
10_1_6,0.07469945330620663,0.0743445065740476,-0.0003549467321590227,0.0003549467321590227,0.11493400761733776,0.10704507995916246,-0.007888927658175296,-0.0006597590648628553,0.0006597590648628553,0.010773042841099704,2850
9_1_12,0.10680903360144817,0.10890516450165691,0.0020961309002087425,0.0020961309002087425,0.13421939563346727,0.13418777329029713,-3.162234317014012e-05,0.0033258395561519653,0.0033258395561519653,0.010568476396758288,2851
10_1_5,0.07819412872732519,0.07938542644562059,0.0011912977182954032,0.0011912977182954032,0.10053782121579406,0.0973830042826908,-0.003154816933103266,0.0025271141780131233,0.0025271141780131233,0.010423287261000235,2852
15_1_23,0.08162956866600635,0.08255011145970308,0.0009205427936967298,0.0009205427936967298,0.11048649605321667,0.11524335959718285,0.004756863543966178,0.001770606908282575,0.001770606908282575,0.010399618837904124,2853
19_1_28,0.06742289782706296,0.06773711781688276,0.00031421998981980004,0.00031421998981980004,0.10913196156890105,0.11623201236115488,0.007100050792253829,0.0006112131039633843,0.0006112131039633843,0.009700770453788431,2854
17_1_18,0.16319574881556373,0.1648691654684032,0.00167341665283946,0.00167341665283946,0.19499396637606786,0.19289354895078514,-0.002100417425282719,0.0018285193890695945,0.0018285193890695945,0.009596257008456826,2855
5_1_9,0.09314596504309026,0.09469829283272092,0.0015523277896306586,0.0015523277896306586,0.1242641725931897,0.12296205290124834,-0.0013021196919413558,0.002661627909187755,0.002661627909187755,0.00953658885707104,2856
12_2_0,0.03313317868181008,0.033968123206894005,0.0008349445250839249,0.0008349445250839249,0.0626476677577942,0.06546113195766061,0.002813464199866403,0.0028320383806199026,0.0028320383806199026,0.009471665520544592,2857
0_0_24,0.10876434714925322,0.10926648311592908,0.0005021359666758651,0.0005021359666758651,0.14534542764996972,0.1395434880829039,-0.005801939567065817,0.0007370994929338846,0.0007370994929338846,0.008942037382743025,2858
2_0_2,0.12856048631445532,0.12994807444519002,0.001387588130734696,0.001387588130734696,0.17531012882765207,0.1776507180943794,0.0023405892667273387,0.0016844994681122728,0.0016844994681122728,0.008862189233710262,2859
15_1_26,0.053964150522070986,0.05490661057808075,0.0009424600560097654,0.0009424600560097654,0.07619396987870962,0.07800694781392953,0.0018129779352199088,0.002631111088902773,0.002631111088902773,0.008360435039657308,2860
28_2_7,0.10074881225691992,0.1011284092543507,0.0003795969974307728,0.0003795969974307728,0.13444514128980117,0.1399139796602172,0.005468838370416035,0.0006000903371333272,0.0006000903371333272,0.00802911745362995,2861
2_0_1,0.05216790092355187,0.05145102507859213,-0.0007168758449597398,0.0007168758449597398,0.08437599792317318,0.08731149359126325,0.0029354956680900657,-0.001806297330292844,0.001806297330292844,0.007825977757563399,2862
2_2_7,0.12832976984376887,0.12882322655617592,0.0004934567124070532,0.0004934567124070532,0.1453646514268474,0.14995648543762524,0.00459183401077784,0.0007218106144928134,0.0007218106144928134,0.007531745964744409,2863
24_1_18,0.10977454859283299,0.11120998545439534,0.0014354368615623475,0.0014354368615623475,0.14655827367743038,0.14613435013818749,-0.00042392353924289305,0.0020860670007950043,0.0020860670007950043,0.007403951077705107,2864
11_1_6,0.11420897753777524,0.11293638053516544,-0.0012725970026098016,0.0012725970026098016,0.12233023749745539,0.12210050419562916,-0.00022973330182622653,-0.0022155957280200317,0.0022155957280200317,0.0069121313781700545,2865
25_0_11,0.10962217946115463,0.11081099098962566,0.0011888115284710288,0.0011888115284710288,0.1388265832306397,0.13935931024414017,0.0005327270135004614,0.0018232904502796818,0.0018232904502796818,0.006463466776428799,2866
20_2_21,0.11564153378857445,0.11488491407388339,-0.0007566197146910564,0.0007566197146910564,0.1520943000528141,0.1499431629391396,-0.0021511371136745117,-0.0010601096694374899,0.0010601096694374899,0.005996436752456896,2867
6_0_10,0.0937323918288449,0.09403385532639053,0.0003014634975456315,0.0003014634975456315,0.12363012324556433,0.11978314255459596,-0.0038469806909683657,0.0005200444997974624,0.0005200444997974624,0.005868287947186749,2868
5_2_29,0.10660696214834398,0.10563967385447674,-0.0009672882938672328,0.0009672882938672328,0.14385055874480224,0.14285958646222047,-0.0009909722825817702,-0.0014324572153395546,0.0014324572153395546,0.005805969756064162,2869
16_2_17,0.08334073147073796,0.08227894529212759,-0.0010617861786103716,0.0010617861786103716,0.12039959746255773,0.12058935864750231,0.00018976118494458405,-0.0018779081735724006,0.0018779081735724006,0.00579819420063216,2870
2_1_25,0.08308064189809711,0.08242598674156065,-0.0006546551565364545,0.0006546551565364545,0.11102011806933317,0.1096440227548484,-0.0013760953144847654,-0.0012564961628718206,0.0012564961628718206,0.0051149888155955225,2871
14_1_9,0.08222591024827006,0.08215263789917612,-7.327234909393354e-05,7.327234909393354e-05,0.11619012564467081,0.11202991710352046,-0.004160208541150345,-0.000134522531924456,0.000134522531924456,0.005036128910121469,2872
28_1_28,0.037256876325838385,0.03727589954037237,1.9023214533987753e-05,1.9023214533987753e-05,0.0632844894924025,0.06727276403360816,0.003988274541205664,6.381783658594263e-05,6.381783658594263e-05,0.004590155810673268,2873
17_1_4,0.18010238043750768,0.17933736312689902,-0.0007650173106086566,0.0007650173106086566,0.17555931769680813,0.17638872716960213,0.0008294094727940016,-0.0009277799481968827,0.0009277799481968827,0.004342421080487106,2874
10_1_28,0.1204578575177977,0.12062976692476635,0.0001719094069686511,0.0001719094069686511,0.14428702523287387,0.14731335424956526,0.0030263290166913925,0.0002534721099986078,0.0002534721099986078,0.0042025673031012315,2875
15_2_21,0.06298178669073148,0.06305249522224478,7.070853151329437e-05,7.070853151329437e-05,0.0962703079174084,0.09291107224691177,-0.0033592356704966325,0.00015666982281174627,0.00015666982281174627,0.004157255426679543,2876
20_2_30,0.13167528974198653,0.13115669487807619,-0.0005185948639103433,0.0005185948639103433,0.16624355267604526,0.16514302507461265,-0.001100527601432616,-0.0006645313934247912,0.0006645313934247912,0.003584837124460575,2877
5_2_14,0.1463888773559943,0.1465037589999209,0.0001148816439266176,0.0001148816439266176,0.2049291137647592,0.20215308381311178,-0.002776029951647413,0.00011945961405583417,0.00011945961405583417,0.0035708134838293563,2878
4_1_25,0.10475706210954452,0.10483435348631295,7.729137676842912e-05,7.729137676842912e-05,0.11309910910623971,0.11244177063550911,-0.0006573384707306007,0.00014557521460209982,0.00014557521460209982,0.0011137618228948608,2879
24_2_14,0.0755291255444175,0.07552082510647919,-8.300437938313365e-06,8.300437938313365e-06,0.0986301058115573,0.09828293271709977,-0.0003471730944575313,-1.7925029941413385e-05,1.7925029941413385e-05,0.0003899992867661608,2880
